id,text_hash,text_content,language,provider,minio_key,file_size,duration_seconds,created_at,last_accessed,access_count
143,b984df3b593f768e7a982d6768edb780afc758166d11e772de6dbf6a43c1413f,To Be,en-US,gtts,content/verbs/level_1/word/to-be_b984df3b.mp3,6336,,2025-12-16 02:44:48.921524+00,2025-12-16 02:45:55.35412+00,1
144,9a2e228f1d93a6fe9f417d7d06a37510d1cd1b9e9903e50eb9cd54ca2f2a3c63,To Have,en-US,gtts,content/verbs/level_1/word/to-have_9a2e228f.mp3,6720,,2025-12-16 02:44:49.590853+00,2025-12-16 02:44:49.590853+00,0
145,5f3a28be54576a76bbff7a34a24352df98616a320eaa1bd7653a139aca8d2779,To Do,en-US,gtts,content/verbs/level_1/word/to-do_5f3a28be.mp3,6528,,2025-12-16 02:44:50.217566+00,2025-12-16 02:44:50.217566+00,0
146,15408ff4d9708407792a28bd9a19d02cfbd3c16c73d42eb49dc365d47f0fe193,To Say,en-US,gtts,content/verbs/level_1/word/to-say_15408ff4.mp3,6912,,2025-12-16 02:44:50.770522+00,2025-12-16 02:44:50.770522+00,0
147,fdd91fc07757e934c85409bc2164ab01bf1fffb3d48040253846dcb098e4f391,To Go,en-US,gtts,content/verbs/level_1/word/to-go_fdd91fc0.mp3,6720,,2025-12-16 02:44:51.353339+00,2025-12-16 02:44:51.353339+00,0
148,600b0a197cb590ffb3ad8e2cb0779a2959cceb33e8801c7ecb10a5db1e4a0539,To Get,en-US,gtts,content/verbs/level_1/word/to-get_600b0a19.mp3,5952,,2025-12-16 02:44:51.990763+00,2025-12-16 02:44:51.990763+00,0
149,938038c4bbe81a093e4416962846caa5c704036a681894ac800d1d9026078962,To Make,en-US,gtts,content/verbs/level_1/word/to-make_938038c4.mp3,6528,,2025-12-16 02:44:52.934882+00,2025-12-16 02:44:52.934882+00,0
150,0d8ce5de984068d1c077a0e95d00807a1601d18ff95c2d341d16ac83f3988a86,To Know,en-US,gtts,content/verbs/level_1/word/to-know_0d8ce5de.mp3,6720,,2025-12-16 02:44:53.496444+00,2025-12-16 02:44:53.496444+00,0
151,54b99023e35c6363689620e8605be368877bca5a34e2d61f42faa3408b960a2f,To Think,en-US,gtts,content/verbs/level_1/word/to-think_54b99023.mp3,6912,,2025-12-16 02:44:54.165994+00,2025-12-16 02:44:54.165994+00,0
152,69d92bc1c2cea114ecc498107e272b6a351e798730aed4ccc45d11b6a067a8f6,To Take,en-US,gtts,content/verbs/level_1/word/to-take_69d92bc1.mp3,6912,,2025-12-16 02:44:54.75269+00,2025-12-16 02:44:54.75269+00,0
153,d708e7acae831c81c33199860e3bc90e7bdc8d0b9f83cd12f6fdd540edb30cab,To See,en-US,gtts,content/verbs/level_1/word/to-see_d708e7ac.mp3,7104,,2025-12-16 02:44:55.338632+00,2025-12-16 02:44:55.338632+00,0
154,47e793fb54dce14cfab712853660044f1456bdf7e3c98e07f9ab01575e748b12,To Come,en-US,gtts,content/verbs/level_1/word/to-come_47e793fb.mp3,7104,,2025-12-16 02:44:55.986941+00,2025-12-16 02:44:55.986941+00,0
155,e3b49a041d365dc0f55fe629d9314f4976cd35eab1249f1283ac25ec5fe9e6ac,To Want,en-US,gtts,content/verbs/level_1/word/to-want_e3b49a04.mp3,6720,,2025-12-16 02:44:56.570121+00,2025-12-16 02:44:56.570121+00,0
156,ea547f522b79f002d91ea9afbd40474b0015078c16ea5b1756aa99033f3a0280,To Look,en-US,gtts,content/verbs/level_1/word/to-look_ea547f52.mp3,6528,,2025-12-16 02:44:57.19616+00,2025-12-16 02:44:57.19616+00,0
157,f31a06fc17828cbddafef006612f22f4366aa7fe087e6d16667194665b529ab4,To Use,en-US,gtts,content/verbs/level_1/word/to-use_f31a06fc.mp3,8448,,2025-12-16 02:44:57.771101+00,2025-12-16 02:44:57.771101+00,0
158,e74754b7801e17fe7757bb8a172db9d20bb5e86c4c2dbc2b363a6367750af35e,To Find,en-US,gtts,content/verbs/level_1/word/to-find_e74754b7.mp3,7680,,2025-12-16 02:44:58.646273+00,2025-12-16 02:44:58.646273+00,0
159,d9eb389010dc2fe8f496305faa3c2eda87654abd6ed0d3eea9c0be450457b595,To Give,en-US,gtts,content/verbs/level_1/word/to-give_d9eb3890.mp3,6336,,2025-12-16 02:44:59.222937+00,2025-12-16 02:44:59.222937+00,0
160,eb8c0853cff3ad040442bae3ff6afdcdfa54b2f57562b159884ceaea79664e18,To Tell,en-US,gtts,content/verbs/level_1/word/to-tell_eb8c0853.mp3,6912,,2025-12-16 02:44:59.839158+00,2025-12-16 02:44:59.839158+00,0
161,21c6a1326873c0e567583a72e780fb40b5ea9862053f1db2a6873dd7d5e9c2d6,To Work,en-US,gtts,content/verbs/level_1/word/to-work_21c6a132.mp3,7488,,2025-12-16 02:45:00.406294+00,2025-12-16 02:45:00.406294+00,0
162,3a6434906a6efbe78f65b257017a58aaf245987582b756898067a653b4ba76c6,To Call,en-US,gtts,content/verbs/level_1/word/to-call_3a643490.mp3,6912,,2025-12-16 02:45:00.950553+00,2025-12-16 02:45:00.950553+00,0
163,9de604893fe555e7a5d37831021e1969b11a60fcb064956f94af298cc00b5c56,To Try,en-US,gtts,content/verbs/level_1/word/to-try_9de60489.mp3,6912,,2025-12-16 02:45:01.525506+00,2025-12-16 02:45:01.525506+00,0
164,e24f4f91d402c178594465673a65490112b0005f85ac1ff764bfaf93b7502fd8,To Ask,en-US,gtts,content/verbs/level_1/word/to-ask_e24f4f91.mp3,7488,,2025-12-16 02:45:02.108723+00,2025-12-16 02:45:02.108723+00,0
165,f7e07fdd4cdc5d3ab42b02ec8230d19c1fad24655141852f015fcdfaa26cce41,To Need,en-US,gtts,content/verbs/level_1/word/to-need_f7e07fdd.mp3,6912,,2025-12-16 02:45:02.665659+00,2025-12-16 02:45:02.665659+00,0
166,c7126b50e5b4f269ca2abe6b8372f42a426bafc7c390ea13d4b16f256b166deb,To Feel,en-US,gtts,content/verbs/level_1/word/to-feel_c7126b50.mp3,7104,,2025-12-16 02:45:03.495104+00,2025-12-16 02:45:03.495104+00,0
167,a81f41425d828695cd4ea6c1c434281e85808d3c75fa5a534ad4d8f5edf0afdc,To Become,en-US,gtts,content/verbs/level_1/word/to-become_a81f4142.mp3,8448,,2025-12-16 02:45:04.117155+00,2025-12-16 02:45:04.117155+00,0
168,4772da63e0fb34acd2fe20299ffb1c29c7e5f781f928d5410eb73768edd568e8,To Leave,en-US,gtts,content/verbs/level_1/word/to-leave_4772da63.mp3,6912,,2025-12-16 02:45:04.741449+00,2025-12-16 02:45:04.741449+00,0
169,67d5c9eea0f3a360d6fd8f64b3c89a3474f055d80ee7d81cfeee51ef867e80cf,To Put,en-US,gtts,content/verbs/level_1/word/to-put_67d5c9ee.mp3,6144,,2025-12-16 02:45:05.376462+00,2025-12-16 02:45:05.376462+00,0
170,b7d906f65ed56c8386975b364e2ea09872375ccf1a24a269a11008e4560a5e3a,To Mean,en-US,gtts,content/verbs/level_1/word/to-mean_b7d906f6.mp3,7104,,2025-12-16 02:45:06.065164+00,2025-12-16 02:45:06.065164+00,0
171,16417a5f7b79948b2fc9e7ed10a0de0be44d37e937aac7a44ed10235dbb9ab78,To Keep,en-US,gtts,content/verbs/level_1/word/to-keep_16417a5f.mp3,6720,,2025-12-16 02:45:06.60978+00,2025-12-16 02:45:06.60978+00,0
172,e9733e8ce0f69af9cc54516d2ddbd220d3ca874f3ed6aa09b11a22705f2089a2,To Let,en-US,gtts,content/verbs/level_1/word/to-let_e9733e8c.mp3,5760,,2025-12-16 02:45:07.182215+00,2025-12-16 02:45:07.182215+00,0
173,7ef0aa762d6ce760a437131aaa95e74d6b597c3e2edf4a19d7af64cc017f7493,To Begin,en-US,gtts,content/verbs/level_1/word/to-begin_7ef0aa76.mp3,8064,,2025-12-16 02:45:07.776252+00,2025-12-16 02:45:07.776252+00,0
174,dd60dfcdbb7bf832cf9da8459913ba47314b4b8616acbf2a33d1af3b7c3774ca,To Seem,en-US,gtts,content/verbs/level_1/word/to-seem_dd60dfcd.mp3,7488,,2025-12-16 02:45:08.363707+00,2025-12-16 02:45:08.363707+00,0
175,ad32b08be7dee315e03b531cabf20381f5a6cf8b794f7653a4c3d6338b0c414c,To Help,en-US,gtts,content/verbs/level_1/word/to-help_ad32b08b.mp3,6528,,2025-12-16 02:45:08.940412+00,2025-12-16 02:45:08.940412+00,0
176,3d8b46385f12bb729784dd21336aaad8b190d122928346d565b23d6bcdc0918d,To Talk,en-US,gtts,content/verbs/level_1/word/to-talk_3d8b4638.mp3,6912,,2025-12-16 02:45:09.812832+00,2025-12-16 02:45:09.812832+00,0
177,a3b727fbf3164216359c453e1c2922319578f7a2e8a47ef056dfff314e48692b,To Turn,en-US,gtts,content/verbs/level_1/word/to-turn_a3b727fb.mp3,7104,,2025-12-16 02:45:10.398207+00,2025-12-16 02:45:10.398207+00,0
178,6de247349e0925ced4a9250a4acf4a21398a96b6f79cb6fa667fc1986a577170,To Start,en-US,gtts,content/verbs/level_1/word/to-start_6de24734.mp3,7104,,2025-12-16 02:45:10.996799+00,2025-12-16 02:45:10.996799+00,0
179,058ac06a495391d169902015d904d7b8d3dfe039d72c05036a3a4cba0506cb33,To Show,en-US,gtts,content/verbs/level_1/word/to-show_058ac06a.mp3,7104,,2025-12-16 02:45:11.639121+00,2025-12-16 02:45:11.639121+00,0
180,397d81a56a0282de9dac0a1cdf88a2464c8e2819e1d0812165feab28ae939fd3,To Hear,en-US,gtts,content/verbs/level_1/word/to-hear_397d81a5.mp3,6912,,2025-12-16 02:45:12.326893+00,2025-12-16 02:45:12.326893+00,0
181,2d1d9a00a967f2c463b6eb2eeaf867e88ab1b4aef022558ea6cfd12044738bd6,To Play,en-US,gtts,content/verbs/level_1/word/to-play_2d1d9a00.mp3,7104,,2025-12-16 02:45:12.886616+00,2025-12-16 02:45:12.886616+00,0
182,819a5431d86d6b16f250a057fc91cb3cc2e90bf467afcc211258684c7db47c13,To Run,en-US,gtts,content/verbs/level_1/word/to-run_819a5431.mp3,6912,,2025-12-16 02:45:13.454439+00,2025-12-16 02:45:13.454439+00,0
183,f8abb8defcb8fba8f1e8138a6e7dd8c9f858c77f96371c0f6b14b6c01b704cf4,To Move,en-US,gtts,content/verbs/level_1/word/to-move_f8abb8de.mp3,6912,,2025-12-16 02:45:14.065707+00,2025-12-16 02:45:14.065707+00,0
184,e9d860f594ded5612447df5f29e8e3482361656cc832e5a4123c17d070516cfe,To Live,en-US,gtts,content/verbs/level_1/word/to-live_e9d860f5.mp3,6912,,2025-12-16 02:45:15.012182+00,2025-12-16 02:45:15.012182+00,0
185,098ad4c827821e9e119e65a380bafd40f7dfad7d6a775150b685d2812f75431d,To Believe,en-US,gtts,content/verbs/level_1/word/to-believe_098ad4c8.mp3,7872,,2025-12-16 02:45:15.582893+00,2025-12-16 02:45:15.582893+00,0
186,ec84cd9317d88a3dd33fff881c7f4afc2b5f6550a9273a03ccc23f99e7c442c9,To Hold,en-US,gtts,content/verbs/level_1/word/to-hold_ec84cd93.mp3,7296,,2025-12-16 02:45:16.482792+00,2025-12-16 02:45:16.482792+00,0
187,bc6e2bf89d839d3f8b7c8fcf9cd73a6b65635f07db08fe0d15cf4e4a0ce344ab,To Bring,en-US,gtts,content/verbs/level_1/word/to-bring_bc6e2bf8.mp3,7104,,2025-12-16 02:45:17.031728+00,2025-12-16 02:45:17.031728+00,0
188,dfa33821e121bcf9279b2d29f492435234c2f1b45abc232449ba928972349e20,To Happen,en-US,gtts,content/verbs/level_1/word/to-happen_dfa33821.mp3,7872,,2025-12-16 02:45:17.617541+00,2025-12-16 02:45:17.617541+00,0
189,3b5931e81044d048ef537190fd644e198e57a6c8869eeece50c8944802d1274a,To Write,en-US,gtts,content/verbs/level_1/word/to-write_3b5931e8.mp3,6336,,2025-12-16 02:45:18.255882+00,2025-12-16 02:45:18.255882+00,0
190,6b0e963ddb1ac6a890d4cfc57f24957a9bc26767c34320d68ea127a04c8c0073,To Sit,en-US,gtts,content/verbs/level_1/word/to-sit_6b0e963d.mp3,6336,,2025-12-16 02:45:18.796108+00,2025-12-16 02:45:18.796108+00,0
191,d271ccfb16a87a5fe292303e007ab95374473b44a26e49d230d18dce4a7746f0,To Stand,en-US,gtts,content/verbs/level_1/word/to-stand_d271ccfb.mp3,8064,,2025-12-16 02:45:19.361023+00,2025-12-16 02:45:19.361023+00,0
192,dec925aeac7893e3c3d3b641cb5deacdc549168def7ee8d7a325d6e7a2d45727,To Lose,en-US,gtts,content/verbs/level_1/word/to-lose_dec925ae.mp3,8832,,2025-12-16 02:45:19.999233+00,2025-12-16 02:45:19.999233+00,0
193,c74c8bd8c030beba03427bfa95ddfac81e7a7ce90cba4a103f7c66f86321f309,Diagnose,en-US,gtts,global/dictionary/d/diagnose.mp3,10560,,2025-12-16 03:21:55.328717+00,2025-12-16 03:22:28.990161+00,1
194,61f5d8ba8de241cb4be354592b8dc443f50fbdd8d0e423806ee83be51b8824e2,Troubleshoot,en-US,gtts,global/dictionary/t/troubleshoot.mp3,8832,,2025-12-16 03:21:56.358992+00,2025-12-16 03:21:56.358992+00,0
195,31cbfeea0c7cb3337b75da829b96d2d58cacfd9ed0e531f88c77259d8dbd3f84,Monitor,en-US,gtts,global/dictionary/m/monitor.mp3,8256,,2025-12-16 03:21:57.279149+00,2025-12-16 03:21:57.279149+00,0
196,bf363adda25027ab9907e72c293a99fab053637ad3824bd5ae4dcde45606bc24,Analyze,en-US,gtts,global/dictionary/a/analyze.mp3,9408,,2025-12-16 03:21:58.197117+00,2025-12-16 03:21:58.197117+00,0
197,79519db598f70f68d65c3fdaa5bea24753a496b6d840a2c27681115bc9c31205,Test,en-US,gtts,global/dictionary/t/test.mp3,7104,,2025-12-16 03:21:59.138901+00,2025-12-16 03:21:59.138901+00,0
198,592a9d74542772e32ed7f52b794325a9d159b9fa690095e6e91a17ff5ce26bf9,Good,en-US,gtts,global/dictionary/g/good.mp3,5376,,2025-12-16 03:33:28.212663+00,2025-12-16 03:33:28.212663+00,0
199,4f05e998e6e629170d5c0340a5f89517177ccc1053933cd2d9f777a3f570de6f,Bad,en-US,gtts,global/dictionary/b/bad.mp3,5952,,2025-12-16 03:33:28.962215+00,2025-12-16 03:33:28.962215+00,0
200,b21d55a51ada396d2f23ff660fd89a7533256cefa6616b0a81518d4f22777be0,Happy,en-US,gtts,global/dictionary/h/happy.mp3,6912,,2025-12-16 03:33:29.614508+00,2025-12-16 03:33:29.614508+00,0
201,075a9eb533b192171aadf4a207502f74a1c7034dea83f9358888ec7d9e327ea0,Sad,en-US,gtts,global/dictionary/s/sad.mp3,7296,,2025-12-16 03:33:30.269173+00,2025-12-16 03:33:30.269173+00,0
202,d63759e8d99951c6823aad914eeacb602c2b7d9ce23970ac04127d243c591c47,Big,en-US,gtts,global/dictionary/b/big.mp3,5952,,2025-12-16 03:33:30.936509+00,2025-12-16 03:33:30.936509+00,0
203,68bcdd5252bb227e6c64973e20f75b72dd2a181024208a664bf7ad7735933269,Small,en-US,gtts,global/dictionary/s/small.mp3,7488,,2025-12-16 03:33:31.586604+00,2025-12-16 03:33:31.586604+00,0
204,1beddbed40ef3dc21a2a2f8e90565fac87564f1f57dc802dfa6403394b307042,Tall,en-US,gtts,global/dictionary/t/tall.mp3,6528,,2025-12-16 03:33:32.2195+00,2025-12-16 03:33:32.2195+00,0
205,aa950b006cbbd89f2ceab7925deca86ad3f749a67e428a4e4ddf8fbea062547f,Short,en-US,gtts,global/dictionary/s/short.mp3,6720,,2025-12-16 03:33:33.154726+00,2025-12-16 03:33:33.154726+00,0
206,422fc12ea51838b025931573c71e4ddaf5dac12339438b375ec46f77a47acafb,Long,en-US,gtts,global/dictionary/l/long.mp3,6912,,2025-12-16 03:33:33.802759+00,2025-12-16 03:33:33.802759+00,0
207,a5a0b665e10614d736a88afd8bbdd68c2587fbef4eb0edaa16856c246b17736a,Wide,en-US,gtts,global/dictionary/w/wide.mp3,6720,,2025-12-16 03:33:34.718603+00,2025-12-16 03:33:34.718603+00,0
208,44dc495dcbbd21a90d88cabbb866de3ad5a4e15f3b0dd251a332aad9de7fbbfd,Narrow,en-US,gtts,global/dictionary/n/narrow.mp3,7104,,2025-12-16 03:33:35.625784+00,2025-12-16 03:33:35.625784+00,0
209,34bce07183addb52e99cb6e8d4e7a261227210329bd34252e713ded632506983,Old,en-US,gtts,global/dictionary/o/old.mp3,6144,,2025-12-16 03:33:36.548127+00,2025-12-16 03:33:36.548127+00,0
210,ab75bd48df91d9432f2b6c7306f949968fe10ce2c0fd5607059d40915549f3ae,New,en-US,gtts,global/dictionary/n/new.mp3,5952,,2025-12-16 03:33:37.183205+00,2025-12-16 03:33:37.183205+00,0
211,2174166f0a193e22b53ad847500a629f246e110bfe4997c2862851ac75061880,Young,en-US,gtts,global/dictionary/y/young.mp3,6912,,2025-12-16 03:33:38.081681+00,2025-12-16 03:33:38.081681+00,0
212,5df6ad87f8b5c4a23d8ce517c110f1b347645eec898a34204bea580878332a7f,Hot,en-US,gtts,global/dictionary/h/hot.mp3,5568,,2025-12-16 03:33:38.716761+00,2025-12-16 03:33:38.716761+00,0
213,528257ccc1cb8e3733afdf4b66c988b4330c351efab89f1b1c37f0b870d2a7e8,Cold,en-US,gtts,global/dictionary/c/cold.mp3,6336,,2025-12-16 03:33:39.360439+00,2025-12-16 03:33:39.360439+00,0
214,c36904e9ada0555990f9f8e136e4b83660db4c7ed547e8b2c8500c1c8a7e28af,Warm,en-US,gtts,global/dictionary/w/warm.mp3,6912,,2025-12-16 03:33:39.993363+00,2025-12-16 03:33:39.993363+00,0
215,3ade658d2035c224ad8c980aa107ec74699fc20c56f1030d4a1b2932dd380f63,Cool,en-US,gtts,global/dictionary/c/cool.mp3,5952,,2025-12-16 03:33:40.89839+00,2025-12-16 03:33:40.89839+00,0
216,9430e938236ed8c094d912c45f559dc268a6e4ee4df83203778c24ed140c1151,Fast,en-US,gtts,global/dictionary/f/fast.mp3,7296,,2025-12-16 03:33:41.531298+00,2025-12-16 03:33:41.531298+00,0
217,37f12f381faf4662c9d451b0e5b64e90db891956f506ec21c638635a6e512b17,Slow,en-US,gtts,global/dictionary/s/slow.mp3,7104,,2025-12-16 03:33:42.237644+00,2025-12-16 03:33:42.237644+00,0
218,5c347de0dc4c7dc31718c8dffded9d0372aa7497fa194bfba9a7b1cbbdc5d448,Easy,en-US,gtts,global/dictionary/e/easy.mp3,6720,,2025-12-16 03:33:42.883405+00,2025-12-16 03:33:42.883405+00,0
219,a32d021851a90eaad26b52ed684c3937c7e94b8e6d1dc380c9144002464bca6a,Difficult,en-US,gtts,global/dictionary/d/difficult.mp3,7680,,2025-12-16 03:33:43.529216+00,2025-12-16 03:33:43.529216+00,0
220,8a4e3f69674174595866eaf07c5399fe6ea8fa618cf587c52c1e094ea0d01a15,Soft,en-US,gtts,global/dictionary/s/soft.mp3,7296,,2025-12-16 03:33:44.436421+00,2025-12-16 03:33:44.436421+00,0
221,347924d36f43eaa10cb168e34b915743cecacf201bfc892fbbb403c44d057edf,Hard,en-US,gtts,global/dictionary/h/hard.mp3,6336,,2025-12-16 03:33:45.371743+00,2025-12-16 03:33:45.371743+00,0
222,60633f9fae08e0790b38e8d3a4b2f13e8e0767ed2af58be525c89815a39f67e2,Clean,en-US,gtts,global/dictionary/c/clean.mp3,6912,,2025-12-16 03:33:46.019716+00,2025-12-16 03:33:46.019716+00,0
223,95f51d9dd1f62147672d08151dc0e819aebe89b96b67378668f49b845e4f0a45,Dirty,en-US,gtts,global/dictionary/d/dirty.mp3,6528,,2025-12-16 03:33:46.652606+00,2025-12-16 03:33:46.652606+00,0
224,519bda4337c570a2fa581ae426ab2ade3e63af13142d3158e0003ab990d5cccb,Empty,en-US,gtts,global/dictionary/e/empty.mp3,6912,,2025-12-16 03:33:47.568418+00,2025-12-16 03:33:47.568418+00,0
225,e2fecbc746d3662d464581c332520f05fbc13de805a20f47886e8abde1ff1bee,Full,en-US,gtts,global/dictionary/f/full.mp3,6336,,2025-12-16 03:33:48.504113+00,2025-12-16 03:33:48.504113+00,0
226,b88541bc8218da916bcb3f8096ac4cd6e83a79f2183a4e5279ad61c9d1d92626,Bright,en-US,gtts,global/dictionary/b/bright.mp3,5952,,2025-12-16 03:33:49.156143+00,2025-12-16 03:33:49.156143+00,0
227,614559ba263ed08b2878d84b6f8c7dfa0d62582768598c051d2dfb8526401695,Dark,en-US,gtts,global/dictionary/d/dark.mp3,6336,,2025-12-16 03:33:49.795381+00,2025-12-16 03:33:49.795381+00,0
228,9b51f9a57249209e6da5aea03d89eb466a33f045dc6ca4394c872be4cd5b8f7b,Light,en-US,gtts,global/dictionary/l/light.mp3,5760,,2025-12-16 03:33:50.717896+00,2025-12-16 03:33:50.717896+00,0
229,2db8d48f9f71f6bce931c0e6604ac76c892194b03524cecb87ca60f3a3ba4f7f,Heavy,en-US,gtts,global/dictionary/h/heavy.mp3,6720,,2025-12-16 03:33:51.363612+00,2025-12-16 03:33:51.363612+00,0
230,2b3238b046ee56c3694c861f03e17f94b2f223b64d439f7383a5ca101a67f075,Loud,en-US,gtts,global/dictionary/l/loud.mp3,6528,,2025-12-16 03:33:52.30104+00,2025-12-16 03:33:52.30104+00,0
231,3b156f226381bdf9bbf006354febbda6c4a8b728b28864da6fcb2539f8a2c1c4,Quiet,en-US,gtts,global/dictionary/q/quiet.mp3,6528,,2025-12-16 03:33:52.95333+00,2025-12-16 03:33:52.95333+00,0
232,82a3d975c5298fac2c008cd8ad60b6577eeb25f20d3fb73ceb5c54ea6fccf470,Rich,en-US,gtts,global/dictionary/r/rich.mp3,7488,,2025-12-16 03:33:53.608259+00,2025-12-16 03:33:53.608259+00,0
233,8b4a3711c2f0eee86fc94b820fd8c96879cde994c296cf1d2da52183387067e8,Poor,en-US,gtts,global/dictionary/p/poor.mp3,6336,,2025-12-16 03:33:54.540925+00,2025-12-16 03:33:54.540925+00,0
234,3191cb581b9331457765e396b0022d2166a8d0313f0be49ab65885b96d33dcd5,Strong,en-US,gtts,global/dictionary/s/strong.mp3,8064,,2025-12-16 03:33:55.206257+00,2025-12-16 03:33:55.206257+00,0
235,98000e444aaafd7715acb9f366491a424850776a550e0c9df59672df02fc879c,Weak,en-US,gtts,global/dictionary/w/weak.mp3,6336,,2025-12-16 03:33:55.862915+00,2025-12-16 03:33:55.862915+00,0
236,b7c47e248ab6177c032cbd6fbcddafe3bb227ee6bbf6a367cfd7180a9d0fb6a4,Kind,en-US,gtts,global/dictionary/k/kind.mp3,6720,,2025-12-16 03:33:56.558413+00,2025-12-16 03:33:56.558413+00,0
237,a2288a99283fad12a418e7b872d0ffcd583b159ee8c0159441e5ec8a83061a45,Mean,en-US,gtts,global/dictionary/m/mean.mp3,6528,,2025-12-16 03:33:57.193514+00,2025-12-16 03:33:57.193514+00,0
238,03d59c733ae475cadfd0bcecaa40469c5fdcbce2af5af2bdbbc98cae757ae621,True,en-US,gtts,global/dictionary/t/true.mp3,6144,,2025-12-16 03:33:57.850171+00,2025-12-16 03:33:57.850171+00,0
239,8ae9799c4f3378fec1e53faf4c98b1cebee6ef589892ac51f2d547ad582e46eb,False,en-US,gtts,global/dictionary/f/false.mp3,8064,,2025-12-16 03:33:58.5028+00,2025-12-16 03:33:58.5028+00,0
240,755c1536703cce63787c66f373a4dc3750ef4848ffcea6f04b8589017247c019,Wet,en-US,gtts,global/dictionary/w/wet.mp3,5568,,2025-12-16 03:33:59.422906+00,2025-12-16 03:33:59.422906+00,0
241,3144b5330990bc81e353a1ffe0fc04327b57b0125c5ef8f109ddc2bb2532d00c,Dry,en-US,gtts,global/dictionary/d/dry.mp3,6336,,2025-12-16 03:34:00.340557+00,2025-12-16 03:34:00.340557+00,0
242,f23a4662bbdc5d67ee7d8a14b506ef12f0934c9d572110e43d57e62176455c0e,Beautiful,en-US,gtts,global/dictionary/b/beautiful.mp3,8064,,2025-12-16 03:34:00.980355+00,2025-12-16 03:34:00.980355+00,0
243,4cb36a6e4e3cb985752ad079fc74bdb395f84f2d68a6a2590f83c6bfee953b97,Ugly,en-US,gtts,global/dictionary/u/ugly.mp3,7104,,2025-12-16 03:34:01.919518+00,2025-12-16 03:34:01.919518+00,0
244,b58b2fae65ced6d709460568d9ce387dc6d56a03e7968f1049e9a152ea50c9c9,Sweet,en-US,gtts,global/dictionary/s/sweet.mp3,6912,,2025-12-16 03:34:02.55891+00,2025-12-16 03:34:02.55891+00,0
245,bdb7a1a7a0f5fad7f450bdc6291560e6e00128fcac95ca99af0edeaab7c1e6a5,Sour,en-US,gtts,global/dictionary/s/sour.mp3,7872,,2025-12-16 03:34:03.202984+00,2025-12-16 03:34:03.202984+00,0
246,41d191531d58ee6052d07a105d730984277314dbebbc9c550a7a41f4c5625cd9,Bitter,en-US,gtts,global/dictionary/b/bitter.mp3,6528,,2025-12-16 03:34:03.883339+00,2025-12-16 03:34:03.883339+00,0
247,bf22a044efb803e3fbc0f7da5f4061cfc032bc805e677c1c434ec94ce4122aee,Salty,en-US,gtts,global/dictionary/s/salty.mp3,8064,,2025-12-16 03:34:04.828999+00,2025-12-16 03:34:04.828999+00,0
248,32bede63bc80cece8fa4d8640eb8d4302c9c18fe9c00539ee1a21002f2dcbcbc,Round,en-US,gtts,global/dictionary/r/round.mp3,6912,,2025-12-16 03:34:05.740946+00,2025-12-16 03:34:05.740946+00,0
249,fb93e043486ec2fd649277c6b2ea7b250f03a69248b7cd731cf6d65906b651f6,Square,en-US,gtts,global/dictionary/s/square.mp3,8640,,2025-12-16 03:34:06.665447+00,2025-12-16 03:34:06.665447+00,0
250,e989c4eb30102b22579f1002e2b62cc6821bdeb1f286cfe8b5abc39df7bdabac,Flat,en-US,gtts,global/dictionary/f/flat.mp3,6144,,2025-12-16 03:34:07.317353+00,2025-12-16 03:34:07.317353+00,0
251,308f1596e0c8388c8ded5b3420afd7d13c2767b2536cb6a2fad594c8d002e8ef,Smooth,en-US,gtts,global/dictionary/s/smooth.mp3,7296,,2025-12-16 03:34:07.955278+00,2025-12-16 03:34:07.955278+00,0
252,c63bdf74c1b57266ff8299dd1a3a3fb681b83a7773ae9940593c7f12e9b4fcc9,Rough,en-US,gtts,global/dictionary/r/rough.mp3,6528,,2025-12-16 03:34:08.618129+00,2025-12-16 03:34:08.618129+00,0
253,904eb926d364dddd31daca6cb8887bda7f88dd5fb6e801a13cd0cde9a3e0bef1,House,en-US,gtts,global/dictionary/h/house.mp3,7872,,2025-12-16 03:36:19.410471+00,2025-12-16 03:36:19.410471+00,0
254,52c488235898c1bc3e6ca15f9d354eb70353d0ab4047190a32c36f7c341080b1,Room,en-US,gtts,global/dictionary/r/room.mp3,6720,,2025-12-16 03:36:20.075808+00,2025-12-16 03:36:20.075808+00,0
255,5c690b57719a84af84f6232c611cc2a1eec224aa31c80d589cc9856efd44232b,Garden,en-US,gtts,global/dictionary/g/garden.mp3,7104,,2025-12-16 03:36:20.740664+00,2025-12-16 03:36:20.740664+00,0
256,4dcb162f826ed52c1fa5d18aeae6560bf4d4291a44c6b740fc14c05ac2c00a99,Tree,en-US,gtts,global/dictionary/t/tree.mp3,6336,,2025-12-16 03:36:21.38872+00,2025-12-16 03:36:21.38872+00,0
257,15e9bac2e676b51eb3b966f0b06c168e595395fbeffaa96ecf0f921de79ba19f,Flower,en-US,gtts,global/dictionary/f/flower.mp3,7680,,2025-12-16 03:36:22.326105+00,2025-12-16 03:36:22.326105+00,0
258,c0650da6ae3b0e4e07c88b5dde99dc424dde83d1dc3316d1070c10e84779d305,Plant,en-US,gtts,global/dictionary/p/plant.mp3,6528,,2025-12-16 03:36:23.248447+00,2025-12-16 03:36:23.248447+00,0
259,a8026b41696ab29e5678fc77d17c0a0dde0eb7b31c095a95ff57a770e5cb0b8f,Water,en-US,gtts,global/dictionary/w/water.mp3,7296,,2025-12-16 03:36:23.883544+00,2025-12-16 03:36:23.883544+00,0
260,f8dfb1be88985e16a436538bb8c5b1e642483825298c0f248bf9d1fabb886915,Air,en-US,gtts,global/dictionary/a/air.mp3,5952,,2025-12-16 03:36:24.802237+00,2025-12-16 03:36:24.802237+00,0
261,867ee74b719cc5043e41b767cd64200b2dee126011e0c65ffaaf2d1c66e95bd9,Sun,en-US,gtts,global/dictionary/s/sun.mp3,7104,,2025-12-16 03:36:25.449539+00,2025-12-16 03:36:25.449539+00,0
262,13c43fac49deae1ea3c862c9aa63231662f9097787cf7851d75116141558b18a,Soil,en-US,gtts,global/dictionary/s/soil.mp3,7680,,2025-12-16 03:36:26.166615+00,2025-12-16 03:36:26.166615+00,0
263,d6b0af82182d90105a26b78c0a8e5ac845f2db042180e6e9c7ad60addf25edb1,Food,en-US,gtts,global/dictionary/f/food.mp3,6336,,2025-12-16 03:36:26.836186+00,2025-12-16 03:36:26.836186+00,0
264,7a0d9e4ad23cc0670628c9b8620cc05dd3272c5531ba0179947f84c2030121ca,Waste,en-US,gtts,global/dictionary/w/waste.mp3,7104,,2025-12-16 03:36:27.48424+00,2025-12-16 03:36:27.48424+00,0
265,972aa733c009a956fc44179be6cad27e18b8c6dd27fa81c66036ea02bfbbd9fc,Energy,en-US,gtts,global/dictionary/e/energy.mp3,7680,,2025-12-16 03:36:28.422096+00,2025-12-16 03:36:28.422096+00,0
266,ae9a5ef2753d6c1bf411563b08b71e8b6113feb35c7f3bea94f191e3c6cd336d,Chair,en-US,gtts,global/dictionary/c/chair.mp3,6912,,2025-12-16 03:36:29.579786+00,2025-12-16 03:36:29.579786+00,0
267,5dbc062108f08ad2de2b5000b355614571a29b8397ba4a555bd7eb1f90a8f5f9,Table,en-US,gtts,global/dictionary/t/table.mp3,6912,,2025-12-16 03:36:30.225667+00,2025-12-16 03:36:30.225667+00,0
268,9b71322aec893c49e19a6aebb87b13918a2550ff0136f368d172c33e264232ae,Window,en-US,gtts,global/dictionary/w/window.mp3,7488,,2025-12-16 03:36:30.877568+00,2025-12-16 03:36:30.877568+00,0
269,f4bbe14c31606c2c227f99bd9d83afa451261e6c3e9164bc2d8b22c7b695c39c,Door,en-US,gtts,global/dictionary/d/door.mp3,6144,,2025-12-16 03:36:31.849602+00,2025-12-16 03:36:31.849602+00,0
270,7be88e8fb08b9128bd3649c602bf2caf355310648acefd8d0873114575f416cb,Street,en-US,gtts,global/dictionary/s/street.mp3,7104,,2025-12-16 03:36:32.504003+00,2025-12-16 03:36:32.504003+00,0
271,6e491cddc5dc54ababc8c08ba0474438cc8c1ba5ed2004ab42f627f9e03250a6,Park,en-US,gtts,global/dictionary/p/park.mp3,6144,,2025-12-16 03:36:33.154585+00,2025-12-16 03:36:33.154585+00,0
272,43d411a8caee2667b83b144f08923608735f43ce04d554d8b48295be4d08ce52,Neighborhood,en-US,gtts,global/dictionary/n/neighborhood.mp3,8448,,2025-12-16 03:36:34.083394+00,2025-12-16 03:36:34.083394+00,0
273,54eee0bd8bfd28ed193eaec8f02043628967e52e5939ec4d75c9a9d4e80249c4,Community,en-US,gtts,global/dictionary/c/community.mp3,8832,,2025-12-16 03:36:34.729181+00,2025-12-16 03:36:34.729181+00,0
274,8e92e4e1dff2dca31f68fad2562bd84409872150ba54203e88e27cef802a6fc4,Shop,en-US,gtts,global/dictionary/s/shop.mp3,6528,,2025-12-16 03:36:35.383278+00,2025-12-16 03:36:35.383278+00,0
275,c6feaecabade4167313cd5740f2dd14eb0588c78586bfb6f89d054087f0a1edf,School,en-US,gtts,global/dictionary/s/school.mp3,7680,,2025-12-16 03:36:36.038218+00,2025-12-16 03:36:36.038218+00,0
276,449522021efd215df48f0a8e961251aa6da0b40182eb8409c1d5d25b01caecf3,Car,en-US,gtts,global/dictionary/c/car.mp3,6528,,2025-12-16 03:36:36.686254+00,2025-12-16 03:36:36.686254+00,0
277,2cabd387203ef0924f1688762d7b5a6c721351c2510b1eca559749d5b204a02d,Bike,en-US,gtts,global/dictionary/b/bike.mp3,5760,,2025-12-16 03:36:37.616819+00,2025-12-16 03:36:37.616819+00,0
278,78dea989785f6b865df33faf1a47132bc1e583128725369090f4aa3c22fb7f97,Bus,en-US,gtts,global/dictionary/b/bus.mp3,7104,,2025-12-16 03:36:38.275571+00,2025-12-16 03:36:38.275571+00,0
279,4e2e99d0baf664702c67c694e3dd4a7a6a3ea5e694a36dddc5c9ccf9b18f28f3,Friend,en-US,gtts,global/dictionary/f/friend.mp3,6528,,2025-12-16 03:36:39.215227+00,2025-12-16 03:36:39.215227+00,0
280,5ae9bd4f5a57dbdad4330172b559f007c18ce56f25cf253473a062e4a5946a25,Family,en-US,gtts,global/dictionary/f/family.mp3,7680,,2025-12-16 03:36:40.137469+00,2025-12-16 03:36:40.137469+00,0
281,d57493efddef2bdc7eee67d2eb4ffd061548441941bf0248511d2ec4123de9b3,Neighbor,en-US,gtts,global/dictionary/n/neighbor.mp3,7488,,2025-12-16 03:36:40.785876+00,2025-12-16 03:36:40.785876+00,0
282,0fa70a93abb2239731209a06950f734cfe5c424b1bb85fd729413c501c491fee,Bin,en-US,gtts,global/dictionary/b/bin.mp3,6528,,2025-12-16 03:36:41.5199+00,2025-12-16 03:36:41.5199+00,0
283,be56474731d1f3b542f8323613a2ce251d8a582fffc78b21b631709e75088b0d,Compost,en-US,gtts,global/dictionary/c/compost.mp3,9408,,2025-12-16 03:36:42.457381+00,2025-12-16 03:36:42.457381+00,0
284,bb18541a6e57bb85d5eea326c7b471ecaeea962ff84b2d4a53fad25c9cc000bc,River,en-US,gtts,global/dictionary/r/river.mp3,7296,,2025-12-16 03:36:43.144621+00,2025-12-16 03:36:43.144621+00,0
285,84b5e3684b04654beeb23e4361453f1f2e90c644d0b21fd6b81d356c7bfbea4e,Lake,en-US,gtts,global/dictionary/l/lake.mp3,6336,,2025-12-16 03:36:43.78646+00,2025-12-16 03:36:43.78646+00,0
286,b66b005dbf0358b1e18ec86ae873e3c55ff21bc853c39f42d3fe6f999ea30c17,Farm,en-US,gtts,global/dictionary/f/farm.mp3,6912,,2025-12-16 03:36:44.440248+00,2025-12-16 03:36:44.440248+00,0
287,8fc5d04ef4f9556b9298218b7fb08b54f9535b6eb5feb04967f1a375baf9a87e,Market,en-US,gtts,global/dictionary/m/market.mp3,6912,,2025-12-16 03:36:45.088168+00,2025-12-16 03:36:45.088168+00,0
288,20f4a64173bb569a70d8482c1ee2dbbebbe8c16c579309108f5c9536355128ec,Bottle,en-US,gtts,global/dictionary/b/bottle.mp3,6528,,2025-12-16 03:36:46.017366+00,2025-12-16 03:36:46.017366+00,0
289,20cbfe83619f1f01b5fb9dc1b69f12c1d2c7fb1267299ffba9b88ba110905386,Bag,en-US,gtts,global/dictionary/b/bag.mp3,6336,,2025-12-16 03:36:46.664963+00,2025-12-16 03:36:46.664963+00,0
290,374eeda27d5eff3c113c56718bbd874cca4ba338102b33ac66b66f148ee6aeb3,Plastic,en-US,gtts,global/dictionary/p/plastic.mp3,8064,,2025-12-16 03:36:47.321625+00,2025-12-16 03:36:47.321625+00,0
291,8c0abad184a070c275e04d4d07ee325b18e9bcc347060adc6b534bee712e58d1,Paper,en-US,gtts,global/dictionary/p/paper.mp3,7104,,2025-12-16 03:36:47.991649+00,2025-12-16 03:36:47.991649+00,0
292,0f246e6d9f6c4236c299a1f77ceeec7da74ff5a039e51e34862eef7b875649e7,Glass,en-US,gtts,global/dictionary/g/glass.mp3,8448,,2025-12-16 03:36:48.907181+00,2025-12-16 03:36:48.907181+00,0
293,c26008d29f266e09257cea91d1f926230c8d914b6299a1bc0fe5b00d8858d3ca,Electricity,en-US,gtts,global/dictionary/e/electricity.mp3,10560,,2025-12-16 03:36:49.55077+00,2025-12-16 03:36:49.55077+00,0
294,fdce722704ecd583ef0829fb49766d5c426ada967a85bb1444982541d437e3ba,Gas,en-US,gtts,global/dictionary/g/gas.mp3,7680,,2025-12-16 03:36:50.207537+00,2025-12-16 03:36:50.207537+00,0
295,4be75f77f6918e7fa6620766bc94d59273e387276a1b2bfa3cfe9c54b5606c1c,Roof,en-US,gtts,global/dictionary/r/roof.mp3,7488,,2025-12-16 03:36:50.859692+00,2025-12-16 03:36:50.859692+00,0
296,9b23ab11808142d700b84a1cd5882d5465eed477c6e390e4a8c73e91bf6760a1,Wall,en-US,gtts,global/dictionary/w/wall.mp3,7104,,2025-12-16 03:36:51.790729+00,2025-12-16 03:36:51.790729+00,0
297,e748f1edf3410082f40b811a179d2da702ff42253dc9a2e8d5be810d8ee5fd54,Path,en-US,gtts,global/dictionary/p/path.mp3,5952,,2025-12-16 03:36:52.441262+00,2025-12-16 03:36:52.441262+00,0
298,759e24899b640790f771cacfee09144f129f8f2f3f06f0a98c3392c1a92099c9,Lamp,en-US,gtts,global/dictionary/l/lamp.mp3,6528,,2025-12-16 03:36:53.08451+00,2025-12-16 03:36:53.08451+00,0
299,7ab0968a300bbab588226e646b3ab49c9c159f49ec194e1695ae375d73beb1eb,Tool,en-US,gtts,global/dictionary/t/tool.mp3,6336,,2025-12-16 03:36:53.728174+00,2025-12-16 03:36:53.728174+00,0
300,90d700f2bcb43e898e043d5e3dafe2a07a681ccf5a564d224578e789ecb959d7,Building,en-US,gtts,global/dictionary/b/building.mp3,7104,,2025-12-16 03:36:54.385297+00,2025-12-16 03:36:54.385297+00,0
301,7c424f964c9110ffa15694525128d089fc4f582aa20ef2009141ccb93204197e,Cloud,en-US,gtts,global/dictionary/c/cloud.mp3,6720,,2025-12-16 03:36:55.045792+00,2025-12-16 03:36:55.045792+00,0
302,d6242f53105e8dc65eea1dd699125bbbc5159ec697052f5e8f0211ee64953a35,To Set,en-US,gtts,content/verbs/level_10/word/to-set_d6242f53.mp3,6720,,2025-12-16 03:47:11.736883+00,2025-12-16 03:47:11.736883+00,0
303,fd3194bf9ceb48dbbebbd240333d2cd61cff02d77dc1e11eedd3cfb95eadf8b8,To Meet,en-US,gtts,content/verbs/level_10/word/to-meet_fd3194bf.mp3,6336,,2025-12-16 03:47:12.268267+00,2025-12-16 03:47:12.268267+00,0
304,5ae653e98f4dd250c2aa741b90739f702ab1df459712f0a3183dc826f04ade60,To Pay,en-US,gtts,content/verbs/level_10/word/to-pay_5ae653e9.mp3,6912,,2025-12-16 03:47:13.050131+00,2025-12-16 03:47:13.050131+00,0
305,30f9601b49b49456dcb5acc6edb605723a3483809897c75533aab6dbb4ed54d4,To Speak,en-US,gtts,content/verbs/level_10/word/to-speak_30f9601b.mp3,7488,,2025-12-16 03:47:14.029001+00,2025-12-16 03:47:14.029001+00,0
306,1890e4b9bac6892088acc5a5a5fe9087d027777345b14a63b00ea57bc0cf4493,To Lie,en-US,gtts,content/verbs/level_10/word/to-lie_1890e4b9.mp3,6912,,2025-12-16 03:47:14.795437+00,2025-12-16 03:47:14.795437+00,0
307,e7c3773d30465daadceb47450e4bd212bc626094ab7ace884173f9febd4f103e,To Lead,en-US,gtts,content/verbs/level_10/word/to-lead_e7c3773d.mp3,7104,,2025-12-16 03:47:15.296977+00,2025-12-16 03:47:15.296977+00,0
308,f1f6b8fb5e5cea55deccfb5ea8c0bb5aae0608b8d5c7933966e1b41ae87c9460,To Read,en-US,gtts,content/verbs/level_10/word/to-read_f1f6b8fb.mp3,6912,,2025-12-16 03:47:15.784789+00,2025-12-16 03:47:15.784789+00,0
309,d1d064c8c912b2aa4116633ddc2478c5de5116e9889f5b5c75c801265686abdc,To Grow,en-US,gtts,content/verbs/level_10/word/to-grow_d1d064c8.mp3,7296,,2025-12-16 03:47:16.52776+00,2025-12-16 03:47:16.52776+00,0
310,e539de899f141b6b62ea9be83a602118ffff5b329512d46881568f912de4118f,To Fall,en-US,gtts,content/verbs/level_10/word/to-fall_e539de89.mp3,7296,,2025-12-16 03:47:17.538628+00,2025-12-16 03:47:17.538628+00,0
311,6b17ac44c4bf5b1769a43461fff780400c6c555416d9b4ee4568f68e70cd2b52,To Send,en-US,gtts,content/verbs/level_10/word/to-send_6b17ac44.mp3,7488,,2025-12-16 03:47:18.311949+00,2025-12-16 03:47:18.311949+00,0
312,3f1e96607158ea6bf31c27fcd414782f914a3640a65673652930f02e8b7f8a06,To Build,en-US,gtts,content/verbs/level_10/word/to-build_3f1e9660.mp3,6720,,2025-12-16 03:47:19.077012+00,2025-12-16 03:47:19.077012+00,0
313,f734c8a733fc25fae001450d57c33398e4a7735e7d8c5915ff4943e79479ace7,To Understand,en-US,gtts,content/verbs/level_10/word/to-understand_f734c8a7.mp3,10560,,2025-12-16 03:47:19.823916+00,2025-12-16 03:47:19.823916+00,0
314,805f11ef11ef2ce106ff8a01440892a2c67e69a73da5c9e35efe4398c3afb035,To Draw,en-US,gtts,content/verbs/level_10/word/to-draw_805f11ef.mp3,6912,,2025-12-16 03:47:20.344919+00,2025-12-16 03:47:20.344919+00,0
315,1b7a07a8ac1a70939742167f19df90de07b068839c83b92bb37563959189e2d9,To Break,en-US,gtts,content/verbs/level_10/word/to-break_1b7a07a8.mp3,7104,,2025-12-16 03:47:21.135042+00,2025-12-16 03:47:21.135042+00,0
316,b0506057818b89ab2f6d397281b2e55535d6ef9d0efd10b53c8f0fc0e7a5a993,To Spend,en-US,gtts,content/verbs/level_10/word/to-spend_b0506057.mp3,7872,,2025-12-16 03:47:21.929968+00,2025-12-16 03:47:21.929968+00,0
317,753f8f55970361866c34c3289739338733b084ba4b48a33ae25c3f10cb369417,To Cut,en-US,gtts,content/verbs/level_10/word/to-cut_753f8f55.mp3,6144,,2025-12-16 03:47:22.418491+00,2025-12-16 03:47:22.418491+00,0
318,2d02feafc120aeaa2c60754fe36f9e4843492c6d48975723fc28155f14176bd7,To Rise,en-US,gtts,content/verbs/level_10/word/to-rise_2d02feaf.mp3,8640,,2025-12-16 03:47:22.930436+00,2025-12-16 03:47:22.930436+00,0
319,660361ca17c73425c992aa8d83c346c451e8ef20d6bf47f5fef62134f095714b,To Drive,en-US,gtts,content/verbs/level_10/word/to-drive_660361ca.mp3,7488,,2025-12-16 03:47:23.483041+00,2025-12-16 03:47:23.483041+00,0
320,57c656db30f10d661decacd45ecbd10afb5a08c8096083684b0875757a0c9cb0,To Buy,en-US,gtts,content/verbs/level_10/word/to-buy_57c656db.mp3,6720,,2025-12-16 03:47:23.962915+00,2025-12-16 03:47:23.962915+00,0
321,206f5da02b4a230320f1c532f9ca2bfd7ae5000aa9fdf64cb8535666e18a3bc7,To Remember,en-US,gtts,content/verbs/level_9/word/to-remember_206f5da0.mp3,9024,,2025-12-16 03:48:08.674616+00,2025-12-16 03:48:08.674616+00,0
322,bec3d24c8c07cfdeb29f4be449fb6344c3d4f1acc3ab9fcb7d45e798169d119e,To Forget,en-US,gtts,content/verbs/level_9/word/to-forget_bec3d24c.mp3,7488,,2025-12-16 03:48:09.210341+00,2025-12-16 03:48:09.210341+00,0
323,c8fe0bccaec02b9b7d1eeca9b6e0c7ac02bdf71c340fe25ef7f6cdfc78e7fc0c,To Learn,en-US,gtts,content/verbs/level_9/word/to-learn_c8fe0bcc.mp3,7296,,2025-12-16 03:48:09.718176+00,2025-12-16 03:48:09.718176+00,0
324,fc29c6627404fe717d91580c5bace648dff8b3b8998b6ec263ccc33d340e6249,To Analyze,en-US,gtts,content/verbs/level_9/word/to-analyze_fc29c662.mp3,10368,,2025-12-16 03:48:10.243429+00,2025-12-16 03:48:10.243429+00,0
325,0ff7b5b69350e52f5a474baf6dc5e3225b4ae544a696a57b8b8aee212dd30631,To Decide,en-US,gtts,content/verbs/level_9/word/to-decide_0ff7b5b6.mp3,8448,,2025-12-16 03:48:10.763208+00,2025-12-16 03:48:10.763208+00,0
326,1bedbdc3040ee38d2943ace827d2240028d6c85529cbc3e9ffa2fd6ba50829d8,To Imagine,en-US,gtts,content/verbs/level_9/word/to-imagine_1bedbdc3.mp3,9024,,2025-12-16 03:48:11.257931+00,2025-12-16 03:48:11.257931+00,0
327,cf2a862a807a40370eb4237198738b0fea0c69c93f33f1c3e6775414c5f27477,To Create,en-US,gtts,content/verbs/level_9/word/to-create_cf2a862a.mp3,7680,,2025-12-16 03:48:11.754646+00,2025-12-16 03:48:11.754646+00,0
328,3f0b8a5a9f724dcfda96a70a7bd25bed275c97df54d2be5c33b34d66d6d4b435,To Perceive,en-US,gtts,content/verbs/level_9/word/to-perceive_3f0b8a5a.mp3,9216,,2025-12-16 03:48:12.266553+00,2025-12-16 03:48:12.266553+00,0
329,9e13d5e7a18db89e9933723c377e9aa833582a42bb0079ddc382f30143585ed8,To Observe,en-US,gtts,content/verbs/level_9/word/to-observe_9e13d5e7.mp3,8832,,2025-12-16 03:48:12.765504+00,2025-12-16 03:48:12.765504+00,0
330,594d7bea36f79f3897f3a824131a6b545219476a4c1eae1ce2be0062e18771de,To Contemplate,en-US,gtts,content/verbs/level_9/word/to-contemplate_594d7bea.mp3,9792,,2025-12-16 03:48:13.264485+00,2025-12-16 03:48:13.264485+00,0
331,3c91c6958eeb077cbed5f3f843dfd9d9cb83c433c843a575e7adc3affec8aba1,To Reflect,en-US,gtts,content/verbs/level_9/word/to-reflect_3c91c695.mp3,8832,,2025-12-16 03:48:14.055467+00,2025-12-16 03:48:14.055467+00,0
332,ef838230736e8919546f928a8b0ab2a51ecf74c023a399a1c27e2da6cfad3419,To Consider,en-US,gtts,content/verbs/level_9/word/to-consider_ef838230.mp3,9408,,2025-12-16 03:48:14.569144+00,2025-12-16 03:48:14.569144+00,0
333,1385f064cb0921d3b7d882fbf742757835b6eb05ad54fcb27a1c76dcbc2d073e,To Judge,en-US,gtts,content/verbs/level_9/word/to-judge_1385f064.mp3,8448,,2025-12-16 03:48:15.094409+00,2025-12-16 03:48:15.094409+00,0
334,af006edf3da80a9f00044f7dd1cbeae85c26c77cb7a460cceceafafd1d7f5207,To Evaluate,en-US,gtts,content/verbs/level_9/word/to-evaluate_af006edf.mp3,9984,,2025-12-16 03:48:15.5908+00,2025-12-16 03:48:15.5908+00,0
335,4209949283b1790fb38eb94847d2cf86be7280be075a1f4593eff96beb2a6841,To Compare,en-US,gtts,content/verbs/level_9/word/to-compare_42099492.mp3,8640,,2025-12-16 03:48:16.107099+00,2025-12-16 03:48:16.107099+00,0
336,f672f65233223380d64ed9ed62218329879a2da3d411e75078c6a77f0004acae,To Discern,en-US,gtts,content/verbs/level_9/word/to-discern_f672f652.mp3,8832,,2025-12-16 03:48:16.62588+00,2025-12-16 03:48:16.62588+00,0
337,15cb71fe1e7488cd4ace25a009826fe202f015a62c760fee27011be2d39e6b8d,To Solve,en-US,gtts,content/verbs/level_9/word/to-solve_15cb71fe.mp3,7680,,2025-12-16 03:48:17.133504+00,2025-12-16 03:48:17.133504+00,0
338,6790905de5dde3bed846961b124d1ccf98c043677c86ce107ca953794aabd503,To Interpret,en-US,gtts,content/verbs/level_9/word/to-interpret_6790905d.mp3,9216,,2025-12-16 03:48:17.904197+00,2025-12-16 03:48:17.904197+00,0
339,14ab7c8676c28cca5b6227058c286b93f7a160bfc5afbd217c725b868f1dbffe,To Deduce,en-US,gtts,content/verbs/level_9/word/to-deduce_14ab7c86.mp3,9792,,2025-12-16 03:48:18.403126+00,2025-12-16 03:48:18.403126+00,0
340,7fedf1cbc9b40c8d0fc82f82eb7ca4ada8c2c77dec589257d1aacd12fa9de8c6,To Induce,en-US,gtts,content/verbs/level_9/word/to-induce_7fedf1cb.mp3,9600,,2025-12-16 03:48:18.915411+00,2025-12-16 03:48:18.915411+00,0
341,acfecc64710f47d729366b1b3b89693dc5b4f1cdd70a1cb356f923a2ce93d507,To Infer,en-US,gtts,content/verbs/level_9/word/to-infer_acfecc64.mp3,9024,,2025-12-16 03:48:19.740238+00,2025-12-16 03:48:19.740238+00,0
342,23e5d92be19352cb1801b142b76d930b4e6e7fb2e165ca2109e8ed019afef149,To Hypothesize,en-US,gtts,content/verbs/level_9/word/to-hypothesize_23e5d92b.mp3,13632,,2025-12-16 03:48:20.250344+00,2025-12-16 03:48:20.250344+00,0
343,b85b1c12349c8e59e8701043ceedadc8ad6b00509ca1f731462e6bc46db3bcf3,To Speculate,en-US,gtts,content/verbs/level_9/word/to-speculate_b85b1c12.mp3,9600,,2025-12-16 03:48:21.045291+00,2025-12-16 03:48:21.045291+00,0
344,df2debae2a48bb76b62e9c42217989863c4d93b5b3c1c541c9fe0f220df27dfa,To Anticipate,en-US,gtts,content/verbs/level_9/word/to-anticipate_df2debae.mp3,10944,,2025-12-16 03:48:21.835872+00,2025-12-16 03:48:21.835872+00,0
345,bf1b3f2413cf34f0088ac26539fa3dd6e9ff5576b6757e772a16a6b85a722e1c,To Predict,en-US,gtts,content/verbs/level_9/word/to-predict_bf1b3f24.mp3,8064,,2025-12-16 03:48:22.349526+00,2025-12-16 03:48:22.349526+00,0
346,5d10c0dcaf5f8e16d28c1d077d634444c954af81df8ea065a5cc9fe6f8916829,To Focus,en-US,gtts,content/verbs/level_9/word/to-focus_5d10c0dc.mp3,9984,,2025-12-16 03:48:23.112361+00,2025-12-16 03:48:23.112361+00,0
347,579b86d5d426e2b1015163140ecf6353b28faed1ca778e3b21f0f28175f16faa,To Concentrate,en-US,gtts,content/verbs/level_9/word/to-concentrate_579b86d5.mp3,10368,,2025-12-16 03:48:23.637213+00,2025-12-16 03:48:23.637213+00,0
348,e40a29ae547dd77840f8fa49bd0c5ddd325d267d6fd60e3dc804e61d02af4a68,To Meditate,en-US,gtts,content/verbs/level_9/word/to-meditate_e40a29ae.mp3,8832,,2025-12-16 03:48:24.43819+00,2025-12-16 03:48:24.43819+00,0
349,af949ecf377d26bcb9b934a926471e2e1590c87b1126ebe618556d0a7b525203,To Dream,en-US,gtts,content/verbs/level_9/word/to-dream_af949ecf.mp3,7680,,2025-12-16 03:48:24.959167+00,2025-12-16 03:48:24.959167+00,0
350,1921fc4505641e3e4c0aa276a47ba2f5deddd2b6503cada83069f88c43d3f0d0,To Realize,en-US,gtts,content/verbs/level_9/word/to-realize_1921fc45.mp3,10176,,2025-12-16 03:48:25.466772+00,2025-12-16 03:48:25.466772+00,0
351,d60e0f954aeb1d2c90ab60bd13cd3ea7235bfb61b084c2fbb7b0676b27fb8aad,To Grasp,en-US,gtts,content/verbs/level_9/word/to-grasp_d60e0f95.mp3,8640,,2025-12-16 03:48:26.254784+00,2025-12-16 03:48:26.254784+00,0
352,ea2a82cce0a8b4aea42ae947d6090404e1b438711171249b766a07515e244eca,To Comprehend,en-US,gtts,content/verbs/level_9/word/to-comprehend_ea2a82cc.mp3,10752,,2025-12-16 03:48:26.762396+00,2025-12-16 03:48:26.762396+00,0
353,4b22891eba149da6a73129b39384716241f19d6dd66c8f9c5ec6286c0c929aaa,To Recognize,en-US,gtts,content/verbs/level_9/word/to-recognize_4b22891e.mp3,11520,,2025-12-16 03:48:27.272478+00,2025-12-16 03:48:27.272478+00,0
354,221ab1243a6f368d02ebc7a7bce0dd4d861bf9578207f39a21155f49ab956441,To Recall,en-US,gtts,content/verbs/level_9/word/to-recall_221ab124.mp3,8448,,2025-12-16 03:48:27.786599+00,2025-12-16 03:48:27.786599+00,0
355,780d72dac12fa294cf0adae63794944fa09589f133a28f0579cc6e0f58658626,To Memorize,en-US,gtts,content/verbs/level_9/word/to-memorize_780d72da.mp3,10560,,2025-12-16 03:48:28.605272+00,2025-12-16 03:48:28.605272+00,0
356,cbd8b8a2b81a6568e7693c485a26d0609b7d056492d6c719761bc8341e58ba76,To Study,en-US,gtts,content/verbs/level_9/word/to-study_cbd8b8a2.mp3,7872,,2025-12-16 03:48:29.140495+00,2025-12-16 03:48:29.140495+00,0
357,0948f298308a4ac3223288488448932d6ef02dc1abf97c2e5a8c33660df97cf3,To Assess,en-US,gtts,content/verbs/level_9/word/to-assess_0948f298.mp3,9792,,2025-12-16 03:48:29.639465+00,2025-12-16 03:48:29.639465+00,0
358,30cd5f786a9d1684c306e18191343e0e413250a7b9d4eae4e46b25f04862be04,To Prioritize,en-US,gtts,content/verbs/level_9/word/to-prioritize_30cd5f78.mp3,12480,,2025-12-16 03:48:30.149323+00,2025-12-16 03:48:30.149323+00,0
359,25d20aa3dc8c0b2fc5507ba09c71a801e25db9104b8a5ccf6c6b4b17069f2a8d,To Plan,en-US,gtts,content/verbs/level_9/word/to-plan_25d20aa3.mp3,7488,,2025-12-16 03:48:30.72812+00,2025-12-16 03:48:30.72812+00,0
360,e78c30aa34735a26491afa3ca6ee4f0b483be5a3bc422e03facdc205dd7638c2,To Devise,en-US,gtts,content/verbs/level_9/word/to-devise_e78c30aa.mp3,10176,,2025-12-16 03:48:31.48625+00,2025-12-16 03:48:31.48625+00,0
361,95e2bc92e220a2a09c0c77a1c4de446c07d7168c04057a4b01dade2e7a8104fb,To Innovate,en-US,gtts,content/verbs/level_9/word/to-innovate_95e2bc92.mp3,9024,,2025-12-16 03:48:32.056521+00,2025-12-16 03:48:32.056521+00,0
362,ad0c54c5639bea1696f6bdb3bc0389ecf3e9b65a4e3b39f0c8d99464ef884165,To Theorize,en-US,gtts,content/verbs/level_9/word/to-theorize_ad0c54c5.mp3,10752,,2025-12-16 03:48:32.57059+00,2025-12-16 03:48:32.57059+00,0
363,c696a1373a53d567734a1992c61b69c2ed6acb80467145bc19d3235be0b71d95,To Conclude,en-US,gtts,content/verbs/level_9/word/to-conclude_c696a137.mp3,9024,,2025-12-16 03:48:33.359383+00,2025-12-16 03:48:33.359383+00,0
364,974f3f6f177a6329a1b9e7ee986832d889a448bbcf9275f611732b058e16a734,To Suppress,en-US,gtts,content/verbs/level_9/word/to-suppress_974f3f6f.mp3,10176,,2025-12-16 03:48:34.171166+00,2025-12-16 03:48:34.171166+00,0
365,f9c0108417f8ed846ad29ba243d7f7efbec6388ca7aa6055f571a76221488d8c,To Repress,en-US,gtts,content/verbs/level_9/word/to-repress_f9c01084.mp3,10176,,2025-12-16 03:48:34.678734+00,2025-12-16 03:48:34.678734+00,0
366,90ce1851efdc83b386e69029ce9cb9ca5b8613495fb529393775134de03d3926,To Express,en-US,gtts,content/verbs/level_9/word/to-express_90ce1851.mp3,10560,,2025-12-16 03:48:35.195403+00,2025-12-16 03:48:35.195403+00,0
367,acef3ca2dbddb3029aef4b6c530b621b3b2273ebac17170bda4434d5a5cd41e0,To Elaborate,en-US,gtts,content/verbs/level_9/word/to-elaborate_acef3ca2.mp3,9600,,2025-12-16 03:48:35.707367+00,2025-12-16 03:48:35.707367+00,0
368,fad449bcab29d1d78c35c19cd41e44e7e7c496e2a9d8747608b2da830e25fae7,To Catch,en-US,gtts,content/verbs/level_7/word/to-catch_fad449bc.mp3,8064,,2025-12-16 03:50:09.081639+00,2025-12-16 03:50:09.081639+00,0
369,6ac035d47de717a6ac41e0e0c8204991f4df6043478fde9e93d02d18c9135a4e,To Choose,en-US,gtts,content/verbs/level_7/word/to-choose_6ac035d4.mp3,8832,,2025-12-16 03:50:09.599959+00,2025-12-16 03:50:09.599959+00,0
370,72d22505dbfe948b3272bd9058b373ed71faf1a03be1792dae87690131f5b865,To Cost,en-US,gtts,content/verbs/level_7/word/to-cost_72d22505.mp3,8448,,2025-12-16 03:50:10.319284+00,2025-12-16 03:50:10.319284+00,0
371,0004233e66818d500a31db66b6e1bf8f58ca42ffa3bf51ab2ed9b31b2dee5279,To Own,en-US,gtts,content/verbs/level_8/word/to-own_0004233e.mp3,6912,,2025-12-16 03:50:10.816034+00,2025-12-16 03:50:10.816034+00,0
372,3225553013690450006e1ecd4a3f799e73ee7d2d94e818edfa55d9ed1764dafc,To Possess,en-US,gtts,content/verbs/level_8/word/to-possess_32255530.mp3,9600,,2025-12-16 03:50:11.824783+00,2025-12-16 03:50:11.824783+00,0
373,89b4c15a59517367cb79047157a5ca5610e2f55183da8a02eb9d3808aa154954,To Drink,en-US,gtts,content/verbs/level_7/word/to-drink_89b4c15a.mp3,7296,,2025-12-16 03:50:12.436483+00,2025-12-16 03:50:12.436483+00,0
374,f56ed4f3036aec34b0e061e1a573216e3a2e07f4dc0ea21f7e3220f2903a8e4a,To Eat,en-US,gtts,content/verbs/level_7/word/to-eat_f56ed4f3.mp3,6144,,2025-12-16 03:50:13.278445+00,2025-12-16 03:50:13.278445+00,0
375,3d8270360b46a8811542308534644904840ffdac0dc718b956d76d6454f95562,To Retain,en-US,gtts,content/verbs/level_8/word/to-retain_3d827036.mp3,8832,,2025-12-16 03:50:13.459934+00,2025-12-16 03:50:13.459934+00,0
376,d17cf356f446981cb81ef4efa67285c51f77674a26439c8bcc839e380f820389,To Obtain,en-US,gtts,content/verbs/level_8/word/to-obtain_d17cf356.mp3,9216,,2025-12-16 03:50:14.864192+00,2025-12-16 03:50:14.864192+00,0
377,97eecf847ccccf87fab35df8646ec711918cd4192dff01bfd109ce8b4c335dbb,To Fight,en-US,gtts,content/verbs/level_7/word/to-fight_97eecf84.mp3,6720,,2025-12-16 03:50:14.883287+00,2025-12-16 03:50:14.883287+00,0
378,11b12e2bf6ea887e7ee8fb748866d2c12d6e4abae3b8cb5e7c88e72eb28276ec,To Acquire,en-US,gtts,content/verbs/level_8/word/to-acquire_11b12e2b.mp3,9792,,2025-12-16 03:50:15.762535+00,2025-12-16 03:50:15.762535+00,0
379,d8fc874f6b2e8403865e9a34234274226ed05b39e9e50b771eb4687fbf8f491c,To Fly,en-US,gtts,content/verbs/level_7/word/to-fly_d8fc874f.mp3,7488,,2025-12-16 03:50:16.382408+00,2025-12-16 03:50:16.382408+00,0
380,b6be13153bd5337591f73c5ea588266b0cf4a58efbe190abd2446c83f1b9dc47,To Gain,en-US,gtts,content/verbs/level_8/word/to-gain_b6be1315.mp3,7296,,2025-12-16 03:50:16.391384+00,2025-12-16 03:50:16.391384+00,0
381,9a5c0886b4b5dd3803da210474f091d15de5ab439c1013b20a0c424171f81bb1,To Inherit,en-US,gtts,content/verbs/level_8/word/to-inherit_9a5c0886.mp3,8832,,2025-12-16 03:50:17.276621+00,2025-12-16 03:50:17.276621+00,0
382,0cb36bcfb43e8d8833b949cf8515a09f8cc98e0d63902711c7eb7ec64da17322,To Receive,en-US,gtts,content/verbs/level_8/word/to-receive_0cb36bcf.mp3,8448,,2025-12-16 03:50:18.196775+00,2025-12-16 03:50:18.196775+00,0
383,ab7372931b6970f8fc71aa26347cb2eacdab0f24e5829f2a97ffe7aa9fa3a414,To Procure,en-US,gtts,content/verbs/level_8/word/to-procure_ab737293.mp3,9216,,2025-12-16 03:50:19.236091+00,2025-12-16 03:50:19.236091+00,0
384,f5e3d1cb1c851a7ee9c28d534dcbd7355997602dc5b6d435114e0e84c895488d,To Secure,en-US,gtts,content/verbs/level_8/word/to-secure_f5e3d1cb.mp3,9024,,2025-12-16 03:50:19.877226+00,2025-12-16 03:50:19.877226+00,0
385,4b1bc016a582cd87cc6b7a6cd97b591d7b75f8a92fe16463ffd031b71bb22a7d,To Win,en-US,gtts,content/verbs/level_8/word/to-win_4b1bc016.mp3,7488,,2025-12-16 03:50:20.788768+00,2025-12-16 03:50:20.788768+00,0
386,9b73d2fb355619dee7921382e0d5e16cfae82afa92ec48a93caa6f4f038d5732,To Earn,en-US,gtts,content/verbs/level_8/word/to-earn_9b73d2fb.mp3,6912,,2025-12-16 03:50:21.544786+00,2025-12-16 03:50:21.544786+00,0
387,54b9a2715300e1dbd091179ceb6dbb4cca55e2e30a27ede9dc0852380a987c5f,To Hide,en-US,gtts,content/verbs/level_7/word/to-hide_54b9a271.mp3,7488,,2025-12-16 03:50:21.564302+00,2025-12-16 03:50:21.564302+00,0
388,cdaa3a37cfdcfe6581a824dec8f0fe8271f5c0fff182c41706551a267152250b,To Hit,en-US,gtts,content/verbs/level_7/word/to-hit_cdaa3a37.mp3,5952,,2025-12-16 03:50:22.750089+00,2025-12-16 03:50:22.750089+00,0
389,b499da421cd548b30d8870dd23572ad233b6824b138aff18f6e4bb0572e1388e,To Purchase,en-US,gtts,content/verbs/level_8/word/to-purchase_b499da42.mp3,9792,,2025-12-16 03:50:23.318106+00,2025-12-16 03:50:23.318106+00,0
390,512f4f77e7c213e6e5aef4ba75ddc5df32c996f84993335082f198b55f2de7e4,To Collect,en-US,gtts,content/verbs/level_8/word/to-collect_512f4f77.mp3,7872,,2025-12-16 03:50:24.208027+00,2025-12-16 03:50:24.208027+00,0
391,66a5f9350739946ee76f03e1768c0e1374269e606dbcc91bc17f5dcb67241c04,To Grant,en-US,gtts,content/verbs/level_8/word/to-grant_66a5f935.mp3,7488,,2025-12-16 03:50:25.521357+00,2025-12-16 03:50:25.521357+00,0
392,44fb85a74fb5b2482ff4ba980eb4bdf75abc070b90b3caca7987e31dc3bb3159,To Lend,en-US,gtts,content/verbs/level_7/word/to-lend_44fb85a7.mp3,7488,,2025-12-16 03:50:26.123952+00,2025-12-16 03:50:26.123952+00,0
393,02e4b4235137a27d5b94b1d60e611bb3ac9013c9d6d4cde1f00c842e8020236d,To Bestow,en-US,gtts,content/verbs/level_8/word/to-bestow_02e4b423.mp3,8832,,2025-12-16 03:50:26.164924+00,2025-12-16 03:50:26.164924+00,0
394,9c94a85973df5d371b4ef7b624efa714857e7003a7967fb4dfa75d0106cbd260,To Provide,en-US,gtts,content/verbs/level_8/word/to-provide_9c94a859.mp3,8448,,2025-12-16 03:50:27.34218+00,2025-12-16 03:50:27.34218+00,0
395,77d68280165629d8753d74a19edec852644a91425faee031e105e6fc47fd27c7,To Supply,en-US,gtts,content/verbs/level_8/word/to-supply_77d68280.mp3,8832,,2025-12-16 03:50:28.394084+00,2025-12-16 03:50:28.394084+00,0
396,47e1fa65bac83e958e4d9b62760ed33d082f476f256989e4ab45288391716582,To Donate,en-US,gtts,content/verbs/level_8/word/to-donate_47e1fa65.mp3,7872,,2025-12-16 03:50:29.325034+00,2025-12-16 03:50:29.325034+00,0
397,35f9e361b554a55ec8e96406f39ab7c6b771d1dd703451356feb148b0279e4e5,To Contribute,en-US,gtts,content/verbs/level_8/word/to-contribute_35f9e361.mp3,9408,,2025-12-16 03:50:29.96658+00,2025-12-16 03:50:29.96658+00,0
398,fab3685a0d872ca25d27ded8b4abf11fd45fe5789efb475edd61f3efa91013a3,To Hand Over,en-US,gtts,content/verbs/level_8/word/to-hand-over_fab3685a.mp3,10176,,2025-12-16 03:50:31.003347+00,2025-12-16 03:50:31.003347+00,0
399,275f9db94a10786a968155248222446e03ce471b47b6637756fe16425ad1b791,To Ride,en-US,gtts,content/verbs/level_7/word/to-ride_275f9db9.mp3,7104,,2025-12-16 03:50:31.889025+00,2025-12-16 03:50:31.889025+00,0
400,8eab1866cadca28a3f4a7318a16aa6c1790d58531f5c205d5598f51e655c2106,To Deliver,en-US,gtts,content/verbs/level_8/word/to-deliver_8eab1866.mp3,8832,,2025-12-16 03:50:31.897607+00,2025-12-16 03:50:31.897607+00,0
401,a31bd4414ae58db38e3e2c4232a704455e834b5272f9cecdc49f4872eca412a4,To Ring,en-US,gtts,content/verbs/level_7/word/to-ring_a31bd441.mp3,7488,,2025-12-16 03:50:32.776773+00,2025-12-16 03:50:32.776773+00,0
402,7d3e73fbf11052a905856442fcff957449618c764c2dda6b42392d2a468d74ad,To Award,en-US,gtts,content/verbs/level_8/word/to-award_7d3e73fb.mp3,8256,,2025-12-16 03:50:32.791799+00,2025-12-16 03:50:32.791799+00,0
403,868bff5e233b66526658dcfb8ea851617b2a7fa1bdf44845868ed5ec23a2bdd8,To Assign,en-US,gtts,content/verbs/level_8/word/to-assign_868bff5e.mp3,9024,,2025-12-16 03:50:33.934455+00,2025-12-16 03:50:33.934455+00,0
404,23d55a8f16a590c8ae6ea2b73ee7b087d7b90a2146e316a5d90177ba8d8dad60,To Sell,en-US,gtts,content/verbs/level_7/word/to-sell_23d55a8f.mp3,7296,,2025-12-16 03:50:34.731577+00,2025-12-16 03:50:34.731577+00,0
405,4310d1f268fcccf052c76085f80312e3c47bc4f7974a7723f467d98d1f4c1429,To Forfeit,en-US,gtts,content/verbs/level_8/word/to-forfeit_4310d1f2.mp3,8256,,2025-12-16 03:50:35.306091+00,2025-12-16 03:50:35.306091+00,0
406,339338bdbc085475e0ab3103aa1a73d2a988a21d3c1bf66ec84e59dac3be20db,To Relinquish,en-US,gtts,content/verbs/level_8/word/to-relinquish_339338bd.mp3,10752,,2025-12-16 03:50:35.943737+00,2025-12-16 03:50:35.943737+00,0
407,b4d2745b7133191f3c1a5201b1856ee15eff09a30799c9767800e3fd4119fd0d,To Sing,en-US,gtts,content/verbs/level_7/word/to-sing_b4d2745b.mp3,7488,,2025-12-16 03:50:35.962917+00,2025-12-16 03:50:35.962917+00,0
408,f687bc9aea30e0e5e08d05eb58005451c9d1ad8930fbd0f7618dc018c901fef1,To Surrender,en-US,gtts,content/verbs/level_8/word/to-surrender_f687bc9a.mp3,9600,,2025-12-16 03:50:36.841924+00,2025-12-16 03:50:36.841924+00,0
409,0740d17234447f77f5edd8baa85b6b20afc9945edc47c8e7951396869ab0866f,To Abandon,en-US,gtts,content/verbs/level_8/word/to-abandon_0740d172.mp3,9408,,2025-12-16 03:50:37.366752+00,2025-12-16 03:50:37.366752+00,0
410,511d94dd7266d0245842c1d31b8cbedd383831edd289d8f9b03dec64d44848ce,To Release,en-US,gtts,content/verbs/level_8/word/to-release_511d94dd.mp3,9216,,2025-12-16 03:50:37.85923+00,2025-12-16 03:50:37.85923+00,0
411,e41e8e7f95d77d4e1316c472a6e4c6580bab248c3a959bbcd3c99e316f25d984,To Give Up,en-US,gtts,content/verbs/level_8/word/to-give-up_e41e8e7f.mp3,7680,,2025-12-16 03:50:38.338825+00,2025-12-16 03:50:38.338825+00,0
412,c35afbb53d326b4088db44daeb5d515a314e84199079e267d673269180364d7f,To Discard,en-US,gtts,content/verbs/level_8/word/to-discard_c35afbb5.mp3,9024,,2025-12-16 03:50:39.056283+00,2025-12-16 03:50:39.056283+00,0
413,10b865d3bf2f53f6f0d2c6878cbedd31a87636a431a4da602cc9c87c9492ea99,To Manage,en-US,gtts,content/verbs/level_8/word/to-manage_10b865d3.mp3,8640,,2025-12-16 03:50:39.561307+00,2025-12-16 03:50:39.561307+00,0
414,ff55b0002988abb982abcf49c2e7eb287748c81012e6516684ed472ba8cafbde,To Control,en-US,gtts,content/verbs/level_8/word/to-control_ff55b000.mp3,8832,,2025-12-16 03:50:40.053799+00,2025-12-16 03:50:40.053799+00,0
415,d7706f1fabf3848e5ab87c17a4ec0f3b6f06259081a25bc5bd67c7ff581c2f1e,To Administer,en-US,gtts,content/verbs/level_8/word/to-administer_d7706f1f.mp3,10944,,2025-12-16 03:50:40.541971+00,2025-12-16 03:50:40.541971+00,0
416,231aad2a49394ee0a568da9e123b287e01993540a9004ff3ec0f595278c5dd3a,To Allocate,en-US,gtts,content/verbs/level_8/word/to-allocate_231aad2a.mp3,9024,,2025-12-16 03:50:41.032322+00,2025-12-16 03:50:41.032322+00,0
417,0997fb9128891d2c4158a6f1fa0a16be5a10f3160d4028da95c63e634fcf84e7,To Distribute,en-US,gtts,content/verbs/level_8/word/to-distribute_0997fb91.mp3,9408,,2025-12-16 03:50:41.537804+00,2025-12-16 03:50:41.537804+00,0
418,fc174f493f1a353c9eb9cc0fd1c7dfe7ea1bc849d41c8444b99c40ab0cd1f124,To Share,en-US,gtts,content/verbs/level_8/word/to-share_fc174f49.mp3,7872,,2025-12-16 03:50:42.328287+00,2025-12-16 03:50:42.328287+00,0
419,b34d2a10855a359f3559eeec69ba710eaa007f6e491bb869c3cfa93e546d0688,To Divide,en-US,gtts,content/verbs/level_8/word/to-divide_b34d2a10.mp3,8256,,2025-12-16 03:50:43.088623+00,2025-12-16 03:50:43.088623+00,0
420,55f9f164cd64d9b5b338e9c8981c2a286d7ee24f6a5f3a25bc1fe56d9ea32f62,To Seize,en-US,gtts,content/verbs/level_8/word/to-seize_55f9f164.mp3,9024,,2025-12-16 03:50:43.816521+00,2025-12-16 03:50:43.816521+00,0
421,818a45d23ad165e82a9ac177d200e2c163456bc722178c4c69cb46b5a219eaae,To Grab,en-US,gtts,content/verbs/level_8/word/to-grab_818a45d2.mp3,7488,,2025-12-16 03:50:44.326279+00,2025-12-16 03:50:44.326279+00,0
422,0f6cb3d6ff403692bf08073df28b8690188b5ac81858cf187b3078f594da166a,To Borrow,en-US,gtts,content/verbs/level_8/word/to-borrow_0f6cb3d6.mp3,8256,,2025-12-16 03:50:45.121175+00,2025-12-16 03:50:45.121175+00,0
423,6034b823f97a9d15d7f584d09fa8fef7cdaf6293f54152b017291cca24f785a7,To Listen,en-US,gtts,content/verbs/level_5/word/to-listen_6034b823.mp3,7680,,2025-12-16 03:54:20.903019+00,2025-12-16 03:54:20.903019+00,0
424,272c85828c715ba4c0daa1f5bf87d8a252adafd385f327ec53126c8800dc60b5,To Answer,en-US,gtts,content/verbs/level_5/word/to-answer_272c8582.mp3,8448,,2025-12-16 03:54:21.875815+00,2025-12-16 03:54:21.875815+00,0
425,dddb637a4812cd53bd61391e3acb39022042e38af38560171cdd2a6ac31159b1,To Reply,en-US,gtts,content/verbs/level_5/word/to-reply_dddb637a.mp3,8448,,2025-12-16 03:54:22.38516+00,2025-12-16 03:54:22.38516+00,0
426,47b7ec34a11a57d4da861dc3b09b7095ba0eb0fbd88d4ae3bbf92304f25653e5,To Respond,en-US,gtts,content/verbs/level_5/word/to-respond_47b7ec34.mp3,9408,,2025-12-16 03:54:22.890667+00,2025-12-16 03:54:22.890667+00,0
427,dee705f53729fff76e1cf6d238b7203186fed4d931ad2e0c3d75bfbaafce9a6b,To Wake Up,en-US,gtts,content/verbs/level_6/word/to-wake-up_dee705f5.mp3,8256,,2025-12-16 03:54:22.931357+00,2025-12-16 03:54:22.931357+00,0
428,b48ec2afedaeb285d9057cd4db3cd229ab99c493044e5eb5d22088c35cafbbf0,To Inform,en-US,gtts,content/verbs/level_5/word/to-inform_b48ec2af.mp3,9024,,2025-12-16 03:54:24.01987+00,2025-12-16 03:54:24.01987+00,0
429,9002207537fb3ebc2edb1d8b3a2d3c33bdc0fb5b9db57bdbc1c146ef7624e5c9,To Get Up,en-US,gtts,content/verbs/level_6/word/to-get-up_90022075.mp3,7488,,2025-12-16 03:54:24.0653+00,2025-12-16 03:54:24.0653+00,0
430,54fd679cdff053d614f8690c6c8c8cc302103605d3c63b3b2fdf12b84f950837,To Notify,en-US,gtts,content/verbs/level_5/word/to-notify_54fd679c.mp3,9216,,2025-12-16 03:54:24.8796+00,2025-12-16 03:54:24.8796+00,0
431,8052adf33f2b8cee9ff7a263a5b5c3e5afb8a296c508e386e7d7e4444bb8252f,To Brush,en-US,gtts,content/verbs/level_6/word/to-brush_8052adf3.mp3,8256,,2025-12-16 03:54:25.348733+00,2025-12-16 03:54:25.348733+00,0
432,3bca6ddaca019450df1fd486e1ec38382d968f75b03e55d153d058562109b626,To Explain,en-US,gtts,content/verbs/level_5/word/to-explain_3bca6dda.mp3,9792,,2025-12-16 03:54:25.396203+00,2025-12-16 03:54:25.396203+00,0
433,b7a14df9db8415ead5f31a41e9fb41688050d8ef58129dfe611d7991f6e19f82,To Wash,en-US,gtts,content/verbs/level_6/word/to-wash_b7a14df9.mp3,8832,,2025-12-16 03:54:26.244752+00,2025-12-16 03:54:26.244752+00,0
434,4e4258ddfcadf9a1b82ea06c0238476298fcc9d936633b70dc53f3f31f8e48c2,To Describe,en-US,gtts,content/verbs/level_5/word/to-describe_4e4258dd.mp3,9408,,2025-12-16 03:54:26.287986+00,2025-12-16 03:54:26.287986+00,0
435,cdb92b9e17571f64c9355f161fb6f518da300bf7df30de3ef268abee53ed4da5,To Shower,en-US,gtts,content/verbs/level_6/word/to-shower_cdb92b9e.mp3,8832,,2025-12-16 03:54:27.134614+00,2025-12-16 03:54:27.134614+00,0
436,233dc5b6b3b41c1bbe716f65b425c24c3127e25b2166b86272ecc5ce7b942ed7,To Dress,en-US,gtts,content/verbs/level_6/word/to-dress_233dc5b6.mp3,8640,,2025-12-16 03:54:28.076376+00,2025-12-16 03:54:28.076376+00,0
437,0e698e8447f50af9c9a4b6b30fa3642b243a16c1922d58c87e88318e9d8c7e17,To Communicate,en-US,gtts,content/verbs/level_5/word/to-communicate_0e698e84.mp3,10176,,2025-12-16 03:54:28.095846+00,2025-12-16 03:54:28.095846+00,0
438,90e45fafe297b8b59833fe856f3e64160f4fb5f6f34bcb1935c574c0946c1032,To Convey,en-US,gtts,content/verbs/level_5/word/to-convey_90e45faf.mp3,8448,,2025-12-16 03:54:29.003392+00,2025-12-16 03:54:29.003392+00,0
439,4c2b075e1a16a5445f5a998a300236b55c217e4bd041565240e0a929f0b4b1fa,To Cook,en-US,gtts,content/verbs/level_6/word/to-cook_4c2b075e.mp3,6912,,2025-12-16 03:54:29.932199+00,2025-12-16 03:54:29.932199+00,0
440,db418d734d5166f4aa62c8e419faf3b8a12359589f423997e8bbe19b02d2ff0e,To Present,en-US,gtts,content/verbs/level_5/word/to-present_db418d73.mp3,8832,,2025-12-16 03:54:30.534909+00,2025-12-16 03:54:30.534909+00,0
441,bb72a8f2d6549243595a371becd465ce65bb8af6c830e6a92f11d7a3512686e2,To Clean,en-US,gtts,content/verbs/level_6/word/to-clean_bb72a8f2.mp3,7680,,2025-12-16 03:54:30.575923+00,2025-12-16 03:54:30.575923+00,0
442,989e080a4566e9f3c6b8e31dcf66b671f48a2431ec49743c224eef1de84c18cc,To Report,en-US,gtts,content/verbs/level_5/word/to-report_989e080a.mp3,8064,,2025-12-16 03:54:31.420101+00,2025-12-16 03:54:31.420101+00,0
443,5a4ec13250825eb85267741f2bfd2ce5efab8043725a312175ac24280c602a96,To Shop,en-US,gtts,content/verbs/level_6/word/to-shop_5a4ec132.mp3,7296,,2025-12-16 03:54:31.461112+00,2025-12-16 03:54:31.461112+00,0
444,b9fc7db3348cd0a1c87a8e09622626a5e709f78eb6a2a914feaa4335d2ea8012,To Discuss,en-US,gtts,content/verbs/level_5/word/to-discuss_b9fc7db3.mp3,9792,,2025-12-16 03:54:32.329435+00,2025-12-16 03:54:32.329435+00,0
445,025efc1c742a2d62f473f563270e0607bd0bf7935db53f4e3c8f6d7ca6fa0300,To Debate,en-US,gtts,content/verbs/level_5/word/to-debate_025efc1c.mp3,7872,,2025-12-16 03:54:32.968809+00,2025-12-16 03:54:32.968809+00,0
446,28e7560e9d1ca126b43ef12e7aa0fddd236276b26790f4aab70d36bafe3d8cdb,To Commute,en-US,gtts,content/verbs/level_6/word/to-commute_28e7560e.mp3,7680,,2025-12-16 03:54:33.588848+00,2025-12-16 03:54:33.588848+00,0
447,ab30a466cff037286590c00320d38ef4ae8fadf2fe240e9b576e38feaee29ea4,To Negotiate,en-US,gtts,content/verbs/level_5/word/to-negotiate_ab30a466.mp3,9984,,2025-12-16 03:54:33.595179+00,2025-12-16 03:54:33.595179+00,0
448,5d10d39419962350e30e414f4574da96a00bcf0b18631aad6cccb9fe63fb4694,To Organize,en-US,gtts,content/verbs/level_6/word/to-organize_5d10d394.mp3,10752,,2025-12-16 03:54:34.489462+00,2025-12-16 03:54:34.489462+00,0
449,23a9b3da082c90b59dd3efd395a6dad9394239c68d6a58666815c9e6e68335f7,To Propose,en-US,gtts,content/verbs/level_5/word/to-propose_23a9b3da.mp3,10176,,2025-12-16 03:54:34.505028+00,2025-12-16 03:54:34.505028+00,0
450,6fb5d20efb6236316e871d1a9af7373d7d1498dd72ce62d9d9ffdc93d75d75bb,To Recommend,en-US,gtts,content/verbs/level_5/word/to-recommend_6fb5d20e.mp3,9408,,2025-12-16 03:54:35.414951+00,2025-12-16 03:54:35.414951+00,0
451,9ff647ad7852a178b9d7dca589cdbad7fa1e05d27cb43f4746af2c781adb0954,To Relax,en-US,gtts,content/verbs/level_6/word/to-relax_9ff647ad.mp3,9792,,2025-12-16 03:54:36.053742+00,2025-12-16 03:54:36.053742+00,0
452,72e9beedb1c80b0ac5ddbc72e4da85b03691b21ac891f5b1773853e62aaf4e77,To Advise,en-US,gtts,content/verbs/level_5/word/to-advise_72e9beed.mp3,10368,,2025-12-16 03:54:36.070274+00,2025-12-16 03:54:36.070274+00,0
453,ff1749de36eb0577e0e7b6391ec28d8e764dabc2e3792aea126535c75df34528,To Consult,en-US,gtts,content/verbs/level_5/word/to-consult_ff1749de.mp3,8448,,2025-12-16 03:54:36.990766+00,2025-12-16 03:54:36.990766+00,0
454,4e2ef998b3857f5e600f5fcce2f8cd988cfe13bb663439a9e015df7409b16a65,To Collaborate,en-US,gtts,content/verbs/level_5/word/to-collaborate_4e2ef998.mp3,9792,,2025-12-16 03:54:37.640855+00,2025-12-16 03:54:37.640855+00,0
455,cde5893ab8f82ff6e910244fb3a7e6e833a555b910397380c3ceab1adaebcec9,To Watch,en-US,gtts,content/verbs/level_6/word/to-watch_cde5893a.mp3,8448,,2025-12-16 03:54:37.818386+00,2025-12-16 03:54:37.818386+00,0
456,08e400da8e2d37cc9bb630460f15529b8e82c540208e1a4518d68298dea84ae6,To Coordinate,en-US,gtts,content/verbs/level_5/word/to-coordinate_08e400da.mp3,9792,,2025-12-16 03:54:38.675499+00,2025-12-16 03:54:38.675499+00,0
457,bbcb6eeeaae1d1c0c85285f7485180c1d90f563930de366a781832908309072e,To Outline,en-US,gtts,content/verbs/level_5/word/to-outline_bbcb6eee.mp3,8832,,2025-12-16 03:54:39.187749+00,2025-12-16 03:54:39.187749+00,0
458,5fb1c60273b99e7a8e89c7384d651f13ca565644fe1f8ec7f6fd124b9fe4d9f7,To Travel,en-US,gtts,content/verbs/level_6/word/to-travel_5fb1c602.mp3,8064,,2025-12-16 03:54:39.788035+00,2025-12-16 03:54:39.788035+00,0
459,2b8856446c1de21aad5e8b95dd90da15402932168b4cf362b8101bee4096cd9a,To Summarize,en-US,gtts,content/verbs/level_5/word/to-summarize_2b885644.mp3,10944,,2025-12-16 03:54:39.826884+00,2025-12-16 03:54:39.826884+00,0
460,5274ecd0ae366e62c3243f33dcae0e93fc3f9f2a9d4a81d59b73ab755d527376,To Exercise,en-US,gtts,content/verbs/level_6/word/to-exercise_5274ecd0.mp3,11712,,2025-12-16 03:54:40.690761+00,2025-12-16 03:54:40.690761+00,0
461,e9da3ecaf8f7f9f2ccf79865873f308b965f8b82e1bec2e30b6459f4c72707fb,To Walk,en-US,gtts,content/verbs/level_6/word/to-walk_e9da3eca.mp3,7296,,2025-12-16 03:54:41.597948+00,2025-12-16 03:54:41.597948+00,0
462,63de7b2b673071ca8a0fead61f00775ca343e12e53f163b5f81c54f6d72fcef4,To Persuade,en-US,gtts,content/verbs/level_5/word/to-persuade_63de7b2b.mp3,9408,,2025-12-16 03:54:41.617453+00,2025-12-16 03:54:41.617453+00,0
463,0827a8271589db8fc4fa3e8b6bcfbdb23785ec9fdb16590a048611a07dd0b76f,To Convince,en-US,gtts,content/verbs/level_5/word/to-convince_0827a827.mp3,9984,,2025-12-16 03:54:42.770825+00,2025-12-16 03:54:42.770825+00,0
464,8594a001fc6e4d0693a4947965d6822c5a6fb22437c31be5899f4d96988208ec,To Swim,en-US,gtts,content/verbs/level_6/word/to-swim_8594a001.mp3,8256,,2025-12-16 03:54:43.619723+00,2025-12-16 03:54:43.619723+00,0
465,4176bc4179df49a9c0d9b0d27b743ca569b1421868aa70fe38aecdbb395d8a99,To Influence,en-US,gtts,content/verbs/level_5/word/to-influence_4176bc41.mp3,10944,,2025-12-16 03:54:43.658597+00,2025-12-16 03:54:43.658597+00,0
466,45e06b70c7c0d0a4c8205ef9df8ede6308c50896dc805e2979491eb08d1e0d15,To Dance,en-US,gtts,content/verbs/level_6/word/to-dance_45e06b70.mp3,9024,,2025-12-16 03:54:44.860072+00,2025-12-16 03:54:44.860072+00,0
467,47247cd64694de00b3c1fbdc65a34bb1554c05287206023a1153cb5ba6d132d7,To Brief,en-US,gtts,content/verbs/level_5/word/to-brief_47247cd6.mp3,7872,,2025-12-16 03:54:45.324315+00,2025-12-16 03:54:45.324315+00,0
468,2971c076a9ce3dffa73826e1f5a18660bb61cbd737ecf4cd0530eefc82b7b83c,To Paint,en-US,gtts,content/verbs/level_6/word/to-paint_2971c076.mp3,7296,,2025-12-16 03:54:45.976398+00,2025-12-16 03:54:45.976398+00,0
469,45aac0c583dd05f0e3bcdd8a17e580f9e4b86a66e9169415b9e3398bc513f7fc,To Disseminate,en-US,gtts,content/verbs/level_5/word/to-disseminate_45aac0c5.mp3,9984,,2025-12-16 03:54:45.982751+00,2025-12-16 03:54:45.982751+00,0
470,a245bf40eeebc2e7bafa7e3a072ee23ea8df8e3657705a15a7562daa122abc0b,To Publicize,en-US,gtts,content/verbs/level_5/word/to-publicize_a245bf40.mp3,10944,,2025-12-16 03:54:46.866208+00,2025-12-16 03:54:46.866208+00,0
471,8bd94ee1208ec0a2acc2aa1c0ce72beed4911a313e551d148a4b1f3ae71edd19,To Type,en-US,gtts,content/verbs/level_5/word/to-type_8bd94ee1.mp3,7104,,2025-12-16 03:54:47.508171+00,2025-12-16 03:54:47.508171+00,0
472,14f02506d3f5f5da9cc52caff24c4a8583e3b95b767f5f6441949171e190e2ba,To Text,en-US,gtts,content/verbs/level_5/word/to-text_14f02506.mp3,8064,,2025-12-16 03:54:48.277469+00,2025-12-16 03:54:48.277469+00,0
473,06f125a738ea41f84bd1ff22e466da4118294c9ee47357a28cb354fbbe6386ce,To Visit,en-US,gtts,content/verbs/level_6/word/to-visit_06f125a7.mp3,7296,,2025-12-16 03:54:48.296149+00,2025-12-16 03:54:48.296149+00,0
474,57b89dbd543fe67d9d272d510643618760b62999155ccb29f99b0781889b4172,To Email,en-US,gtts,content/verbs/level_5/word/to-email_57b89dbd.mp3,8448,,2025-12-16 03:54:49.160124+00,2025-12-16 03:54:49.160124+00,0
475,a6abaf041432185db4a2be41244968fb783d7ae9726bdb0f576066cd22fe1e5c,To Explore,en-US,gtts,content/verbs/level_6/word/to-explore_a6abaf04.mp3,9600,,2025-12-16 03:54:49.17311+00,2025-12-16 03:54:49.17311+00,0
476,088077ae6f4005939cfdf25d99783d726512a21a1c5ccb014e4fd97ff5bd12dd,To Message,en-US,gtts,content/verbs/level_5/word/to-message_088077ae.mp3,9024,,2025-12-16 03:54:50.078124+00,2025-12-16 03:54:50.078124+00,0
477,eedfab9893e749dbf9df021c528b480e56266a975c0ccb4af710ec8c34e0820d,To Hike,en-US,gtts,content/verbs/level_6/word/to-hike_eedfab98.mp3,6912,,2025-12-16 03:54:50.097545+00,2025-12-16 03:54:50.097545+00,0
478,578f440dab75d944e1c1ceca8366299437028239ed0b05a9f6a785d25cd7234d,To Broadcast,en-US,gtts,content/verbs/level_5/word/to-broadcast_578f440d.mp3,10560,,2025-12-16 03:54:50.970611+00,2025-12-16 03:54:50.970611+00,0
479,7996af19942ca41fbb475e487a259a5a1ce66fffd4d5b99193cf3ae77591356f,To Cycle,en-US,gtts,content/verbs/level_6/word/to-cycle_7996af19.mp3,8256,,2025-12-16 03:54:50.992322+00,2025-12-16 03:54:50.992322+00,0
480,5f426feb3f2a88f94c12d365bfcf81b129793fe8ad6637de0ac50abfef093ad2,To Stream,en-US,gtts,content/verbs/level_5/word/to-stream_5f426feb.mp3,8256,,2025-12-16 03:54:52.456268+00,2025-12-16 03:54:52.456268+00,0
481,df7212c31ac9460f52caee7f2c20a1de8d3dda1768ca5617c1ac64d652c13620,To Game,en-US,gtts,content/verbs/level_6/word/to-game_df7212c3.mp3,7296,,2025-12-16 03:54:52.471413+00,2025-12-16 03:54:52.471413+00,0
482,04f8a6f3a81aab78592da8cdd021d2179271e571648cad4ab646141c8c7ef48d,To Post,en-US,gtts,content/verbs/level_5/word/to-post_04f8a6f3.mp3,8064,,2025-12-16 03:54:53.601158+00,2025-12-16 03:54:53.601158+00,0
483,b1783c4d77bb74b191385cb7138e9f21f015e1a3a4432912b10715bc023e8db0,To Nap,en-US,gtts,content/verbs/level_6/word/to-nap_b1783c4d.mp3,7296,,2025-12-16 03:54:53.629598+00,2025-12-16 03:54:53.629598+00,0
484,7abc1b4cb6155ffe6401de818a0b83ab35416126621f9d38c0aad11cc669de58,To Upload,en-US,gtts,content/verbs/level_5/word/to-upload_7abc1b4c.mp3,8448,,2025-12-16 03:54:54.514777+00,2025-12-16 03:54:54.514777+00,0
485,22aa65d27d40e8667008cd5fd45e8533a0ec95928d76f7e9d6f7b8ded40f570f,To Chat,en-US,gtts,content/verbs/level_6/word/to-chat_22aa65d2.mp3,7104,,2025-12-16 03:54:54.529947+00,2025-12-16 03:54:54.529947+00,0
486,0cc8f0ce0c451d0cdb2c2aaa36372a9f80565b4afc9140f195e31a6238ccba73,To Download,en-US,gtts,content/verbs/level_5/word/to-download_0cc8f0ce.mp3,9024,,2025-12-16 03:54:55.383073+00,2025-12-16 03:54:55.383073+00,0
487,e7f1b48796b7be01ec8e1798f409302c25be69e40bdf930128859ae5ecba664a,To Unwind,en-US,gtts,content/verbs/level_6/word/to-unwind_e7f1b487.mp3,9216,,2025-12-16 03:54:55.4073+00,2025-12-16 03:54:55.4073+00,0
488,b1769e038216ba2755297ed9cb2619aeed6261433999484ff6f2c7a07a540a1a,To Connect,en-US,gtts,content/verbs/level_5/word/to-connect_b1769e03.mp3,7872,,2025-12-16 03:54:56.279488+00,2025-12-16 03:54:56.279488+00,0
489,f2c48b7acc5df9fa67488cf41d9a36382169d24227afcb1891e050e0a3ba237b,To Enjoy,en-US,gtts,content/verbs/level_6/word/to-enjoy_f2c48b7a.mp3,8256,,2025-12-16 03:54:56.325273+00,2025-12-16 03:54:56.325273+00,0
490,3d8ea906df3e149abaca125e72252bee0ed311bf4eb39d250ea88b991e5c009b,To Interact,en-US,gtts,content/verbs/level_5/word/to-interact_3d8ea906.mp3,9408,,2025-12-16 03:54:57.46315+00,2025-12-16 03:54:57.46315+00,0
491,1ad6a436469518fd5e18fb77d52fe026882113c6986170db8dd7ce0d8ee27e99,To Volunteer,en-US,gtts,content/verbs/level_6/word/to-volunteer_1ad6a436.mp3,10368,,2025-12-16 03:54:58.124549+00,2025-12-16 03:54:58.124549+00,0
492,072d0739900f8255b10a76b13778d131aedabd1d25c764fd32e2a2591c98d6db,To Tidy,en-US,gtts,content/verbs/level_6/word/to-tidy_072d0739.mp3,7872,,2025-12-16 03:54:59.214945+00,2025-12-16 03:54:59.214945+00,0
493,a86985a1c027a657e1622393c3eb2a27becf62c1190e9b30b260779017d681e0,To Prepare,en-US,gtts,content/verbs/level_6/word/to-prepare_a86985a1.mp3,8640,,2025-12-16 03:55:00.005538+00,2025-12-16 03:55:00.005538+00,0
494,f98e5399679c49424434d9054f8662567b725b6b8a79249f3289ed2e1185e7e2,To Finish,en-US,gtts,content/verbs/level_6/word/to-finish_f98e5399.mp3,8640,,2025-12-16 03:55:00.735594+00,2025-12-16 03:55:00.735594+00,0
495,ce885d2c8c45bf0f30ec24ed1b7e0164c01e1b5e8e9409071224cd3c5fee828f,To Sleep,en-US,gtts,content/verbs/level_6/word/to-sleep_ce885d2c.mp3,7680,,2025-12-16 03:55:01.249741+00,2025-12-16 03:55:01.249741+00,0
496,c215b8319aab32161fe41d4847ff70881881b4d83d88e2e76c2f68cd69ead82c,To Jump,en-US,gtts,content/verbs/level_3/word/to-jump_c215b831.mp3,7296,,2025-12-16 03:56:39.326632+00,2025-12-16 03:56:39.326632+00,0
497,f9d8c688925c25b7a4913f0dcf5a20ef9f54b5bf272457eca8af165d17fa7e32,To Leap,en-US,gtts,content/verbs/level_3/word/to-leap_f9d8c688.mp3,6912,,2025-12-16 03:56:39.838568+00,2025-12-16 03:56:39.838568+00,0
498,f8ab615f6cf1a0b548d762b76c2b49b7d89e47674090e583c5afb203b0c3b444,To Hop,en-US,gtts,content/verbs/level_3/word/to-hop_f8ab615f.mp3,7104,,2025-12-16 03:56:40.330988+00,2025-12-16 03:56:40.330988+00,0
499,9abe184b0b584d6c1e712b4a5216ea6e593fcf0f23525acfe685fb7ab0859c61,To Skip,en-US,gtts,content/verbs/level_3/word/to-skip_9abe184b.mp3,7104,,2025-12-16 03:56:40.836471+00,2025-12-16 03:56:40.836471+00,0
500,551b8b0e8e6472002f4aa0389c45d05aa79e69566a513702bd5e25e63c0f6618,To Crawl,en-US,gtts,content/verbs/level_3/word/to-crawl_551b8b0e.mp3,7680,,2025-12-16 03:56:41.326763+00,2025-12-16 03:56:41.326763+00,0
501,899185d4462b4d77f9723201914b0d61bae1c8a348f58094693ae121ec644647,To Creep,en-US,gtts,content/verbs/level_3/word/to-creep_899185d4.mp3,7296,,2025-12-16 03:56:41.832316+00,2025-12-16 03:56:41.832316+00,0
502,699f0b7c8c69ec439fe921a556163f3782b670d3dee0213641c249b0ababba28,To Stroll,en-US,gtts,content/verbs/level_3/word/to-stroll_699f0b7c.mp3,8448,,2025-12-16 03:56:42.331194+00,2025-12-16 03:56:42.331194+00,0
503,58f10319897c0b5c6a4535193558da4c94ee831b377cbe8b141fbe4de71d12a8,To Wander,en-US,gtts,content/verbs/level_3/word/to-wander_58f10319.mp3,9024,,2025-12-16 03:56:42.851429+00,2025-12-16 03:56:42.851429+00,0
504,2ea1c2e939530a06545830cb7d5d3f75374aa42a025731e19bcfd5fbaf82d975,To Roam,en-US,gtts,content/verbs/level_3/word/to-roam_2ea1c2e9.mp3,7872,,2025-12-16 03:56:43.352871+00,2025-12-16 03:56:43.352871+00,0
505,91b634f0f9d735238b86cd6c461fd7bacfe02f63a95a577418e418d9f1c7af0b,To Modify,en-US,gtts,content/verbs/level_4/word/to-modify_91b634f0.mp3,9792,,2025-12-16 03:56:43.808587+00,2025-12-16 03:56:43.808587+00,0
506,f0facbec95936a68b32f0f24c748e8931075b24f44b0b7ba824df4f4e0a70a76,To Prowl,en-US,gtts,content/verbs/level_3/word/to-prowl_f0facbec.mp3,7872,,2025-12-16 03:56:43.851822+00,2025-12-16 03:56:43.851822+00,0
507,1db58957bf70ae4e287c798ad81bdf269d6d0b9425423ae5ccf2e0881ba8e098,To Change,en-US,gtts,content/verbs/level_4/word/to-change_1db58957.mp3,8640,,2025-12-16 03:56:45.003101+00,2025-12-16 03:56:45.003101+00,0
508,c39c40da380070554b9921603eb0913a4853b72f09a7470918fdb28dd20bfbf7,To March,en-US,gtts,content/verbs/level_3/word/to-march_c39c40da.mp3,8640,,2025-12-16 03:56:45.044193+00,2025-12-16 03:56:45.044193+00,0
509,e3bad08e42c26ba81cd8776982c31b8bf1c9fac349eb68a69ce6d7b1ee4288e0,To Alter,en-US,gtts,content/verbs/level_4/word/to-alter_e3bad08e.mp3,8448,,2025-12-16 03:56:46.201884+00,2025-12-16 03:56:46.201884+00,0
510,0a589ebb78268212c12f1aadac0f53328dfa4e27771cfb9339e8ce8381cf05d6,To Glide,en-US,gtts,content/verbs/level_3/word/to-glide_0a589ebb.mp3,8064,,2025-12-16 03:56:46.219232+00,2025-12-16 03:56:46.219232+00,0
511,70c2eaaa4781af0b8c7ceec5224d6cba1d485ee4a951ce3e58d554d0406aca2e,To Adjust,en-US,gtts,content/verbs/level_4/word/to-adjust_70c2eaaa.mp3,9024,,2025-12-16 03:56:47.11345+00,2025-12-16 03:56:47.11345+00,0
512,06eaaaeddab8b22e2e5cf79be4e746eb301dc25f27e9b1a957d3fb6ca06fc031,To Slide,en-US,gtts,content/verbs/level_3/word/to-slide_06eaaaed.mp3,8064,,2025-12-16 03:56:47.135096+00,2025-12-16 03:56:47.135096+00,0
513,0a2607a41831a5545d84024a888e1b7d2445d841ef75bcbe70f4d0abc1053d30,To Adapt,en-US,gtts,content/verbs/level_4/word/to-adapt_0a2607a4.mp3,8256,,2025-12-16 03:56:48.016352+00,2025-12-16 03:56:48.016352+00,0
514,8c1fe6b40e38815f4c59ded786816c33227a0a21498cd987caced42d22c29e92,To Slip,en-US,gtts,content/verbs/level_3/word/to-slip_8c1fe6b4.mp3,7296,,2025-12-16 03:56:48.031432+00,2025-12-16 03:56:48.031432+00,0
515,ea3737d49256fbd8483c54e855f57d032c34eac547099b132e846bf5e51f314c,To Enhance,en-US,gtts,content/verbs/level_4/word/to-enhance_ea3737d4.mp3,10176,,2025-12-16 03:56:49.184885+00,2025-12-16 03:56:49.184885+00,0
516,43e619e68b550ee7abbd7412dbf1a6af9346fe0fa548a1239c8486666ed4f0b0,To Amplify,en-US,gtts,content/verbs/level_4/word/to-amplify_43e619e6.mp3,9984,,2025-12-16 03:56:49.826378+00,2025-12-16 03:56:49.826378+00,0
517,4cb7cf51868812707a72806e7d886e18aaa444fae02148569ce793e1c49a156d,To Intensify,en-US,gtts,content/verbs/level_4/word/to-intensify_4cb7cf51.mp3,11520,,2025-12-16 03:56:50.465799+00,2025-12-16 03:56:50.465799+00,0
518,9f67fbcef4d16b30ac738c859b416de327852068dd0a8d03e1ff00ee0aa02f1b,To Strengthen,en-US,gtts,content/verbs/level_4/word/to-strengthen_9f67fbce.mp3,9216,,2025-12-16 03:56:51.236935+00,2025-12-16 03:56:51.236935+00,0
519,ff1311f3c76d63f6bb2e1cb0831c7344a206bf6f7eb19ca8d0c42696343b6b2b,To Bend,en-US,gtts,content/verbs/level_3/word/to-bend_ff1311f3.mp3,7104,,2025-12-16 03:56:51.26276+00,2025-12-16 03:56:51.26276+00,0
520,b2e487e91e518b1fc79e4a4981a7fc98279e9a8eb6db5740084e338bf9bdab1f,To Weaken,en-US,gtts,content/verbs/level_4/word/to-weaken_b2e487e9.mp3,8640,,2025-12-16 03:56:52.109886+00,2025-12-16 03:56:52.109886+00,0
521,76fe212ebbf478560163b1ea09e86d95fb3241eeb467cfedc713bc52dafdd2d0,To Stretch,en-US,gtts,content/verbs/level_3/word/to-stretch_76fe212e.mp3,9408,,2025-12-16 03:56:52.152844+00,2025-12-16 03:56:52.152844+00,0
522,dab84d03226571871adf90906bd8556df5591382393a2bb4b4e212e4c5c8bc15,To Reduce,en-US,gtts,content/verbs/level_4/word/to-reduce_dab84d03.mp3,9408,,2025-12-16 03:56:52.988633+00,2025-12-16 03:56:52.988633+00,0
523,dc391a61e071af92f3e2752c9b1dd05bffc2df4f3a2d82be431bf90f60825bbe,To Decrease,en-US,gtts,content/verbs/level_4/word/to-decrease_dc391a61.mp3,10176,,2025-12-16 03:56:53.619745+00,2025-12-16 03:56:53.619745+00,0
524,f08549accc2d148eb927aeed32cb079f093cdc3b551ac195e719b2b04974fce3,To Spin,en-US,gtts,content/verbs/level_3/word/to-spin_f08549ac.mp3,8064,,2025-12-16 03:56:53.638832+00,2025-12-16 03:56:53.638832+00,0
525,2251c499aacae0c7f829a18c4ed5320cfce4987e4b7a785f0efc51e2e23cdede,To Diminish,en-US,gtts,content/verbs/level_4/word/to-diminish_2251c499.mp3,9600,,2025-12-16 03:56:54.507105+00,2025-12-16 03:56:54.507105+00,0
526,ccf6a38bf00a951592bf3ccdb87b1f099fa44eb931700df79cda9f52b0308935,To Rotate,en-US,gtts,content/verbs/level_3/word/to-rotate_ccf6a38b.mp3,8832,,2025-12-16 03:56:54.524816+00,2025-12-16 03:56:54.524816+00,0
527,2d98af8ad591ca7b1b97edb6bccc0ab8ba26725a31be4ec11757a7b4e3055499,To Limit,en-US,gtts,content/verbs/level_4/word/to-limit_2d98af8a.mp3,7104,,2025-12-16 03:56:55.926984+00,2025-12-16 03:56:55.926984+00,0
528,8f0074348bccd80e4c9802f159df5259fac1eaee32681ed62b93d231701d131c,To Twirl,en-US,gtts,content/verbs/level_3/word/to-twirl_8f007434.mp3,8064,,2025-12-16 03:56:55.941375+00,2025-12-16 03:56:55.941375+00,0
529,dd40ca35435cbdea16738ddd5a694e1dafdf0ab2c7190ab6aa66dd44f36afde6,To Restrict,en-US,gtts,content/verbs/level_4/word/to-restrict_dd40ca35.mp3,9216,,2025-12-16 03:56:56.809697+00,2025-12-16 03:56:56.809697+00,0
530,6c90c1ba9c7ff707512d9ee29d396329ad0e3df43ffe71add9cad5923fce405e,To Sway,en-US,gtts,content/verbs/level_3/word/to-sway_6c90c1ba.mp3,8448,,2025-12-16 03:56:56.823091+00,2025-12-16 03:56:56.823091+00,0
531,96a52954f640044f117b4109239aa01f24f0e3e7a3458baba94ecd2bf7f4debd,To Constrain,en-US,gtts,content/verbs/level_4/word/to-constrain_96a52954.mp3,9792,,2025-12-16 03:56:57.976092+00,2025-12-16 03:56:57.976092+00,0
532,cc0910e1db8351f20b49f4e7906e86f0232ee799d79d0dc1897f4ca77e20cb39,To Swing,en-US,gtts,content/verbs/level_3/word/to-swing_cc0910e1.mp3,8064,,2025-12-16 03:56:57.991234+00,2025-12-16 03:56:57.991234+00,0
533,73085dec43cc76e8398b63bb17ec4879cf1b5d4ea57eabb8ab1f0075031f83bd,To Broaden,en-US,gtts,content/verbs/level_4/word/to-broaden_73085dec.mp3,8256,,2025-12-16 03:56:58.870282+00,2025-12-16 03:56:58.870282+00,0
534,219833b36980e9cabd30e90fd9df6362948a092578811a15ecff1dcb02e07402,To Push,en-US,gtts,content/verbs/level_3/word/to-push_219833b3.mp3,7872,,2025-12-16 03:56:58.887598+00,2025-12-16 03:56:58.887598+00,0
535,bc942ac939bdb653e8e5813afca2cb3c87052d998618164ab7a85cfb5aabca53,To Widen,en-US,gtts,content/verbs/level_4/word/to-widen_bc942ac9.mp3,8640,,2025-12-16 03:57:00.03237+00,2025-12-16 03:57:00.03237+00,0
536,45f20ff9384b7f1660776c3ab4709db8bf194ff474c19177441cd2f19d9b686d,To Pull,en-US,gtts,content/verbs/level_3/word/to-pull_45f20ff9.mp3,6912,,2025-12-16 03:57:00.047495+00,2025-12-16 03:57:00.047495+00,0
537,ca7e67b69683de985773802d4d075f98a794ee69baefbb60224367f2b510c2cb,To Expand,en-US,gtts,content/verbs/level_4/word/to-expand_ca7e67b6.mp3,9600,,2025-12-16 03:57:00.909359+00,2025-12-16 03:57:00.909359+00,0
538,6dca1f766550c1a16bffc3c1d4b9ab9938573b98bebfe90b3a8d9917d76d82e6,To Lift,en-US,gtts,content/verbs/level_3/word/to-lift_6dca1f76.mp3,7104,,2025-12-16 03:57:00.924549+00,2025-12-16 03:57:00.924549+00,0
539,8510c4f86c1c25263fb1147ff72f01a5ea9c387d5ba4db281a7cddfc462be210,To Extend,en-US,gtts,content/verbs/level_4/word/to-extend_8510c4f8.mp3,9408,,2025-12-16 03:57:01.801382+00,2025-12-16 03:57:01.801382+00,0
540,0f4659c0389361d94300d8fbb2cc83e70b38917f61c7d7dec97433cd935da9b8,To Carry,en-US,gtts,content/verbs/level_3/word/to-carry_0f4659c0.mp3,7680,,2025-12-16 03:57:01.823075+00,2025-12-16 03:57:01.823075+00,0
541,041e120dad51ffb45e140f4460eb79a00ce38b0b818f6e4a74f3f42d96803a76,To Qualify,en-US,gtts,content/verbs/level_4/word/to-qualify_041e120d.mp3,9984,,2025-12-16 03:57:02.691359+00,2025-12-16 03:57:02.691359+00,0
542,bf4e57e93573b9e947ac6b9ac6b39837f06ef5e77f07f8bfba491148d796c0d5,To Drag,en-US,gtts,content/verbs/level_3/word/to-drag_bf4e57e9.mp3,8064,,2025-12-16 03:57:02.7086+00,2025-12-16 03:57:02.7086+00,0
543,0df45b5340c3fdcdb6fde76b105dd3642861f3294dc12cbbac2732151354d1e6,To Specify,en-US,gtts,content/verbs/level_4/word/to-specify_0df45b53.mp3,10368,,2025-12-16 03:57:03.585528+00,2025-12-16 03:57:03.585528+00,0
544,6eaf580d91a51d2cf58277a5c934feed699fe9be11d2c315c326845deb6487b4,To Haul,en-US,gtts,content/verbs/level_3/word/to-haul_6eaf580d.mp3,7488,,2025-12-16 03:57:03.598535+00,2025-12-16 03:57:03.598535+00,0
545,f7761b06bb5a6552cf1596830269d7d1343d586b680b7dac646248db785269a4,To Define,en-US,gtts,content/verbs/level_4/word/to-define_f7761b06.mp3,8832,,2025-12-16 03:57:04.738972+00,2025-12-16 03:57:04.738972+00,0
546,65147d2a6f69b4af35d08e782649c57a969dc3764b5cb110fccc378f8ba39e43,To Throw,en-US,gtts,content/verbs/level_3/word/to-throw_65147d2a.mp3,7488,,2025-12-16 03:57:04.758453+00,2025-12-16 03:57:04.758453+00,0
547,e093333943c339200d6d6e58e191c024319aecb00e86ae9bab141e80d640f210,To Clarify,en-US,gtts,content/verbs/level_4/word/to-clarify_e0933339.mp3,9792,,2025-12-16 03:57:05.93137+00,2025-12-16 03:57:05.93137+00,0
548,705428dcdcd22365cb2a0dec4fe38ca2484cb9e29cad81f7bb60c877c987130b,To Kick,en-US,gtts,content/verbs/level_3/word/to-kick_705428dc.mp3,6912,,2025-12-16 03:57:06.849391+00,2025-12-16 03:57:06.849391+00,0
549,8c4dd5ab416decde3ea8abdb3e20aa23705a80c24e1692dbf5dbc63014cb7eff,To Emphasize,en-US,gtts,content/verbs/level_4/word/to-emphasize_8c4dd5ab.mp3,11328,,2025-12-16 03:57:06.858501+00,2025-12-16 03:57:06.858501+00,0
550,136959196b1d36f02ff82a4bb413eb5fde03d46cace4182e8825e56e7183c9f8,To Punch,en-US,gtts,content/verbs/level_3/word/to-punch_13695919.mp3,8448,,2025-12-16 03:57:08.041767+00,2025-12-16 03:57:08.041767+00,0
551,4746a981fb2022bbeb6114b60db420a4ee370c53216fb71a8461f5ab6d3a5df6,To Highlight,en-US,gtts,content/verbs/level_4/word/to-highlight_4746a981.mp3,8064,,2025-12-16 03:57:08.059071+00,2025-12-16 03:57:08.059071+00,0
552,863f24e9ae6e8f81f5867e5212f4d8a617377b65969c127ddd352a38dfa81e24,To Underline,en-US,gtts,content/verbs/level_4/word/to-underline_863f24e9.mp3,9408,,2025-12-16 03:57:08.974905+00,2025-12-16 03:57:08.974905+00,0
553,1dd6e72813e3d3b43cc72f0577762d2bdc9aaabd4d04e8606e87c4b9d4000e47,To Exaggerate,en-US,gtts,content/verbs/level_4/word/to-exaggerate_1dd6e728.mp3,10560,,2025-12-16 03:57:09.616361+00,2025-12-16 03:57:09.616361+00,0
554,d9430e6b559b1eea7bceac2c6a181c4d571bc22c5977fef9dbff163208afa9e5,To Minimize,en-US,gtts,content/verbs/level_4/word/to-minimize_d9430e6b.mp3,10368,,2025-12-16 03:57:10.374773+00,2025-12-16 03:57:10.374773+00,0
555,6455d7e9f9b50cc1d3255a8c00421ada2516d100706c193e0c73d696642332d0,To Dive,en-US,gtts,content/verbs/level_3/word/to-dive_6455d7e9.mp3,7488,,2025-12-16 03:57:11.026816+00,2025-12-16 03:57:11.026816+00,0
556,730d3148a1d48f2b10a8209563112784aaf07d72d2194f478b80c8fca823665c,To Optimize,en-US,gtts,content/verbs/level_4/word/to-optimize_730d3148.mp3,10560,,2025-12-16 03:57:11.033233+00,2025-12-16 03:57:11.033233+00,0
557,8608097a6eb0da104e2de31f4e12b2a6e691a567cc3ac92116c58602beaf5753,To Climb,en-US,gtts,content/verbs/level_3/word/to-climb_8608097a.mp3,7680,,2025-12-16 03:57:11.914941+00,2025-12-16 03:57:11.914941+00,0
558,b849fc5598e3fcc51c19ceea02eada8eb8108057d3341e2848116255aaa100b0,To Refine,en-US,gtts,content/verbs/level_4/word/to-refine_b849fc55.mp3,8832,,2025-12-16 03:57:11.936158+00,2025-12-16 03:57:11.936158+00,0
559,46c012b1b06b96ecc6310cc74e01beb6ac38eedce7f8a5597caf0d5b3b075824,To Descend,en-US,gtts,content/verbs/level_3/word/to-descend_46c012b1.mp3,8640,,2025-12-16 03:57:13.111238+00,2025-12-16 03:57:13.111238+00,0
560,9b67c0090d3d45cce60ecd9da5804f351c81f2b67cc8f07c2ee618886c365d82,To Detail,en-US,gtts,content/verbs/level_4/word/to-detail_9b67c009.mp3,9216,,2025-12-16 03:57:13.733242+00,2025-12-16 03:57:13.733242+00,0
561,cc5750fd6ecf0cb6b02a8e9fd8259ef9c7f61d03b8edbef1cdc1d67e3856bb15,To Ascend,en-US,gtts,content/verbs/level_3/word/to-ascend_cc5750fd.mp3,9216,,2025-12-16 03:57:13.739767+00,2025-12-16 03:57:13.739767+00,0
562,f36c78045ed821c1d9a34ef1178670635f0fc66ba63b5ca150eb3f4a0f2666e0,To Distinguish,en-US,gtts,content/verbs/level_4/word/to-distinguish_f36c7804.mp3,10944,,2025-12-16 03:57:14.629601+00,2025-12-16 03:57:14.629601+00,0
563,311faeb328372c75386f9dda601f5415f18bd4e1159f6ea661d4e38813a823ac,To Differentiate,en-US,gtts,content/verbs/level_4/word/to-differentiate_311faeb3.mp3,11136,,2025-12-16 03:57:15.28881+00,2025-12-16 03:57:15.28881+00,0
564,e47502366cbbe9528ab81fca575fa7438fdc12665ab480f6a8800cbc17fae855,To Characterize,en-US,gtts,content/verbs/level_4/word/to-characterize_e4750236.mp3,11904,,2025-12-16 03:57:16.213311+00,2025-12-16 03:57:16.213311+00,0
565,dc31652fec2e291c19205003a6e71ca5d252feaaf8019122ee27f2d0a7d490a1,To Shape,en-US,gtts,content/verbs/level_4/word/to-shape_dc31652f.mp3,7872,,2025-12-16 03:57:16.84583+00,2025-12-16 03:57:16.84583+00,0
566,57f14bc59ff3d85366bab82d159fafde670ad6fb390cf505b44d2e4907af2ea0,To Mold,en-US,gtts,content/verbs/level_4/word/to-mold_57f14bc5.mp3,7296,,2025-12-16 03:57:17.495992+00,2025-12-16 03:57:17.495992+00,0
567,a6aa14ca9b86317d04ddc111d4857ba666a4300411a7bf51776b65441f3a7ff6,To Calibrate,en-US,gtts,content/verbs/level_4/word/to-calibrate_a6aa14ca.mp3,9408,,2025-12-16 03:57:17.97775+00,2025-12-16 03:57:17.97775+00,0
568,153cdf2501dd1a905f003bea109d3a33c7bd3b06341800a6a66f4faff1410889,To Fine-tune,en-US,gtts,content/verbs/level_4/word/to-fine-tune_153cdf25.mp3,10368,,2025-12-16 03:57:18.474463+00,2025-12-16 03:57:18.474463+00,0
569,dd02b5d261233c4b74b404e2e2eb6f9e026e8a8c86492bd2a552dfecc0b9d91b,To Counteract,en-US,gtts,content/verbs/level_4/word/to-counteract_dd02b5d2.mp3,10176,,2025-12-16 03:57:19.243416+00,2025-12-16 03:57:19.243416+00,0
570,ed26ad9e3e7e042ca511167f0e3b218783272c9a8165b9ca34b4a5520ccad9c3,To Mitigate,en-US,gtts,content/verbs/level_4/word/to-mitigate_ed26ad9e.mp3,8448,,2025-12-16 03:57:19.747143+00,2025-12-16 03:57:19.747143+00,0
571,ca5812e5b9154a151d63bb020871f25b2b9600b5b1b2c653d312fcd58d4a30c7,To Moderate,en-US,gtts,content/verbs/level_4/word/to-moderate_ca5812e5.mp3,9024,,2025-12-16 03:57:20.243519+00,2025-12-16 03:57:20.243519+00,0
572,1edc827e4d706760ba580928d986785e6c2ccfd89e29089a142939561fa142f3,To Regulate,en-US,gtts,content/verbs/level_4/word/to-regulate_1edc827e.mp3,9024,,2025-12-16 03:57:20.73603+00,2025-12-16 03:57:20.73603+00,0
573,3ab867367586ebc9e7c94f23a7ecbf539732c2704c4a9551cd284d0bca26c789,To Temper,en-US,gtts,content/verbs/level_4/word/to-temper_3ab86736.mp3,8640,,2025-12-16 03:57:21.265305+00,2025-12-16 03:57:21.265305+00,0
574,87dfe1d891c2d85839ea906b8a221a568af9303a02f64d8bff182734a43d9982,To Soften,en-US,gtts,content/verbs/level_4/word/to-soften_87dfe1d8.mp3,8832,,2025-12-16 03:57:21.786869+00,2025-12-16 03:57:21.786869+00,0
575,2dcad4c3c1edb11476968b65c397c99d3680b4060ff9af783af1ee2fdff6cadb,To Sharpen,en-US,gtts,content/verbs/level_4/word/to-sharpen_2dcad4c3.mp3,8640,,2025-12-16 03:57:22.325812+00,2025-12-16 03:57:22.325812+00,0
576,4bde46ad7e961079c90a62ab131bcf1fd3c6b3c700eb6c32d56a25d172e40f4d,To Blunt,en-US,gtts,content/verbs/level_4/word/to-blunt_4bde46ad.mp3,7296,,2025-12-16 03:57:23.1185+00,2025-12-16 03:57:23.1185+00,0
577,bc1eb7c6a21a8eaf2f76c21fef060ac3f36adcf61ba59cec8cfd585b5d7156ea,To Elevate,en-US,gtts,content/verbs/level_4/word/to-elevate_bc1eb7c6.mp3,8832,,2025-12-16 03:57:23.61111+00,2025-12-16 03:57:23.61111+00,0
578,640c7ed547c177ef066a609afcc7a632b486cf86bf88788371e1bf3189eefc75,To Lower,en-US,gtts,content/verbs/level_4/word/to-lower_640c7ed5.mp3,8448,,2025-12-16 03:57:24.399739+00,2025-12-16 03:57:24.399739+00,0
579,de2554e15b4ba7d7c6edd0d6bc0b36b85ee918e6edbb33d3a3f195ac210d19c3,To Stop,en-US,gtts,content/verbs/level_2/word/to-stop_de2554e1.mp3,7296,,2025-12-16 04:12:58.412483+00,2025-12-16 04:12:58.412483+00,0
580,d27e67a6aea5a297114595badb5ac9ce54bf33d0de87bb14553632677adf66d9,To Gaze,en-US,gtts,content/verbs/level_11/word/to-gaze_d27e67a6.mp3,9408,,2025-12-16 04:13:00.057919+00,2025-12-16 04:13:00.057919+00,0
581,0bdad60796b60d112b082b11c773e90858bc8e0087346d3415600b8a3b7a639c,To Stare,en-US,gtts,content/verbs/level_11/word/to-stare_0bdad607.mp3,8256,,2025-12-16 04:13:00.723253+00,2025-12-16 04:13:00.723253+00,0
582,1942cf1e563276604a649a11bdc39b81a341d5451e5e26c460b9ba8de68e3449,To Notice,en-US,gtts,content/verbs/level_11/word/to-notice_1942cf1e.mp3,9024,,2025-12-16 04:13:01.521123+00,2025-12-16 04:13:01.521123+00,0
583,97cd8421a52d3b016dc196dc9b98c93a50dd57e88b863c52805f0a684b1c5ba5,To View,en-US,gtts,content/verbs/level_11/word/to-view_97cd8421.mp3,7104,,2025-12-16 04:13:02.537615+00,2025-12-16 04:13:02.537615+00,0
584,628cab6d1e1f77fdd61f8ab9f149d1121230499ad7a2318a287f248bf9a2a899,To Witness,en-US,gtts,content/verbs/level_11/word/to-witness_628cab6d.mp3,9408,,2025-12-16 04:13:03.526946+00,2025-12-16 04:13:03.526946+00,0
585,1a2ac09c2f9e2c348c54c594b2afba20657abd7cec60de4dc6aec31839c3b912,To Spot,en-US,gtts,content/verbs/level_11/word/to-spot_1a2ac09c.mp3,7296,,2025-12-16 04:13:04.477244+00,2025-12-16 04:13:04.477244+00,0
586,41c4144a427b803332762842525a50766213a9ae5463607235ac1f5c18873427,To Sound,en-US,gtts,content/verbs/level_11/word/to-sound_41c4144a.mp3,7872,,2025-12-16 04:13:05.939554+00,2025-12-16 04:13:05.939554+00,0
587,a007d3d123a793a013a694693d93290257ed8d48ccb709c28c112caf6ab8b362,To Overhear,en-US,gtts,content/verbs/level_11/word/to-overhear_a007d3d1.mp3,9984,,2025-12-16 04:13:06.566403+00,2025-12-16 04:13:06.566403+00,0
588,24ac2856ed52f9e5574f72cc1b0a9eec742d80a9c017d3a5eefe35dab500acd4,To Smell,en-US,gtts,content/verbs/level_11/word/to-smell_24ac2856.mp3,8064,,2025-12-16 04:13:07.207598+00,2025-12-16 04:13:07.207598+00,0
589,e98ce4e1ed0ae7de9000af5cdf8a38eb1287115438fdbae820cc2090df576d15,To Sniff,en-US,gtts,content/verbs/level_11/word/to-sniff_e98ce4e1.mp3,8448,,2025-12-16 04:13:07.98767+00,2025-12-16 04:13:07.98767+00,0
590,47d63334eb224bd181b2b3d6f70c63618209482c7d65f3ece98b34de6bb26599,To Stay,en-US,gtts,content/verbs/level_2/word/to-stay_47d63334.mp3,7296,,2025-12-16 04:13:08.007119+00,2025-12-16 04:13:08.007119+00,0
591,5a9ed355274c5491b739abde60b1742d6d9ac4f05b94881cb79faaa44121f58a,To Scent,en-US,gtts,content/verbs/level_11/word/to-scent_5a9ed355.mp3,7488,,2025-12-16 04:13:08.869011+00,2025-12-16 04:13:08.869011+00,0
592,493da4523747a63968703371302029e2907fc0008f2b807f20e5073b2f8f22c3,To Taste,en-US,gtts,content/verbs/level_11/word/to-taste_493da452.mp3,8064,,2025-12-16 04:13:09.57064+00,2025-12-16 04:13:09.57064+00,0
593,dfa62bb95c136b88889710ffb2182a98ff88724970b007bdc08ad50f8740942e,To Savor,en-US,gtts,content/verbs/level_11/word/to-savor_dfa62bb9.mp3,9024,,2025-12-16 04:13:10.526074+00,2025-12-16 04:13:10.526074+00,0
594,23586590e74c42206b57f8b2cff8e78072d985437c5a11e23e1e627d105c9dbf,To Touch,en-US,gtts,content/verbs/level_11/word/to-touch_23586590.mp3,8064,,2025-12-16 04:13:11.184137+00,2025-12-16 04:13:11.184137+00,0
595,84e4ab0759dd802ab2df6fec6e0ff2e2a06e108fa0072a8cc2bbdf1110468796,To Sense,en-US,gtts,content/verbs/level_11/word/to-sense_84e4ab07.mp3,9024,,2025-12-16 04:13:12.460657+00,2025-12-16 04:13:12.460657+00,0
596,14d517934b149f142d04d130a20575f04abb8f8ad64e0a26f91f5575d3e6bc91,To Open,en-US,gtts,content/verbs/level_2/word/to-open_14d51793.mp3,7680,,2025-12-16 04:13:13.133191+00,2025-12-16 04:13:13.133191+00,0
597,b6237a4f4a733b370aa51a3f5eca9755ea2b5f686dd442e7abda69556ef75f57,To Caress,en-US,gtts,content/verbs/level_11/word/to-caress_b6237a4f.mp3,9024,,2025-12-16 04:13:13.176033+00,2025-12-16 04:13:13.176033+00,0
598,f8256886436765a9a2b752676e17b39f0c42eee334f6c0ee0b4cead202fac4bf,To Close,en-US,gtts,content/verbs/level_2/word/to-close_f8256886.mp3,9024,,2025-12-16 04:13:14.040012+00,2025-12-16 04:13:14.040012+00,0
599,459d3600880fda8811cc64b03be9b1a06309b24b822794823b694341c0ffcf34,To Stroke,en-US,gtts,content/verbs/level_11/word/to-stroke_459d3600.mp3,8448,,2025-12-16 04:13:14.059123+00,2025-12-16 04:13:14.059123+00,0
600,88487a5afffda96169a8b55d01b600e2ccb281ee41e98fb545a08b22c7cfc35e,To Wait,en-US,gtts,content/verbs/level_2/word/to-wait_88487a5a.mp3,6720,,2025-12-16 04:13:16.351247+00,2025-12-16 04:13:16.351247+00,0
601,aefcca62e48d222e516b4caceb799386d0e8b381525641511d75dad693e7c969,To Detect,en-US,gtts,content/verbs/level_11/word/to-detect_aefcca62.mp3,8256,,2025-12-16 04:13:16.370319+00,2025-12-16 04:13:16.370319+00,0
602,b4b51d2e468e761a677d4c38d009a04b36e844eabda34a4c18669c32fa17318a,To Identify,en-US,gtts,content/verbs/level_11/word/to-identify_b4b51d2e.mp3,10752,,2025-12-16 04:13:17.865072+00,2025-12-16 04:13:17.865072+00,0
603,34bd424553cf38a3f8a55540a4340008d87190c111c99a6dfb8c3243ebc2e55f,To Experience,en-US,gtts,content/verbs/level_11/word/to-experience_34bd4245.mp3,11904,,2025-12-16 04:13:18.931986+00,2025-12-16 04:13:18.931986+00,0
604,6ef8a0a882fc29a022af32b1c60995c09e9a6f702e738571f033b12baa4e9de1,To Undergo,en-US,gtts,content/verbs/level_11/word/to-undergo_6ef8a0a8.mp3,9216,,2025-12-16 04:13:19.847804+00,2025-12-16 04:13:19.847804+00,0
605,feef3272e67de9003fe92f4ec9b6990c92de6fe012ecce65ec82b430add1c5b3,To Search,en-US,gtts,content/verbs/level_2/word/to-search_feef3272.mp3,8448,,2025-12-16 04:13:20.74427+00,2025-12-16 04:13:20.74427+00,0
606,dfe1478d5677266f5083f9a7f5d4f6c4f47461e593ab2abe7afc412c031a31ae,To Appreciate,en-US,gtts,content/verbs/level_11/word/to-appreciate_dfe1478d.mp3,9984,,2025-12-16 04:13:20.78965+00,2025-12-16 04:13:20.78965+00,0
607,2f34ccaa26afdf0ece917b9efb55303bd7424b237e2d34f783e821f51a0362f9,To Survive,en-US,gtts,content/verbs/level_2/word/to-survive_2f34ccaa.mp3,9024,,2025-12-16 04:13:21.632405+00,2025-12-16 04:13:21.632405+00,0
608,a7ec910d5b8f2a0d099a40b562b22598e1672253865fb243cde581fcbffb6b46,To Tingle,en-US,gtts,content/verbs/level_11/word/to-tingle_a7ec910d.mp3,8064,,2025-12-16 04:13:22.275721+00,2025-12-16 04:13:22.275721+00,0
609,8bae8fa365f6b7f5141ab214f1cb58558e4a6139a4bbc4d0fc46e7d4b20f2a62,To Ache,en-US,gtts,content/verbs/level_11/word/to-ache_8bae8fa3.mp3,7104,,2025-12-16 04:13:23.191638+00,2025-12-16 04:13:23.191638+00,0
610,dd302171c63d9995e439552a8086d2d8f3dd01f460776211670fd1cd82ef4c3c,To Throb,en-US,gtts,content/verbs/level_11/word/to-throb_dd302171.mp3,8448,,2025-12-16 04:13:23.709946+00,2025-12-16 04:13:23.709946+00,0
611,d7cc31ee2cef86309ab0edfacc5b73b779c68bde3735a3bffd39fd3e9bd3d4a1,To Burn,en-US,gtts,content/verbs/level_11/word/to-burn_d7cc31ee.mp3,7488,,2025-12-16 04:13:24.322808+00,2025-12-16 04:13:24.322808+00,0
612,39aecab21314f822832e8a87adb20a64298e8bb373b096ed2d5750c5c24482c1,To Itch,en-US,gtts,content/verbs/level_11/word/to-itch_39aecab2.mp3,8064,,2025-12-16 04:13:24.855247+00,2025-12-16 04:13:24.855247+00,0
613,073f69f4234bebf96327a758de6a09b689f05f867d7e1e7f2e731e5f641ff703,To Chill,en-US,gtts,content/verbs/level_11/word/to-chill_073f69f4.mp3,7488,,2025-12-16 04:13:25.345459+00,2025-12-16 04:13:25.345459+00,0
614,fe8fb1171f804f7046630f6a85b78ade03d36183ddbd74325def7222d0233fd3,To Warm,en-US,gtts,content/verbs/level_11/word/to-warm_fe8fb117.mp3,8064,,2025-12-16 04:13:25.848694+00,2025-12-16 04:13:25.848694+00,0
615,15cb51be01802bff76330e5c9baf3450ee6af4d8b0814b9ce0ad259b75c6fcee,To Sting,en-US,gtts,content/verbs/level_11/word/to-sting_15cb51be.mp3,7872,,2025-12-16 04:13:26.623739+00,2025-12-16 04:13:26.623739+00,0
616,68de9b9f763106299be2c713eefd29b5b45e838d30d9a819ba4909ef4e242922,To Prick,en-US,gtts,content/verbs/level_11/word/to-prick_68de9b9f.mp3,7296,,2025-12-16 04:13:27.384085+00,2025-12-16 04:13:27.384085+00,0
617,a7658744a4036b9c5ff3a0e37681ff1ea2c213eba77c2b11f83dde9614b91dda,To Soak,en-US,gtts,content/verbs/level_11/word/to-soak_a7658744.mp3,7872,,2025-12-16 04:13:27.90249+00,2025-12-16 04:13:27.90249+00,0
618,0283cc2556f4b4af7ac3a7631ebf78a81d125a7941befbebf59f64b0ba529492,To Drip,en-US,gtts,content/verbs/level_11/word/to-drip_0283cc25.mp3,6720,,2025-12-16 04:13:28.684861+00,2025-12-16 04:13:28.684861+00,0
619,1def770573315204aa7475b7f16939cba5d5afcd74a0532e1c44618b4af2f907,To Gleam,en-US,gtts,content/verbs/level_11/word/to-gleam_1def7705.mp3,7872,,2025-12-16 04:13:29.188116+00,2025-12-16 04:13:29.188116+00,0
620,ac9d83aacf232bc75babcbf4df3695da0db51eee13b620b928dfeab4ed27fed8,To Glimmer,en-US,gtts,content/verbs/level_11/word/to-glimmer_ac9d83aa.mp3,8832,,2025-12-16 04:13:29.687113+00,2025-12-16 04:13:29.687113+00,0
621,1a19810b2e10fa9edbe50a24684fd484811f80dd23f6b322d685cb36c99b0fee,To Supervise,en-US,gtts,content/verbs/level_12/word/to-supervise_1a19810b.mp3,11712,,2025-12-16 04:21:29.286188+00,2025-12-16 04:21:29.286188+00,0
622,5d45e8a286c4ef7e83b291e401cec949fea686fd629afda916cd6135a7ce51e9,To Delegate,en-US,gtts,content/verbs/level_12/word/to-delegate_5d45e8a2.mp3,9216,,2025-12-16 04:21:30.045373+00,2025-12-16 04:21:30.045373+00,0
623,3dbf9ab1cfc4199da674008b9d8d0e7f80bd8d7a39e7996b8d6d0e1f40eb5a4c,To Strategize,en-US,gtts,content/verbs/level_12/word/to-strategize_3dbf9ab1.mp3,11904,,2025-12-16 04:21:30.8501+00,2025-12-16 04:21:30.8501+00,0
624,33ee7ff7b1bbebb711dec7fac4766070f0b531cb01a8527b09484ecae161099b,To Attack,en-US,gtts,content/verbs/level_13/word/to-attack_33ee7ff7.mp3,8640,,2025-12-16 04:21:31.841896+00,2025-12-16 04:21:31.841896+00,0
625,4f15569c1dee604ba602b9b5ee67a0960d135a408ec919ab65eced48969c9f97,To Defend,en-US,gtts,content/verbs/level_13/word/to-defend_4f15569c.mp3,8448,,2025-12-16 04:21:32.483407+00,2025-12-16 04:21:32.483407+00,0
626,32edd1523c6901b8bc370517e24e8ea39d9fdb68ae01f21f677cbd2d04bafd82,To Implement,en-US,gtts,content/verbs/level_12/word/to-implement_32edd152.mp3,8832,,2025-12-16 04:21:33.36252+00,2025-12-16 04:21:33.36252+00,0
627,15f2912139ef84a62339dc044e5e9328070e64854d8e25ee1e80207ef732b146,To Dodge,en-US,gtts,content/verbs/level_13/word/to-dodge_15f29121.mp3,8832,,2025-12-16 04:21:33.409711+00,2025-12-16 04:21:33.409711+00,0
628,4759b1e6a59e55b6bcbe9013763875927350b1187d1bffe275e4543a065f14b2,To Develop,en-US,gtts,content/verbs/level_12/word/to-develop_4759b1e6.mp3,8448,,2025-12-16 04:21:34.25212+00,2025-12-16 04:21:34.25212+00,0
629,edc66572048e6850b7cf1c69dae1c40643099f056d6aa0c789b6aa8628d88ea2,To Cast,en-US,gtts,content/verbs/level_13/word/to-cast_edc66572.mp3,8256,,2025-12-16 04:21:34.293099+00,2025-12-16 04:21:34.293099+00,0
630,137e4b13d3d7042a7c78ab384f15da709915e00cbd8d6546cda8b6539423a43b,To Heal,en-US,gtts,content/verbs/level_13/word/to-heal_137e4b13.mp3,7680,,2025-12-16 04:21:35.202483+00,2025-12-16 04:21:35.202483+00,0
631,ae08d0ea4442e204f41ee6e0b280baecaa148b44a84128a8338967845220ec6a,To Strike,en-US,gtts,content/verbs/level_13/word/to-strike_ae08d0ea.mp3,8064,,2025-12-16 04:21:36.103594+00,2025-12-16 04:21:36.103594+00,0
632,bd2e9d8176a07b91cdaba31b357adef35c5ff5589e211a0e705a74cb8a7e5462,To Design,en-US,gtts,content/verbs/level_12/word/to-design_bd2e9d81.mp3,9024,,2025-12-16 04:21:36.282463+00,2025-12-16 04:21:36.282463+00,0
633,7081e41646ecd9cc04724e21caa9e7b9e4990b6e98341867f90a29b21b86ff46,To Shoot,en-US,gtts,content/verbs/level_13/word/to-shoot_7081e416.mp3,6720,,2025-12-16 04:21:37.45313+00,2025-12-16 04:21:37.45313+00,0
634,2935c9a2a315217b85b64b129b090228c801a0a16177bbf30ecd73d1b324336e,To Block,en-US,gtts,content/verbs/level_13/word/to-block_2935c9a2.mp3,7296,,2025-12-16 04:21:38.325763+00,2025-12-16 04:21:38.325763+00,0
635,e2082be804604a64abce8e99f78f286642ff661bdd7475cb647c24d8da3ac9da,To Evade,en-US,gtts,content/verbs/level_13/word/to-evade_e2082be8.mp3,8448,,2025-12-16 04:21:38.962959+00,2025-12-16 04:21:38.962959+00,0
636,0f5fb707c9488873a26cc7294047fb2dadc57ff8af3e2e7474292f616f846e90,To Endure,en-US,gtts,content/verbs/level_13/word/to-endure_0f5fb707.mp3,8448,,2025-12-16 04:21:40.102032+00,2025-12-16 04:21:40.102032+00,0
637,a9f45afd879a1b9676c836fa444cc30cdbc4443446652e0b47f217c80c2275e3,To Facilitate,en-US,gtts,content/verbs/level_12/word/to-facilitate_a9f45afd.mp3,10368,,2025-12-16 04:21:40.734274+00,2025-12-16 04:21:40.734274+00,0
638,428b36a10f6eaee82489a1e22f40bf13ac4b7e0354ae6c3caa537797de64235f,To Protect,en-US,gtts,content/verbs/level_13/word/to-protect_428b36a1.mp3,8256,,2025-12-16 04:21:40.740845+00,2025-12-16 04:21:40.740845+00,0
639,c773b82db1d3b92aa8104cbeb3dc08bbc56c4e970f31bc4d1d70b2e6ecde5eb1,To Mentor,en-US,gtts,content/verbs/level_12/word/to-mentor_c773b82d.mp3,8832,,2025-12-16 04:21:41.624182+00,2025-12-16 04:21:41.624182+00,0
640,5f4c21de4e78bab1c295d04f7ccbebec3ca7114b24480af0de1b8d2ce4215db7,To Charge,en-US,gtts,content/verbs/level_13/word/to-charge_5f4c21de.mp3,9024,,2025-12-16 04:21:41.645757+00,2025-12-16 04:21:41.645757+00,0
641,4b8739d56aa026417d130d752f6a3ab3e0f716314fc1cbf15bed5edbec38e3ec,To Coach,en-US,gtts,content/verbs/level_12/word/to-coach_4b8739d5.mp3,8256,,2025-12-16 04:21:42.773258+00,2025-12-16 04:21:42.773258+00,0
642,4016bfe4f10d7770a4efc6fba2f935736ad5c0be1b86260446a1d2595b5aa5dc,To Retreat,en-US,gtts,content/verbs/level_13/word/to-retreat_4016bfe4.mp3,8256,,2025-12-16 04:21:42.790512+00,2025-12-16 04:21:42.790512+00,0
643,4bf5d1da5976b9e8710f3c5d2b1ca69b754d48d349b469070657e52c1b065b7d,To Train,en-US,gtts,content/verbs/level_12/word/to-train_4bf5d1da.mp3,7680,,2025-12-16 04:21:43.965567+00,2025-12-16 04:21:43.965567+00,0
644,f170a870ac3cb0468c575434c18057c897242ee6de1fcca2ded80445a33df333,To Advance,en-US,gtts,content/verbs/level_13/word/to-advance_f170a870.mp3,10176,,2025-12-16 04:21:43.98308+00,2025-12-16 04:21:43.98308+00,0
645,2fc4b1fed7bb13dacccc365da4231eba2f4df00f83247aa4cd1d1342f8827661,To Specialize,en-US,gtts,content/verbs/level_12/word/to-specialize_2fc4b1fe.mp3,11520,,2025-12-16 04:21:45.166576+00,2025-12-16 04:21:45.166576+00,0
646,ac9cc611475847fc4e2d95599b014ac09b5d6908c51cf4da6fe668c1eaa14e1c,To Summon,en-US,gtts,content/verbs/level_13/word/to-summon_ac9cc611.mp3,8256,,2025-12-16 04:21:45.175917+00,2025-12-16 04:21:45.175917+00,0
647,563dfcb998055f3d4f1f26091f62b1e5f2eaf65922f5868e848d83c007ae14fe,To Unleash,en-US,gtts,content/verbs/level_13/word/to-unleash_563dfcb9.mp3,9600,,2025-12-16 04:21:46.449588+00,2025-12-16 04:21:46.449588+00,0
648,9714dd5b37f819117f8672dfb9ac0d3dbeae90fd01ad9e71e9e0653b7080a1b6,To Empower,en-US,gtts,content/verbs/level_13/word/to-empower_9714dd5b.mp3,9600,,2025-12-16 04:21:47.089019+00,2025-12-16 04:21:47.089019+00,0
649,2df2da1adf3f101ca62bd22a1b6d83e43324a1eefdb44aee98ee7157255b710f,To Audit,en-US,gtts,content/verbs/level_12/word/to-audit_2df2da1a.mp3,7296,,2025-12-16 04:21:48.266112+00,2025-12-16 04:21:48.266112+00,0
650,b679c647cfaaaf7b5b933a8ff97f9978e40f2d0803cc75eaf4f2c01890cd17de,To Bind,en-US,gtts,content/verbs/level_13/word/to-bind_b679c647.mp3,7680,,2025-12-16 04:21:48.285596+00,2025-12-16 04:21:48.285596+00,0
651,8cefeaa18976c1ab97b19c5068e3a4db860a87151040386104f2f25babc3db4f,To Stun,en-US,gtts,content/verbs/level_13/word/to-stun_8cefeaa1.mp3,8256,,2025-12-16 04:21:49.739595+00,2025-12-16 04:21:49.739595+00,0
652,0e30650ecae81203cab3747fb0791f855f5ed1d37d32c3d685520eb55d98e020,To Document,en-US,gtts,content/verbs/level_12/word/to-document_0e30650e.mp3,9792,,2025-12-16 04:21:50.631321+00,2025-12-16 04:21:50.631321+00,0
653,d9034276b36fcb7f23011f4036d250cd0bf1d0559e96549d57635ffe18c1697d,To Curse,en-US,gtts,content/verbs/level_13/word/to-curse_d9034276.mp3,8832,,2025-12-16 04:21:50.676669+00,2025-12-16 04:21:50.676669+00,0
654,2eaae7dbf3fc6490bd096e18ffe4b7a3fe741916034ad9193107ff1aae60914b,To Bless,en-US,gtts,content/verbs/level_13/word/to-bless_2eaae7db.mp3,8640,,2025-12-16 04:21:51.577407+00,2025-12-16 04:21:51.577407+00,0
655,8388eb668cd0f84a208f0b920949e06dbca0ba445b1744525469693b9548c126,To Absorb,en-US,gtts,content/verbs/level_13/word/to-absorb_8388eb66.mp3,9216,,2025-12-16 04:21:52.214592+00,2025-12-16 04:21:52.214592+00,0
656,52a956efd513314ec806953b282b598d364d1a71fa27b18b092e7ff7d9c21321,To Improve,en-US,gtts,content/verbs/level_12/word/to-improve_52a956ef.mp3,8832,,2025-12-16 04:21:53.013762+00,2025-12-16 04:21:53.013762+00,0
657,2a10874083103807a616a9eb2df82cefbd9ee287da55ad63a7253658d3ee866f,To Destroy,en-US,gtts,content/verbs/level_13/word/to-destroy_2a108740.mp3,9216,,2025-12-16 04:21:53.201673+00,2025-12-16 04:21:53.201673+00,0
658,e8da3a595b979aa23ee4607f4a6b99c76596e056fe3589c71b01b88279dde80b,To Streamline,en-US,gtts,content/verbs/level_12/word/to-streamline_e8da3a59.mp3,10176,,2025-12-16 04:21:54.037667+00,2025-12-16 04:21:54.037667+00,0
659,4e9d8adda38832b96ddaddd083c4b7deafa4bdb4d0320996718c6830e31c4006,To Regenerate,en-US,gtts,content/verbs/level_13/word/to-regenerate_4e9d8add.mp3,10176,,2025-12-16 04:21:54.085179+00,2025-12-16 04:21:54.085179+00,0
660,db846b673122b7cde4bb77aa1f1e2466fa75c502323bc4533e68262e57935637,To Integrate,en-US,gtts,content/verbs/level_12/word/to-integrate_db846b67.mp3,8640,,2025-12-16 04:21:54.972892+00,2025-12-16 04:21:54.972892+00,0
661,85670da2ed13aaa42f56d992e97382ae0b1859067ee3849d253fb936a51649ad,To Slash,en-US,gtts,content/verbs/level_13/word/to-slash_85670da2.mp3,9216,,2025-12-16 04:21:54.988003+00,2025-12-16 04:21:54.988003+00,0
662,67dd46941d9fabe5a71f0974d0b7f45268a87a6304166af34ab982c59a9ed8f8,To Standardize,en-US,gtts,content/verbs/level_12/word/to-standardize_67dd4694.mp3,11904,,2025-12-16 04:21:56.439557+00,2025-12-16 04:21:56.439557+00,0
663,50d5eb4688fb2a4ac8cdc39d1b1d7696987810827b1a4c61716d4b23e39f45f3,To Pierce,en-US,gtts,content/verbs/level_13/word/to-pierce_50d5eb46.mp3,9792,,2025-12-16 04:21:56.459033+00,2025-12-16 04:21:56.459033+00,0
664,a0fbf786858deed92bba197068e74de27aedd9fa9e589777a794ff9450dfeb4c,To Crush,en-US,gtts,content/verbs/level_13/word/to-crush_a0fbf786.mp3,8448,,2025-12-16 04:21:57.394656+00,2025-12-16 04:21:57.394656+00,0
665,8f8f3f34c770442efeec32d86e84772221ee961742ca9daf5b62a77341c7c415,To Smash,en-US,gtts,content/verbs/level_13/word/to-smash_8f8f3f34.mp3,9408,,2025-12-16 04:21:58.487173+00,2025-12-16 04:21:58.487173+00,0
666,f1dd55ab6dceaac9265ec57604075401a0cf981b883f22c470fd001e00f50527,To Navigate,en-US,gtts,content/verbs/level_12/word/to-navigate_f1dd55ab.mp3,9216,,2025-12-16 04:21:58.50452+00,2025-12-16 04:21:58.50452+00,0
667,37820362069dd53e4c813c916ca7fc9af755c42e2c191c93ec7f079fbe0a02d5,To Blast,en-US,gtts,content/verbs/level_13/word/to-blast_37820362.mp3,8640,,2025-12-16 04:21:59.664813+00,2025-12-16 04:21:59.664813+00,0
668,111787361ed0df973fe1396bcbe14eab0964198d3a9f4e6bb956be711c248070,To Oversee,en-US,gtts,content/verbs/level_12/word/to-oversee_11178736.mp3,9984,,2025-12-16 04:21:59.683912+00,2025-12-16 04:21:59.683912+00,0
669,83eddd798d3779c81e387b12da9650a8693b8ddb57d0f23b15568b583fea397e,To Recruit,en-US,gtts,content/verbs/level_12/word/to-recruit_83eddd79.mp3,8064,,2025-12-16 04:22:00.582843+00,2025-12-16 04:22:00.582843+00,0
670,38138638ae81a005f5bd3e1d515b4bb7a3abd9ef4b7087c7b0d447eb6da31d23,To Promote,en-US,gtts,content/verbs/level_12/word/to-promote_38138638.mp3,7488,,2025-12-16 04:22:01.563042+00,2025-12-16 04:22:01.563042+00,0
671,68d66e36976ea0e5c2d6e562e270f4571ae180ea9dff7a39a4dfefb78e909915,To Position,en-US,gtts,content/verbs/level_13/word/to-position_68d66e36.mp3,9600,,2025-12-16 04:22:02.206758+00,2025-12-16 04:22:02.206758+00,0
672,3d90db7b5ea7910630311c246cf88d25876681e97eb1cf8fa81bafee59cded9b,To Appraise,en-US,gtts,content/verbs/level_12/word/to-appraise_3d90db7b.mp3,10176,,2025-12-16 04:22:02.684165+00,2025-12-16 04:22:02.684165+00,0
673,80fb0633da76d5a5cf1174d4890947edc8eb54c7ee15d4a783677da7c44a3f57,To Aim,en-US,gtts,content/verbs/level_13/word/to-aim_80fb0633.mp3,6912,,2025-12-16 04:22:03.142093+00,2025-12-16 04:22:03.142093+00,0
674,fe69f8e8ec1257d6f968259ed0035e54245b1ea15d229b076a588f215ac6a1e7,To Budget,en-US,gtts,content/verbs/level_12/word/to-budget_fe69f8e8.mp3,7488,,2025-12-16 04:22:03.878662+00,2025-12-16 04:22:03.878662+00,0
675,77990652889480fe1d837182e3d8f7476faaa3c1ef0ebf4fc93adc6df6d5713b,To Target,en-US,gtts,content/verbs/level_13/word/to-target_77990652.mp3,7872,,2025-12-16 04:22:03.930809+00,2025-12-16 04:22:03.930809+00,0
676,af4a9606b2883a1426042a661075d8667e669c0df6c8013b1e787121a0dabd38,To Forecast,en-US,gtts,content/verbs/level_12/word/to-forecast_af4a9606.mp3,10368,,2025-12-16 04:22:05.345291+00,2025-12-16 04:22:05.345291+00,0
677,d4c906c5c11a988818890f0bad8112ec3c10cb8f5ca83c7e4419e45bb7d3b2b2,To Engage,en-US,gtts,content/verbs/level_13/word/to-engage_d4c906c5.mp3,9792,,2025-12-16 04:22:05.364678+00,2025-12-16 04:22:05.364678+00,0
678,1292efb79421699d9938c8a6ac41b125a6a5566b2eb33456a5735cbcfc663044,To Achieve,en-US,gtts,content/verbs/level_12/word/to-achieve_1292efb7.mp3,8640,,2025-12-16 04:22:06.226497+00,2025-12-16 04:22:06.226497+00,0
679,effded3aa2a8776be2979f91abde6047537ba115c104b379779705f9da720e12,To Escape,en-US,gtts,content/verbs/level_13/word/to-escape_effded3a.mp3,8640,,2025-12-16 04:22:06.245945+00,2025-12-16 04:22:06.245945+00,0
680,99ed3369969d733c3180ae2660dec8395d7bd057f474b84981425c2b509868c9,To Pursue,en-US,gtts,content/verbs/level_13/word/to-pursue_99ed3369.mp3,8640,,2025-12-16 04:22:07.418888+00,2025-12-16 04:22:07.418888+00,0
681,9d19bcd888906aa3a1223b26aa7c00516f798f5eebb925b9da5bb97bdf417cf6,To Overcome,en-US,gtts,content/verbs/level_13/word/to-overcome_9d19bcd8.mp3,9984,,2025-12-16 04:22:08.190346+00,2025-12-16 04:22:08.190346+00,0
682,3018b2246c65c61ed5623cf708f7ac0cf09bb9eec2335f0a19df75e3036c0327,To Conquer,en-US,gtts,content/verbs/level_13/word/to-conquer_3018b224.mp3,9024,,2025-12-16 04:22:08.697942+00,2025-12-16 04:22:08.697942+00,0
683,3d83b9408ef595e70fab75d6145e6c59c28bc894e5c510e743dc95d53a3679e9,To Triumph,en-US,gtts,content/verbs/level_13/word/to-triumph_3d83b940.mp3,9600,,2025-12-16 04:22:09.509682+00,2025-12-16 04:22:09.509682+00,0
684,9b17a98a5767d946351d200602aab228d962778736d661958b4abc01d7f0b675,To Fail,en-US,gtts,content/verbs/level_13/word/to-fail_9b17a98a.mp3,7488,,2025-12-16 04:22:10.034579+00,2025-12-16 04:22:10.034579+00,0
685,bc73b3f44a1c87f4e01367bbd5edd1d10cf854ef5e8ad71ed357a0e55a5c8808,To React,en-US,gtts,content/verbs/level_13/word/to-react_bc73b3f4.mp3,8064,,2025-12-16 04:22:10.758158+00,2025-12-16 04:22:10.758158+00,0
686,d661afa9c5f01fd42feafc1fd8a92206869fbe8f06d13d7e698e232884b5b49a,To Guard,en-US,gtts,content/verbs/level_13/word/to-guard_d661afa9.mp3,7488,,2025-12-16 04:22:11.248472+00,2025-12-16 04:22:11.248472+00,0
687,16cb647deb07c87a830a6caa798334eb36f6b8f8187f5e0f53e8c0bc36e4545a,To Shield,en-US,gtts,content/verbs/level_13/word/to-shield_16cb647d.mp3,8064,,2025-12-16 04:22:12.000195+00,2025-12-16 04:22:12.000195+00,0
688,68586708d8d514cbacf7abbd7538e233fc9c4ae5f0b70fa10575803bbfe2f331,Dim,en-US,gtts,global/dictionary/d/dim.mp3,6528,,2025-12-16 04:32:51.973474+00,2025-12-16 04:32:51.973474+00,0
689,27c49b615bec2b683f352d97bc92b38677d11d56cd251878ccd0db597828425c,Fragrant,en-US,gtts,global/dictionary/f/fragrant.mp3,7680,,2025-12-16 04:32:53.930397+00,2025-12-16 04:32:53.930397+00,0
690,17ed5b0e66f4a9cc0632982ffbce9e7014ee76110ece1091b656f42d5fc4c45d,Adventurous,en-US,gtts,global/dictionary/a/adventurous.mp3,10368,,2025-12-16 04:32:53.936831+00,2025-12-16 04:32:53.936831+00,0
691,c637f41c9581524fe4ca4c0d1f0a44315990de97156ffb43c24f96527acd1876,Stinky,en-US,gtts,global/dictionary/s/stinky.mp3,8256,,2025-12-16 04:32:55.392789+00,2025-12-16 04:32:55.392789+00,0
692,d335675103107568ae2cf397b53fae36649fc7337f798cd25cc7f33f7d9e3971,Ambitious,en-US,gtts,global/dictionary/a/ambitious.mp3,9984,,2025-12-16 04:32:55.416821+00,2025-12-16 04:32:55.416821+00,0
693,cde53d4e7952baef07f4c81603ad27a27f2864a25255fffea2db80f4de6c5aba,Anxious,en-US,gtts,global/dictionary/a/anxious.mp3,8640,,2025-12-16 04:32:56.602325+00,2025-12-16 04:32:56.602325+00,0
694,16d9802342170e590c00a96669ab8289838a7941857dea0e819eaf806f017b17,Brave,en-US,gtts,global/dictionary/b/brave.mp3,6528,,2025-12-16 04:32:57.656405+00,2025-12-16 04:32:57.656405+00,0
695,ea111bd4d55dc657be999e783d677374b25be573a2a1f751dca0dc5bc5378973,Vibrant,en-US,gtts,global/dictionary/v/vibrant.mp3,7680,,2025-12-16 04:32:57.835736+00,2025-12-16 04:32:57.835736+00,0
696,7de3e38414e5a0cfcb4961648383e4ee3f5611acd7ae44c15b4e4b4cb763cfa7,Calm,en-US,gtts,global/dictionary/c/calm.mp3,6528,,2025-12-16 04:32:58.971841+00,2025-12-16 04:32:58.971841+00,0
697,fd75ce7cc11fe7ddd34ef4e0c052a4e4bd9bf809a01a69cc09534812afdbc5c4,Blurry,en-US,gtts,global/dictionary/b/blurry.mp3,7104,,2025-12-16 04:32:58.984729+00,2025-12-16 04:32:58.984729+00,0
698,45ba3bb509b5529f387c748de0a05700500e47ecbedd9d2eb14d5b1dba3e4a10,Cautious,en-US,gtts,global/dictionary/c/cautious.mp3,8832,,2025-12-16 04:33:00.406004+00,2025-12-16 04:33:00.406004+00,0
699,7b77358b4d86f70204a1781910489521c758d9b5d6fc7159b175d3689e2d3291,Charming,en-US,gtts,global/dictionary/c/charming.mp3,7680,,2025-12-16 04:33:01.187983+00,2025-12-16 04:33:01.187983+00,0
700,fcd56362f0c4d90f53613c6304d221d6165b99349d47e40b7d58875d853e54c9,Clumsy,en-US,gtts,global/dictionary/c/clumsy.mp3,7680,,2025-12-16 04:33:01.969877+00,2025-12-16 04:33:01.969877+00,0
701,b9a3f946e8d58308787fa64035124f2aabeef24e8f1ff87906948ed832aa1ec4,Confident,en-US,gtts,global/dictionary/c/confident.mp3,8640,,2025-12-16 04:33:02.868449+00,2025-12-16 04:33:02.868449+00,0
702,99ea3ad977112b014bc3adde3df786bcf4028dc27bd8df7cbcecdb52b9b0ae25,Melodic,en-US,gtts,global/dictionary/m/melodic.mp3,8448,,2025-12-16 04:33:02.888318+00,2025-12-16 04:33:02.888318+00,0
703,3e40800e174fb49467d82402e0408bf4102d86311a2b1174794fb4b053dd31f1,Creative,en-US,gtts,global/dictionary/c/creative.mp3,7488,,2025-12-16 04:33:04.320013+00,2025-12-16 04:33:04.320013+00,0
704,9fd311bc7d66dc9d76ccdfc195bdd47fec13a7528176d90deae371f0ed3ed897,Noisy,en-US,gtts,global/dictionary/n/noisy.mp3,7680,,2025-12-16 04:33:04.337269+00,2025-12-16 04:33:04.337269+00,0
705,ae6e86741895d549153440d99062665db856072c04215b3b94b5377975b8e971,Curious,en-US,gtts,global/dictionary/c/curious.mp3,9024,,2025-12-16 04:33:05.505817+00,2025-12-16 04:33:05.505817+00,0
706,d7f05f1aa5b5529794330b2f3a5a24aed09f60a4c77723a23d118bb9078a2fbf,Shiny,en-US,gtts,global/dictionary/s/shiny.mp3,7488,,2025-12-16 04:33:05.520961+00,2025-12-16 04:33:05.520961+00,0
707,d3be95b5a7bad645d935f4f57d137c6041982e652433c9b705ca1a82c2fc4f60,Decisive,en-US,gtts,global/dictionary/d/decisive.mp3,9408,,2025-12-16 04:33:06.97031+00,2025-12-16 04:33:06.97031+00,0
708,619601049c30b930631635c2dcc27cf7f513a902e48937c91019dd5b4ce0fd4d,Dull,en-US,gtts,global/dictionary/d/dull.mp3,6144,,2025-12-16 04:33:06.989819+00,2025-12-16 04:33:06.989819+00,0
709,42fbd239c415b634d0b4a22eafcd73f83c2f17646803046b291445219fe87803,Determined,en-US,gtts,global/dictionary/d/determined.mp3,8448,,2025-12-16 04:33:08.426124+00,2025-12-16 04:33:08.426124+00,0
710,04b2b315a0de201a809621efad06c11cd37dc82f8e8cd12d4a92a89dd77e1ef6,Prickly,en-US,gtts,global/dictionary/p/prickly.mp3,7104,,2025-12-16 04:33:08.439507+00,2025-12-16 04:33:08.439507+00,0
711,3244d4220e16470f1484f3244a1ac0f2e414d098fe0cca597942de549644ec3e,Easygoing,en-US,gtts,global/dictionary/e/easygoing.mp3,9024,,2025-12-16 04:33:09.607748+00,2025-12-16 04:33:09.607748+00,0
712,e09327882554bcaccdf3ee4f640e2c0eada514ce1b47b40e08dc1789788ae691,Sticky,en-US,gtts,global/dictionary/s/sticky.mp3,7680,,2025-12-16 04:33:09.624925+00,2025-12-16 04:33:09.624925+00,0
713,9d7d4bc6861404b4fb258f4b4b11f5968441264c288bf08ac5d4da492be033bb,Energetic,en-US,gtts,global/dictionary/e/energetic.mp3,9408,,2025-12-16 04:33:10.79568+00,2025-12-16 04:33:10.79568+00,0
714,f6bf76f37546e8e0aaf7ba0763ca5afd7016aff2c5e1c30c02929707b7295b32,Spicy,en-US,gtts,global/dictionary/s/spicy.mp3,8832,,2025-12-16 04:33:10.817301+00,2025-12-16 04:33:10.817301+00,0
715,940733a9c08edfbf5d6dba19628be3520a53f1746e9ead313cb6c8eb5f012505,Enthusiastic,en-US,gtts,global/dictionary/e/enthusiastic.mp3,11712,,2025-12-16 04:33:12.268818+00,2025-12-16 04:33:12.268818+00,0
716,956cb0ce8996cc70075bb3b1a4458eb7c00825a45fb7e84c3b7f54350b27d1a6,Bland,en-US,gtts,global/dictionary/b/bland.mp3,7104,,2025-12-16 04:33:12.309849+00,2025-12-16 04:33:12.309849+00,0
717,79e6664eee723201bc272282b2f150551130dfaf36825d3b49212e74c62d2cc5,Extroverted,en-US,gtts,global/dictionary/e/extroverted.mp3,9792,,2025-12-16 04:33:13.52816+00,2025-12-16 04:33:13.52816+00,0
718,9efbb959c2c5196f1ce27b2b34e83d997e970f26e186195b13290819d611f2da,Earthy,en-US,gtts,global/dictionary/e/earthy.mp3,6912,,2025-12-16 04:33:13.54326+00,2025-12-16 04:33:13.54326+00,0
719,b0f8818b984060fbcc2b74d1955c8f8d186b1b4e8c4bf41e402c63ace2476d2e,Fearful,en-US,gtts,global/dictionary/f/fearful.mp3,7680,,2025-12-16 04:33:14.703133+00,2025-12-16 04:33:14.703133+00,0
720,4fdb078a07f5a863588b6833c3a987c8e834f293b5ba2585fb2b2990e7d6e1ee,Pungent,en-US,gtts,global/dictionary/p/pungent.mp3,6720,,2025-12-16 04:33:14.718379+00,2025-12-16 04:33:14.718379+00,0
721,656cb5b494f326331ae565b38c4dbec097c3fc41c17a558d73f802c68349d705,Flexible,en-US,gtts,global/dictionary/f/flexible.mp3,8640,,2025-12-16 04:33:16.191374+00,2025-12-16 04:33:16.191374+00,0
722,77a3163372e77125fbf4fc2b07f6e2336c95fbf884a2f2c19f68f818d1d7b9d7,Piercing,en-US,gtts,global/dictionary/p/piercing.mp3,8064,,2025-12-16 04:33:16.210834+00,2025-12-16 04:33:16.210834+00,0
723,491f786cbcde7d6a03fe8eddc59d5d1ed59aec4c25f8a0cdf24985dcce55a657,Friendly,en-US,gtts,global/dictionary/f/friendly.mp3,7680,,2025-12-16 04:33:17.917196+00,2025-12-16 04:33:17.917196+00,0
724,6e7560dc46c024222e9468eff56150347aaa56056d11201fe3773bc4a53873fd,Faint,en-US,gtts,global/dictionary/f/faint.mp3,6528,,2025-12-16 04:33:17.934496+00,2025-12-16 04:33:17.934496+00,0
725,ad5dcec7e03d9cec77a26cffba5863e330c5083e7ed336af0d114f279c437abe,Generous,en-US,gtts,global/dictionary/g/generous.mp3,8832,,2025-12-16 04:33:19.376717+00,2025-12-16 04:33:19.376717+00,0
726,e7242cd78f05b87013c0cab8f9b866a5c86405be82dc700d7b93ba58cd9f7b3f,Clear,en-US,gtts,global/dictionary/c/clear.mp3,6720,,2025-12-16 04:33:19.390356+00,2025-12-16 04:33:19.390356+00,0
727,7b872b8019a79e7c51d05fefc277c9feef1fdb8d308ecfe0a1b471a3d277ab75,Gentle,en-US,gtts,global/dictionary/g/gentle.mp3,6720,,2025-12-16 04:33:20.589182+00,2025-12-16 04:33:20.589182+00,0
728,d94d242bfcb73cd66fa92bc224194b8152657752d778bb9a48393fb1a1f05279,Murky,en-US,gtts,global/dictionary/m/murky.mp3,7296,,2025-12-16 04:33:20.608629+00,2025-12-16 04:33:20.608629+00,0
729,54fe1a78510129328cb59490a0d075e9d33868e3f2132ed172c868702ff34c69,Grumpy,en-US,gtts,global/dictionary/g/grumpy.mp3,6912,,2025-12-16 04:33:21.766384+00,2025-12-16 04:33:21.766384+00,0
730,5b65f5cd91fbbb75032438c45dacb14a890ce54857352a361140b1c3e02d3912,Slippery,en-US,gtts,global/dictionary/s/slippery.mp3,8640,,2025-12-16 04:33:21.785819+00,2025-12-16 04:33:21.785819+00,0
731,56869a1abb90e4a9bbbf7ba961a2b04d6551f6c5ffe1e9785fecde5685d5d0e0,Honest,en-US,gtts,global/dictionary/h/honest.mp3,7104,,2025-12-16 04:33:22.965151+00,2025-12-16 04:33:22.965151+00,0
732,0774531301376eb8fc7ab29b714421f9579a103d1f10b9f088a30c93d67de0d4,Humorous,en-US,gtts,global/dictionary/h/humorous.mp3,8832,,2025-12-16 04:33:23.755759+00,2025-12-16 04:33:23.755759+00,0
733,a3b4a4fc628f923e347e5e3bb7ef067e94225a72ee013e7d6a8e15813e29cb17,Delicious,en-US,gtts,global/dictionary/d/delicious.mp3,9408,,2025-12-16 04:33:24.784327+00,2025-12-16 04:33:24.784327+00,0
734,9b39936294a83a6709021cc55f4b0a7efe94c8309a64927bc86eaf1b792219e2,Impatient,en-US,gtts,global/dictionary/i/impatient.mp3,8832,,2025-12-16 04:33:24.825346+00,2025-12-16 04:33:24.825346+00,0
735,d93d27187668314a429c0ed94776d254089abbe3ea8895390ff4c655d4b664f9,Fresh,en-US,gtts,global/dictionary/f/fresh.mp3,7488,,2025-12-16 04:33:26.522733+00,2025-12-16 04:33:26.522733+00,0
736,b8a9ce6e192089f9afe5db962b66c41ca74004be90854524f348b68e5e04bb45,Independent,en-US,gtts,global/dictionary/i/independent.mp3,9408,,2025-12-16 04:33:26.565942+00,2025-12-16 04:33:26.565942+00,0
737,4c9cf5c81dd29f381a91c204aa65a3dd3b1be4b07bb34dd309a7a3026e57cd9f,Musty,en-US,gtts,global/dictionary/m/musty.mp3,7680,,2025-12-16 04:33:27.704214+00,2025-12-16 04:33:27.704214+00,0
738,e0ab06b1dc4e7e85dc5c70df4fac48f96295594dfe35326383512b6915c86d4d,Introverted,en-US,gtts,global/dictionary/i/introverted.mp3,9216,,2025-12-16 04:33:27.74531+00,2025-12-16 04:33:27.74531+00,0
739,434a4ee02bc123a3eb32fadfcc49bfabceef8f05e4ff466f3ad5268966c5f14d,Rancid,en-US,gtts,global/dictionary/r/rancid.mp3,7488,,2025-12-16 04:33:29.147522+00,2025-12-16 04:33:29.147522+00,0
740,a325a013fcd47f554c63123e0b79bf85c58918166613ce1b808402a019057ed8,Jealous,en-US,gtts,global/dictionary/j/jealous.mp3,8256,,2025-12-16 04:33:29.190355+00,2025-12-16 04:33:29.190355+00,0
741,8d20e7e251c4f980450ca5a80fcde1cff1803a9cc0899a5c71a1192e971ca910,Deafening,en-US,gtts,global/dictionary/d/deafening.mp3,8064,,2025-12-16 04:33:30.33945+00,2025-12-16 04:33:30.33945+00,0
742,1773cdb288314e5ddce143d404aac84bfc70615063d4eb961a25569bf9c44183,Lazy,en-US,gtts,global/dictionary/l/lazy.mp3,7296,,2025-12-16 04:33:31.134397+00,2025-12-16 04:33:31.134397+00,0
743,7965b6b3764eb7ac1e51478c212a678423e2e1099283891c582f501904e4f0e6,Whispered,en-US,gtts,global/dictionary/w/whispered.mp3,7680,,2025-12-16 04:33:31.140856+00,2025-12-16 04:33:31.140856+00,0
744,719cb33a3afe36435551237239911769c5246c5f7125a1f61a6147ab9471301e,Loyal,en-US,gtts,global/dictionary/l/loyal.mp3,7104,,2025-12-16 04:33:32.866634+00,2025-12-16 04:33:32.866634+00,0
745,66085df22098487374e5dcac9cbfab90c8dfa369f34d988cbda6c994a32d946d,Glossy,en-US,gtts,global/dictionary/g/glossy.mp3,7872,,2025-12-16 04:33:32.883948+00,2025-12-16 04:33:32.883948+00,0
746,2c03f7562391622b72f939b7121cbce19ade74a5d08288e250f8a98bd2826adc,Mature,en-US,gtts,global/dictionary/m/mature.mp3,7872,,2025-12-16 04:33:34.054669+00,2025-12-16 04:33:34.054669+00,0
747,fce7e4816634bacbf286caf93f62a95ba39bbb6c4a64785181b8cb21bd73ee1c,Matte,en-US,gtts,global/dictionary/m/matte.mp3,5760,,2025-12-16 04:33:34.074528+00,2025-12-16 04:33:34.074528+00,0
748,5094990ee5d1184af992425b4a56a9c559ce27dfef5e4496a62289d8bb28e9de,Modest,en-US,gtts,global/dictionary/m/modest.mp3,8064,,2025-12-16 04:33:35.480344+00,2025-12-16 04:33:35.480344+00,0
749,2073177eb690d59e0a5bb66f427e5be68e0e767374ce3ce72e5871a337567ca0,Gooey,en-US,gtts,global/dictionary/g/gooey.mp3,6720,,2025-12-16 04:33:35.493319+00,2025-12-16 04:33:35.493319+00,0
750,f1be1cf87d6e49deae67c8d4be4c3181ab864ff2cab7f69485d6622028e73ee3,Moody,en-US,gtts,global/dictionary/m/moody.mp3,6912,,2025-12-16 04:33:37.203986+00,2025-12-16 04:33:37.203986+00,0
751,b57e4a1ebe1512b6d2c744344766238fa5df3f97257e8d3a1546b71f24630a1a,Rigid,en-US,gtts,global/dictionary/r/rigid.mp3,6720,,2025-12-16 04:33:37.227742+00,2025-12-16 04:33:37.227742+00,0
752,a52ca8d6163b8a998466b9ca72a5db32417eb67d39a1281b2590be0b5287141a,Naughty,en-US,gtts,global/dictionary/n/naughty.mp3,6912,,2025-12-16 04:33:38.370346+00,2025-12-16 04:33:38.370346+00,0
753,4fd65616679732ca17ba7b9c16509c775496c6ba1b2ba4d3d5515697ad035670,Optimistic,en-US,gtts,global/dictionary/o/optimistic.mp3,10560,,2025-12-16 04:33:39.156685+00,2025-12-16 04:33:39.156685+00,0
754,33d9970f150f1ddbd10f7a3a2e13a9e5cf2c04b4e45ac0c012c12eb75be8e9bd,Aromatic,en-US,gtts,global/dictionary/a/aromatic.mp3,9408,,2025-12-16 04:33:39.18551+00,2025-12-16 04:33:39.18551+00,0
755,5489bddc66ea685cb32dbe1c0e81a602e69d47e7428a3e2e7a837a08ff89ef1c,Organized,en-US,gtts,global/dictionary/o/organized.mp3,9600,,2025-12-16 04:33:40.332113+00,2025-12-16 04:33:40.332113+00,0
756,3df7cbc932d7ce99a9c131a3d6c37cc5c52d1b056624510b9fb5191a967ffaa7,Acrid,en-US,gtts,global/dictionary/a/acrid.mp3,6912,,2025-12-16 04:33:40.372722+00,2025-12-16 04:33:40.372722+00,0
757,d1053d0729bb6edbb86659e3b0ddcc614843a1379451492097daf476612c0623,Patient,en-US,gtts,global/dictionary/p/patient.mp3,7296,,2025-12-16 04:33:41.50675+00,2025-12-16 04:33:41.50675+00,0
758,6ba50301bb13dc6004d6fc05add62fe60d19c57a773aa11a696495efe5fa0aac,Booming,en-US,gtts,global/dictionary/b/booming.mp3,7104,,2025-12-16 04:33:41.547883+00,2025-12-16 04:33:41.547883+00,0
759,79f01b1b067d16770abf59d2c12bb33509e981b4d95e69d6cbde851d29499ad4,Persistent,en-US,gtts,global/dictionary/p/persistent.mp3,8832,,2025-12-16 04:33:43.239493+00,2025-12-16 04:33:43.239493+00,0
760,2b2c14602250ba658efd1771368234d98a24a4c3d969a7c8725fb2a5c9117d65,Sparkling,en-US,gtts,global/dictionary/s/sparkling.mp3,9792,,2025-12-16 04:33:43.28224+00,2025-12-16 04:33:43.28224+00,0
761,c3bbc9eee9a8c89bbc2d8651d6a6a3290188eca54799794fe245266264640633,Pessimistic,en-US,gtts,global/dictionary/p/pessimistic.mp3,9984,,2025-12-16 04:33:44.45267+00,2025-12-16 04:33:44.45267+00,0
762,18ad73517ae6aab272b91a59820e98bb0be96afa29c853074d4864d6c07be00c,Polite,en-US,gtts,global/dictionary/p/polite.mp3,6336,,2025-12-16 04:33:45.142018+00,2025-12-16 04:33:45.142018+00,0
763,24c64c5f3879c5004ad2ac0cb8aa61bb49c319d781bed5aa3477b86498294ec5,Proud,en-US,gtts,global/dictionary/p/proud.mp3,6528,,2025-12-16 04:33:46.085923+00,2025-12-16 04:33:46.085923+00,0
764,8020c0b911a111540666db75e0046ada7410a7c4bcaa984df3242e5d77e0e744,Responsible,en-US,gtts,global/dictionary/r/responsible.mp3,10368,,2025-12-16 04:33:47.008259+00,2025-12-16 04:33:47.008259+00,0
765,9256ad0e7219a813d905f0b4d187b4776b817442dab3859c9fd2d0dcecc9a122,Sarcastic,en-US,gtts,global/dictionary/s/sarcastic.mp3,10560,,2025-12-16 04:33:47.667077+00,2025-12-16 04:33:47.667077+00,0
766,5c7dfa9b338915af37fbee092693ec57963367f9e5e9631a8c5bf71dd520b397,Selfish,en-US,gtts,global/dictionary/s/selfish.mp3,9408,,2025-12-16 04:33:48.308556+00,2025-12-16 04:33:48.308556+00,0
767,7c22c46e990eb9849ed53eb0c1fe6acc686650ed69ee24d28a812b97f5c50e89,Shy,en-US,gtts,global/dictionary/s/shy.mp3,7104,,2025-12-16 04:33:48.965206+00,2025-12-16 04:33:48.965206+00,0
768,e612bcde2509dbf93c8eace0485a0021eb8aee07415fdbc7c42a3472c956fdbf,Sincere,en-US,gtts,global/dictionary/s/sincere.mp3,8832,,2025-12-16 04:33:49.598222+00,2025-12-16 04:33:49.598222+00,0
769,726d3f3087308b1e4fa09f8c617250eff9fc63f3c529faf547a27381b1e3d67c,Stubborn,en-US,gtts,global/dictionary/s/stubborn.mp3,8256,,2025-12-16 04:33:50.248257+00,2025-12-16 04:33:50.248257+00,0
770,ad639965df58731134876be4dd83f9631f9e2b384f8b678c88631bbffd494de2,Melancholy,en-US,gtts,global/dictionary/m/melancholy.mp3,9792,,2025-12-16 04:41:26.955123+00,2025-12-16 04:41:26.955123+00,0
771,fd3096d6507b3ab34ace156081fd811b8af009dff816ac449ba2ac54dc619981,Pensive,en-US,gtts,global/dictionary/p/pensive.mp3,7296,,2025-12-16 04:41:28.180946+00,2025-12-16 04:41:28.180946+00,0
772,3fe965e5591bd1322de61bb001ada0217f631e106fe98e64b05c9174fa6e694a,Apprehensive,en-US,gtts,global/dictionary/a/apprehensive.mp3,10176,,2025-12-16 04:41:28.855263+00,2025-12-16 04:41:28.855263+00,0
773,1cd62883daeb0cf496ac920b33f92b8db88b01275c86fcf8b134fa6f14d0ebb8,Serene,en-US,gtts,global/dictionary/s/serene.mp3,8256,,2025-12-16 04:41:29.7689+00,2025-12-16 04:41:29.7689+00,0
774,72f9dcc8e0582c8c31768ec303070796c5e554f95fdd03b830d941ac366c5b47,Vulnerable,en-US,gtts,global/dictionary/v/vulnerable.mp3,9024,,2025-12-16 04:41:30.684383+00,2025-12-16 04:41:30.684383+00,0
775,5af50b47ed05649a36b8a05edefd333a424ec222fae3737e058544dddaee03cd,Abstract,en-US,gtts,global/dictionary/a/abstract.mp3,9024,,2025-12-16 04:41:31.595856+00,2025-12-16 04:41:31.595856+00,0
776,c35b279f41ea0f077b1c945b8d1cddd56d5319d9064670426e330ebc4802d4b0,Empathetic,en-US,gtts,global/dictionary/e/empathetic.mp3,9216,,2025-12-16 04:41:31.60337+00,2025-12-16 04:41:31.60337+00,0
777,f32cd795ff1f8f3e41d595314200a10934047f7bc5a0ff10627f5da49e712e20,Complex,en-US,gtts,global/dictionary/c/complex.mp3,10560,,2025-12-16 04:41:33.088085+00,2025-12-16 04:41:33.088085+00,0
778,28ccf59298b06a7fc81f99f39e1bdf80b9f7fb7c726fa22ff431ec67861e68b6,Skeptical,en-US,gtts,global/dictionary/s/skeptical.mp3,9408,,2025-12-16 04:41:33.105363+00,2025-12-16 04:41:33.105363+00,0
779,0510d67dc8abf9d319976e2c258d20ffab55fccc8a8e4ddb08aa8969b9a09a9a,Simple,en-US,gtts,global/dictionary/s/simple.mp3,7296,,2025-12-16 04:41:34.293317+00,2025-12-16 04:41:34.293317+00,0
780,df18aa33dc74e0e7da549d0ad9d97704d2dae8ee7d2dec1d90e96bc5c0cb90fa,Resentful,en-US,gtts,global/dictionary/r/resentful.mp3,8640,,2025-12-16 04:41:34.308423+00,2025-12-16 04:41:34.308423+00,0
781,be6422697c6d6f4b6dd34be31c827c2c25da1ea7584adcd3d2bc034b2866c49d,Contemplative,en-US,gtts,global/dictionary/c/contemplative.mp3,9984,,2025-12-16 04:41:36.060224+00,2025-12-16 04:41:36.060224+00,0
782,0b37885a33b9233a49aa72de3c45cd92acc608b90f820767310a00ae3d1df908,Reflective,en-US,gtts,global/dictionary/r/reflective.mp3,9408,,2025-12-16 04:41:37.109981+00,2025-12-16 04:41:37.109981+00,0
783,e12a2df5626f9e22971bea8293dec9422baa022f6095b9a302b4b04230f07f37,Pure,en-US,gtts,global/dictionary/p/pure.mp3,6720,,2025-12-16 04:41:37.289346+00,2025-12-16 04:41:37.289346+00,0
784,0eac0652f4eaebe97ba4346d101d951c8faded9f7f6d3f182d3ec1f71678bd90,Wistful,en-US,gtts,global/dictionary/w/wistful.mp3,7488,,2025-12-16 04:41:38.70192+00,2025-12-16 04:41:38.70192+00,0
785,56ba847458c9fdc7cd55f6988400d58f3650a07aecf44b1e82bb36684d3af8e5,Vague,en-US,gtts,global/dictionary/v/vague.mp3,6528,,2025-12-16 04:41:38.745527+00,2025-12-16 04:41:38.745527+00,0
786,47514886d0c9c4de03d3b6a78eba0ccde16ca693889a6539da71050c29814db3,Disillusioned,en-US,gtts,global/dictionary/d/disillusioned.mp3,9792,,2025-12-16 04:41:39.866599+00,2025-12-16 04:41:39.866599+00,0
787,ceabf6d7002d4c263481d2a1cbb87c9b6a504d81ecaebe92d4fab5e2814ded39,Exuberant,en-US,gtts,global/dictionary/e/exuberant.mp3,9024,,2025-12-16 04:41:40.505883+00,2025-12-16 04:41:40.505883+00,0
788,36d42006528f0371f3d9a92376e93cc1606d7935e38d5e173fd028de40f49030,Obscure,en-US,gtts,global/dictionary/o/obscure.mp3,9024,,2025-12-16 04:41:40.681256+00,2025-12-16 04:41:40.681256+00,0
789,7b1a1c58d580cc614650fbd67867fa3db054aa37839c378d9d689108088ac255,Disgruntled,en-US,gtts,global/dictionary/d/disgruntled.mp3,8832,,2025-12-16 04:41:41.918492+00,2025-12-16 04:41:41.918492+00,0
790,b7b38bf670634c97c2375ecb2fd6c95e99a53c5af13511f3bfa82d1371e03d3a,Explicit,en-US,gtts,global/dictionary/e/explicit.mp3,8832,,2025-12-16 04:41:41.94481+00,2025-12-16 04:41:41.94481+00,0
791,b3509afa447119c0ec7de1c78a65dbadfdf96181d0f360cdc65f78a8869e1436,Perplexed,en-US,gtts,global/dictionary/p/perplexed.mp3,9024,,2025-12-16 04:41:43.102635+00,2025-12-16 04:41:43.102635+00,0
792,308e35be700b18eed242286c33fe62500093938ae50c7832e01d255ee1a636fc,Implicit,en-US,gtts,global/dictionary/i/implicit.mp3,8448,,2025-12-16 04:41:43.123861+00,2025-12-16 04:41:43.123861+00,0
793,6cb792be7b6f1d0b2013c2a5fdc1559e72c43d9344bfe7ffb5d1b282d634795f,Relieved,en-US,gtts,global/dictionary/r/relieved.mp3,7872,,2025-12-16 04:41:44.315713+00,2025-12-16 04:41:44.315713+00,0
794,d874fd938ee76a434686a3e7a0d64f3c06d7ca1c6b8295519b3820adf61cb26b,Subtle,en-US,gtts,global/dictionary/s/subtle.mp3,6912,,2025-12-16 04:41:44.333114+00,2025-12-16 04:41:44.333114+00,0
795,a4b66f1ae6737feed8e1b5a83093ac191baf22820ce035ce7dfaff1c2b90c0d0,Evident,en-US,gtts,global/dictionary/e/evident.mp3,7104,,2025-12-16 04:41:45.523173+00,2025-12-16 04:41:45.523173+00,0
796,bf979044f417b3db63e85e0e9098bf2a75e09cb882c5bed68d719d22a354a2a2,Profound,en-US,gtts,global/dictionary/p/profound.mp3,8832,,2025-12-16 04:41:46.579427+00,2025-12-16 04:41:46.579427+00,0
797,9c6be9b3cde92aaee7053daeb6a6a03af843d8ce03f55056334f2c0b2cac4597,Elated,en-US,gtts,global/dictionary/e/elated.mp3,7296,,2025-12-16 04:41:46.756527+00,2025-12-16 04:41:46.756527+00,0
798,24488d66e8e63d9efa6556afe3189f27e1c540b5cfd28e22a9f4e05ad3def99a,Shallow,en-US,gtts,global/dictionary/s/shallow.mp3,7872,,2025-12-16 04:41:48.169541+00,2025-12-16 04:41:48.169541+00,0
799,8846efae32eb5950539af7e2384800b5ebf8eba3b4cf33edd8525a93cb57abb7,Somber,en-US,gtts,global/dictionary/s/somber.mp3,8640,,2025-12-16 04:41:48.791239+00,2025-12-16 04:41:48.791239+00,0
800,16d041b711b9f75e1deb21a667ece6d0b731780d3b8f794f0941d90d27541f69,Deep,en-US,gtts,global/dictionary/d/deep.mp3,5568,,2025-12-16 04:41:48.832389+00,2025-12-16 04:41:48.832389+00,0
801,8f731717cf7328a45fea5015362d4c2881acb03a9cbdc10f75b470cce3d14453,Superficial,en-US,gtts,global/dictionary/s/superficial.mp3,10368,,2025-12-16 04:41:50.294686+00,2025-12-16 04:41:50.294686+00,0
802,25b70034ff2191487eff99dded1408ece107c33493186ea35c21459e458c1701,Hopeful,en-US,gtts,global/dictionary/h/hopeful.mp3,7488,,2025-12-16 04:41:51.052855+00,2025-12-16 04:41:51.052855+00,0
803,c818e7a4ed36bfd8863fd7fa792eed7b307f41c8fb4ea02717cb0753bb7889b2,Essential,en-US,gtts,global/dictionary/e/essential.mp3,8448,,2025-12-16 04:41:51.096006+00,2025-12-16 04:41:51.096006+00,0
804,f4503dbc1a3e59cc6fabbbb543ff882a571df534d73e12eb8d567d3911fbd404,Despondent,en-US,gtts,global/dictionary/d/despondent.mp3,9024,,2025-12-16 04:41:52.506514+00,2025-12-16 04:41:52.506514+00,0
805,ab2a05a56427b7a0e80bbe6867f8cea4565b96e2f31adae11d1e1b2aa15b1bd1,Fundamental,en-US,gtts,global/dictionary/f/fundamental.mp3,9408,,2025-12-16 04:41:52.525958+00,2025-12-16 04:41:52.525958+00,0
806,231e0953a1fb53c06693843965b93e1b0dc49167800d7bd3567180a29f81db57,Content,en-US,gtts,global/dictionary/c/content.mp3,7488,,2025-12-16 04:41:54.001259+00,2025-12-16 04:41:54.001259+00,0
807,d99efcfc4bad3b62163f8871102ac740ff3109391e1b7a0a97b0baa1227796dd,Trivial,en-US,gtts,global/dictionary/t/trivial.mp3,7296,,2025-12-16 04:41:54.014171+00,2025-12-16 04:41:54.014171+00,0
808,424097e84331584bdfbf2cf36f966581ac7a87c4bd7d45ffb9725bce79aa2a57,Jubilant,en-US,gtts,global/dictionary/j/jubilant.mp3,7872,,2025-12-16 04:41:55.256215+00,2025-12-16 04:41:55.256215+00,0
809,e5d383d0fbfd12b141d5cd6d84c1254bc74aee65efad690959a8813173620262,Meaningful,en-US,gtts,global/dictionary/m/meaningful.mp3,8832,,2025-12-16 04:41:55.276076+00,2025-12-16 04:41:55.276076+00,0
810,7ad90869e6cbc8e5e599759f8ba4fb1d14e93527f9c4b0d3e56175de3867647e,Uneasy,en-US,gtts,global/dictionary/u/uneasy.mp3,8064,,2025-12-16 04:41:56.744519+00,2025-12-16 04:41:56.744519+00,0
811,bbc3b73ad227adca3af130df811ae8ee77e0e7698b3f2a9ba88a881b4c9ddf47,Significant,en-US,gtts,global/dictionary/s/significant.mp3,10176,,2025-12-16 04:41:56.761821+00,2025-12-16 04:41:56.761821+00,0
812,abceef5eecfc29dcf62894383f1e145dae489f8268e329144807a71342622b5e,Irritable,en-US,gtts,global/dictionary/i/irritable.mp3,8448,,2025-12-16 04:41:57.906891+00,2025-12-16 04:41:57.906891+00,0
813,9206b4e70597080fb23dda909268b9831b6e188b71d29545ad170937162e0933,Insignificant,en-US,gtts,global/dictionary/i/insignificant.mp3,11520,,2025-12-16 04:41:57.926755+00,2025-12-16 04:41:57.926755+00,0
814,60749257fdf88add2d291667ada475f717f00bba80494da9decb2141d2b4fb24,Nostalgic,en-US,gtts,global/dictionary/n/nostalgic.mp3,9984,,2025-12-16 04:41:59.075092+00,2025-12-16 04:41:59.075092+00,0
815,65620b69d5fce3ff149e707ad4f1c8485d116023ead121a10185737a164dbfea,Relevant,en-US,gtts,global/dictionary/r/relevant.mp3,7680,,2025-12-16 04:41:59.098888+00,2025-12-16 04:41:59.098888+00,0
816,c5917a376eb5a438f7e746ea21154522a73c1188f0da27d7028fccd1c5586777,Remorseful,en-US,gtts,global/dictionary/r/remorseful.mp3,9408,,2025-12-16 04:42:00.785772+00,2025-12-16 04:42:00.785772+00,0
817,3d761313b97ff678c8eb442d3d34d29dc150177fe41031f334d91fcf9d7492e9,Irrelevant,en-US,gtts,global/dictionary/i/irrelevant.mp3,8448,,2025-12-16 04:42:00.805302+00,2025-12-16 04:42:00.805302+00,0
818,bedeb0a96a3c7dcdb00d740ddf6be7137678dbd4f79e62003defa91570061792,Vexed,en-US,gtts,global/dictionary/v/vexed.mp3,7104,,2025-12-16 04:42:01.967309+00,2025-12-16 04:42:01.967309+00,0
819,b972115ec839e7196a34077b3a0c68ec7114cd98a72cd6ba25fe982048dc2538,Concrete,en-US,gtts,global/dictionary/c/concrete.mp3,7872,,2025-12-16 04:42:01.980376+00,2025-12-16 04:42:01.980376+00,0
820,3de5f357262be446455af15b16dfe4b3e4530a746b890bc44086114384f2e96e,Enamored,en-US,gtts,global/dictionary/e/enamored.mp3,7872,,2025-12-16 04:42:03.451283+00,2025-12-16 04:42:03.451283+00,0
821,c8219bb423ec24a4f09270825f8f01c85fb44601f546c9ce4de263121ace4afe,Spiritual,en-US,gtts,global/dictionary/s/spiritual.mp3,9792,,2025-12-16 04:42:03.464622+00,2025-12-16 04:42:03.464622+00,0
822,345d29b980eb899315e7754127e4ef8f46f853b99aa26ed5e8939464d671a454,Awed,en-US,gtts,global/dictionary/a/awed.mp3,5952,,2025-12-16 04:42:04.943858+00,2025-12-16 04:42:04.943858+00,0
823,f2930e104119d737421530dca1c7acd122c151b54a482da4d34402117c2e3748,Material,en-US,gtts,global/dictionary/m/material.mp3,8640,,2025-12-16 04:42:04.965429+00,2025-12-16 04:42:04.965429+00,0
824,eddae8ef2a5d74ad8f616941db25ede96c8a619b48c8e7e17b3a3035a34ef646,Bewildered,en-US,gtts,global/dictionary/b/bewildered.mp3,8448,,2025-12-16 04:42:06.382463+00,2025-12-16 04:42:06.382463+00,0
825,9d690e0427dbf4a9d2825f92c4537926f357965569f2116c324286e823dbf2d9,Subjective,en-US,gtts,global/dictionary/s/subjective.mp3,9792,,2025-12-16 04:42:06.397908+00,2025-12-16 04:42:06.397908+00,0
826,b72c37878a0f969e0501ee35040208b485305581e2b2e14f3eed72854ca38787,Exasperated,en-US,gtts,global/dictionary/e/exasperated.mp3,11328,,2025-12-16 04:42:08.140708+00,2025-12-16 04:42:08.140708+00,0
827,071080d711d8d1c68d5b08def40d6f951b57c52bba79116634b1d769d78dd8ab,Objective,en-US,gtts,global/dictionary/o/objective.mp3,9024,,2025-12-16 04:42:08.157886+00,2025-12-16 04:42:08.157886+00,0
828,9fe44e7e768d82eaec0b6d29c80ae10bb3eb3d027bcd8e11fbc1b687d0123477,Grateful,en-US,gtts,global/dictionary/g/grateful.mp3,7488,,2025-12-16 04:42:09.618069+00,2025-12-16 04:42:09.618069+00,0
829,c2076703015833fef73a292809fcb4708f7e5bbb77cbfc3a9195113f609151d4,Relative,en-US,gtts,global/dictionary/r/relative.mp3,8256,,2025-12-16 04:42:09.63534+00,2025-12-16 04:42:09.63534+00,0
830,2d48cb89144b1b13af47532ebe53415c4f3e1577a9bacd519c43e19e284ff83c,Indignant,en-US,gtts,global/dictionary/i/indignant.mp3,8256,,2025-12-16 04:42:11.335294+00,2025-12-16 04:42:11.335294+00,0
831,7add806fc56d84d3dfa9514f10af225a1dab65b91abbb31907c964925f33ee09,Absolute,en-US,gtts,global/dictionary/a/absolute.mp3,8256,,2025-12-16 04:42:11.352894+00,2025-12-16 04:42:11.352894+00,0
832,2643b0f031ecfeff36ef8d65bc6db6c0f065394bab21517a4dd971a757272681,Disgusted,en-US,gtts,global/dictionary/d/disgusted.mp3,8832,,2025-12-16 04:42:12.521094+00,2025-12-16 04:42:12.521094+00,0
833,629049733119075ee304620f0c3b95dfd288154c6e5fd1b129b8af8c22b48fd4,Intangible,en-US,gtts,global/dictionary/i/intangible.mp3,9792,,2025-12-16 04:42:12.536218+00,2025-12-16 04:42:12.536218+00,0
834,254fe650cb599e8b87e230ee3f3c21d4489fed9a62f5ded33ff11f9d6cce5cbb,Embarrassed,en-US,gtts,global/dictionary/e/embarrassed.mp3,8832,,2025-12-16 04:42:14.296307+00,2025-12-16 04:42:14.296307+00,0
835,1006d2b70455ed99345f849866de8a6ba6229dd9ef936496926caf6c7801178f,Tangible,en-US,gtts,global/dictionary/t/tangible.mp3,8448,,2025-12-16 04:42:14.316569+00,2025-12-16 04:42:14.316569+00,0
836,efa4dbc6e2de7a1a784e3c43fd717a445527d3c71e05d65b16044a871b8b31d8,Flustered,en-US,gtts,global/dictionary/f/flustered.mp3,8064,,2025-12-16 04:42:15.778421+00,2025-12-16 04:42:15.778421+00,0
837,a0cfa82a2f714785d8d8d4503786c55747e2c8d90f6400d32e4ec92e6fa731d1,Ephemeral,en-US,gtts,global/dictionary/e/ephemeral.mp3,8448,,2025-12-16 04:42:15.791408+00,2025-12-16 04:42:15.791408+00,0
838,6932aa05e9dd72c11db6be582ae5c6c04db2e2c943d130da9c19c59887a431bf,Pleased,en-US,gtts,global/dictionary/p/pleased.mp3,6912,,2025-12-16 04:42:17.292539+00,2025-12-16 04:42:17.292539+00,0
839,0fa448e618735b6038d9e8eb8c0d2e4b2539e70d1435cd6e741bc5319a510b2b,Eternal,en-US,gtts,global/dictionary/e/eternal.mp3,7872,,2025-12-16 04:42:17.314141+00,2025-12-16 04:42:17.314141+00,0
840,c6c728a6912610b21a42dc96689e635f7f2d08ca48661086b25661b844a7256f,Solemn,en-US,gtts,global/dictionary/s/solemn.mp3,7680,,2025-12-16 04:42:19.050791+00,2025-12-16 04:42:19.050791+00,0
841,6725ac351ba90fc1f03f5136cb89bff0eb967a494a3c8434ae36360ee5c94f01,Transient,en-US,gtts,global/dictionary/t/transient.mp3,8448,,2025-12-16 04:42:19.070646+00,2025-12-16 04:42:19.070646+00,0
842,d0e31cb7f0f13787122784b54f762d6cb41a14a363bc1896924eb6e163d7182f,Thrilled,en-US,gtts,global/dictionary/t/thrilled.mp3,6144,,2025-12-16 04:42:20.863096+00,2025-12-16 04:42:20.863096+00,0
843,f241a011e1d6212e83e7c0386a8f83c003c6fcf64fd54b7b8881fc90158933ef,Permanent,en-US,gtts,global/dictionary/p/permanent.mp3,7680,,2025-12-16 04:42:20.88502+00,2025-12-16 04:42:20.88502+00,0
844,e3fe7d3fc2119d2980324786aaf918f53c6406c4b72d95ecc3da71e803768217,Wary,en-US,gtts,global/dictionary/w/wary.mp3,6912,,2025-12-16 04:42:22.331828+00,2025-12-16 04:42:22.331828+00,0
845,13472a1d28abeeaafd30bce40ab129ab3a7701a1c06258068749f0fea5979080,Universal,en-US,gtts,global/dictionary/u/universal.mp3,9792,,2025-12-16 04:42:22.344818+00,2025-12-16 04:42:22.344818+00,0
846,f64ca6b00f3e8d27b4da5e7f35ab1c1284369091e0fd9942cac65d0986a932c2,Zealous,en-US,gtts,global/dictionary/z/zealous.mp3,8640,,2025-12-16 04:42:23.792003+00,2025-12-16 04:42:23.792003+00,0
847,1081e66ed349cf83c86ae7a3b198faf02d91169a8fdc7fdac5fcf47e24e056eb,Particular,en-US,gtts,global/dictionary/p/particular.mp3,9600,,2025-12-16 04:42:23.807161+00,2025-12-16 04:42:23.807161+00,0
848,69a7d779eba40a42e5fcc29e911f4668ecfad377d424f0056d500d6d1836b6c4,Dispassionate,en-US,gtts,global/dictionary/d/dispassionate.mp3,9600,,2025-12-16 04:42:25.256874+00,2025-12-16 04:42:25.256874+00,0
849,8b0838fc23dadf54a5fd99c8ae69f1b4d71205c0d45cf5c47606b100faf43053,Ideal,en-US,gtts,global/dictionary/i/ideal.mp3,7680,,2025-12-16 04:42:25.278107+00,2025-12-16 04:42:25.278107+00,0
850,5ffff5312b542206e37b092e7ee2bf3a221e987a1d9e47a66c77d4a4d99d3109,Unsettled,en-US,gtts,global/dictionary/u/unsettled.mp3,8448,,2025-12-16 04:42:26.466127+00,2025-12-16 04:42:26.466127+00,0
851,b9a94b3033ca0f40da2f9ae0a41afd591ecad44f8ab0c34a067959b1ed4c5409,Real,en-US,gtts,global/dictionary/r/real.mp3,6528,,2025-12-16 04:42:26.507244+00,2025-12-16 04:42:26.507244+00,0
852,d09ebd82476120ff253674a68d2ada94d1aca9b06c0203e180ab84f85e5bcf20,Intrigued,en-US,gtts,global/dictionary/i/intrigued.mp3,8256,,2025-12-16 04:42:27.762082+00,2025-12-16 04:42:27.762082+00,0
853,10ed3ce8963ab30bb218b1e5eb7ae39b7f4d9a6ed646822ed0d9b88ce508320d,Theoretical,en-US,gtts,global/dictionary/t/theoretical.mp3,9600,,2025-12-16 04:42:27.80531+00,2025-12-16 04:42:27.80531+00,0
854,177bb267db80274bd6fa684786cc5f69eab0e638e1094ba509083d4c5248f558,Annoyed,en-US,gtts,global/dictionary/a/annoyed.mp3,6912,,2025-12-16 04:42:29.23088+00,2025-12-16 04:42:29.23088+00,0
855,a2eea0af591480ca70b3b577a56ad82305b700ac9a33092c011c117c513ac328,Practical,en-US,gtts,global/dictionary/p/practical.mp3,8256,,2025-12-16 04:42:29.274104+00,2025-12-16 04:42:29.274104+00,0
856,2aefc5d8b1dfdc0dbcf46ac41eec674d7804512f2f2a8971c8fa09fef4081a08,Vindicated,en-US,gtts,global/dictionary/v/vindicated.mp3,9408,,2025-12-16 04:42:30.675995+00,2025-12-16 04:42:30.675995+00,0
857,4c1e8734cbd72b86c80abf3b4b741944564ff94e442400bf3877b6a985749640,Conceptual,en-US,gtts,global/dictionary/c/conceptual.mp3,9792,,2025-12-16 04:42:30.714871+00,2025-12-16 04:42:30.714871+00,0
858,6a9dd2e060630358a5b432fdd38d66b2d5438062b4942bf61d0e95571e001a4c,Exhausted,en-US,gtts,global/dictionary/e/exhausted.mp3,9216,,2025-12-16 04:42:32.462266+00,2025-12-16 04:42:32.462266+00,0
859,a2631d66827c341e1978feb37b3e76a771706e2ada49d2a2d43aeefc9abaf81f,Empirical,en-US,gtts,global/dictionary/e/empirical.mp3,9216,,2025-12-16 04:42:33.069624+00,2025-12-16 04:42:33.069624+00,0
860,62cdae78489293b80385795318b176379e641b4ffcdac8a1bc34f35b034e6ad2,Rational,en-US,gtts,global/dictionary/r/rational.mp3,8256,,2025-12-16 04:42:33.715147+00,2025-12-16 04:42:33.715147+00,0
861,5a6200c5052ef9df00cc6d3b91f19a60f05946f868d1d4fb007a372271e947bc,Emotional,en-US,gtts,global/dictionary/e/emotional.mp3,9024,,2025-12-16 04:42:34.410593+00,2025-12-16 04:42:34.410593+00,0
862,04fa1bebe975a4dce2053220555be273e2bbe42150fa83e25a0af136adfa4086,Intuitive,en-US,gtts,global/dictionary/i/intuitive.mp3,8448,,2025-12-16 04:42:35.073703+00,2025-12-16 04:42:35.073703+00,0
863,e5229587f8b396f5c17f5e2a6e1a00547212bf2fd49fefd2d6e8fd538c997acc,Logical,en-US,gtts,global/dictionary/l/logical.mp3,8640,,2025-12-16 04:42:35.74333+00,2025-12-16 04:42:35.74333+00,0
864,e22aaf5445119f89280c9fc25245abff0ffebe19d8691a932071a34f2fe267a0,Quick,en-US,gtts,global/dictionary/q/quick.mp3,5760,,2025-12-16 04:43:27.142756+00,2025-12-16 04:43:27.142756+00,0
865,b54038086307e88ac00598edac04913bc392aa64ffbbfa2d45ddee49dbe13c9d,Swift,en-US,gtts,global/dictionary/s/swift.mp3,7680,,2025-12-16 04:43:28.056478+00,2025-12-16 04:43:28.056478+00,0
866,e0c0c14f7b201eab7c795e6a16c5243731ae9acb3fb74ce01fd3b4d6d9c62238,Rapid,en-US,gtts,global/dictionary/r/rapid.mp3,6912,,2025-12-16 04:43:28.726449+00,2025-12-16 04:43:28.726449+00,0
867,f9f665518617e739122400299bcbfeb68c8293dbbd6d4665dffaef8409420f02,Speedy,en-US,gtts,global/dictionary/s/speedy.mp3,7680,,2025-12-16 04:43:29.380506+00,2025-12-16 04:43:29.380506+00,0
868,ab72acb9ff48591ebd667cfa7f6d8479dc0cfc70494d9cf3568a2deca66c45d4,Prompt,en-US,gtts,global/dictionary/p/prompt.mp3,6528,,2025-12-16 04:43:30.343948+00,2025-12-16 04:43:30.343948+00,0
869,78e0e9e116ab7126b80c28898313b37325dc944930c738a00213e6f1ac858240,Timely,en-US,gtts,global/dictionary/t/timely.mp3,7488,,2025-12-16 04:43:31.281389+00,2025-12-16 04:43:31.281389+00,0
870,3d51c9e0deb2cfb5d35a6dfdc50b7b9264d81fbab61279955aadf0e90652f9c4,Punctual,en-US,gtts,global/dictionary/p/punctual.mp3,7872,,2025-12-16 04:43:31.914211+00,2025-12-16 04:43:31.914211+00,0
871,2b9265c8747a486052adc09d0401cb33af4162a3bf5895c028c28c219837f732,Early,en-US,gtts,global/dictionary/e/early.mp3,6720,,2025-12-16 04:43:32.696177+00,2025-12-16 04:43:32.696177+00,0
872,77d6650cd5e592a19b90dfe6e5f0318d2a1628c70471b8d758db165ebe4dde93,Late,en-US,gtts,global/dictionary/l/late.mp3,5568,,2025-12-16 04:43:33.60762+00,2025-12-16 04:43:33.60762+00,0
873,bd835076a21441d58218a94bbee45c0bd90e72e4fdac68d37c0e9ac58074f4f2,Leisurely,en-US,gtts,global/dictionary/l/leisurely.mp3,8448,,2025-12-16 04:43:35.028938+00,2025-12-16 04:43:35.028938+00,0
874,aafe4a95e3f6d6fa33d84e7e6470039afb533266363d706f068cd4030f97a3de,Diligent,en-US,gtts,global/dictionary/d/diligent.mp3,7872,,2025-12-16 04:43:35.784969+00,2025-12-16 04:43:35.784969+00,0
875,71bd5cbbeaf13dbb51c14e49ea05d3b9022ce872a7b6548de19c0934db60b844,Gradual,en-US,gtts,global/dictionary/g/gradual.mp3,8064,,2025-12-16 04:43:35.830409+00,2025-12-16 04:43:35.830409+00,0
876,1ea11e21e95c9c7291d26255cabecf63fc732619cb42173b8b1db47adba8a66d,Sudden,en-US,gtts,global/dictionary/s/sudden.mp3,7296,,2025-12-16 04:43:37.57555+00,2025-12-16 04:43:37.57555+00,0
877,753222a48c700c4e430452dea04e2bfd277c1c21e83e13833c167b00c80240f1,Instant,en-US,gtts,global/dictionary/i/instant.mp3,7488,,2025-12-16 04:43:38.496224+00,2025-12-16 04:43:38.496224+00,0
878,215558a36164eb376e1863b7f38fa58bfcaa6b2663a1bbdc0ee73c03922b0654,Impulsive,en-US,gtts,global/dictionary/i/impulsive.mp3,9408,,2025-12-16 04:43:38.515115+00,2025-12-16 04:43:38.515115+00,0
879,8cf3fc3b5596ff6538fe070ff453bb367fba87c945458fed6b9732aef2311e5a,Immediate,en-US,gtts,global/dictionary/i/immediate.mp3,7680,,2025-12-16 04:43:39.683682+00,2025-12-16 04:43:39.683682+00,0
880,2bcd7469f4968ba07cfbac2463fa0d85406a9d52a88262fb41757dd56017f39e,Prudent,en-US,gtts,global/dictionary/p/prudent.mp3,6528,,2025-12-16 04:43:39.701023+00,2025-12-16 04:43:39.701023+00,0
881,0360ea6e65cb837ed53e47f57ce508b93eb295adf45c52e7df0d8809b53096d2,Fleeting,en-US,gtts,global/dictionary/f/fleeting.mp3,7488,,2025-12-16 04:43:40.882862+00,2025-12-16 04:43:40.882862+00,0
882,ad87211729147ffe5f513cb900d83ed3a0329286d6a7ffa3630f4fbc67a7e73e,Stingy,en-US,gtts,global/dictionary/s/stingy.mp3,8256,,2025-12-16 04:43:41.645075+00,2025-12-16 04:43:41.645075+00,0
883,972641ca23206f92e76ee0ba92621a623280a1930ff7608f8c8fbf46108226e3,Brief,en-US,gtts,global/dictionary/b/brief.mp3,6912,,2025-12-16 04:43:41.654068+00,2025-12-16 04:43:41.654068+00,0
884,312d655f8c8cd0cf5acd1a52ef013fb175d67a23fa94c59ff4708359d53b180e,Cruel,en-US,gtts,global/dictionary/c/cruel.mp3,7104,,2025-12-16 04:43:43.180769+00,2025-12-16 04:43:43.180769+00,0
885,0d8313bca3fa4dde08e905d51867d2fcc54113b101fe951a90b70313190ab172,Extended,en-US,gtts,global/dictionary/e/extended.mp3,8832,,2025-12-16 04:43:43.969186+00,2025-12-16 04:43:43.969186+00,0
886,32ef18a76f42b67c3dae7e40b6cf83b977a4519aa006d8ba6e9a7f7ce50e3a1b,Dishonest,en-US,gtts,global/dictionary/d/dishonest.mp3,9408,,2025-12-16 04:43:45.021122+00,2025-12-16 04:43:45.021122+00,0
887,d8f9607eba19dd88ffd36f10653e7a75ed4fe112d9f7cf2c6b9539f61ba81dd8,Prolonged,en-US,gtts,global/dictionary/p/prolonged.mp3,8256,,2025-12-16 04:43:45.027533+00,2025-12-16 04:43:45.027533+00,0
888,8c6efb9c61140f074ba3c4ffb71a233ea341f559d4513a79cfbdb69a8d369fcc,Endless,en-US,gtts,global/dictionary/e/endless.mp3,8448,,2025-12-16 04:43:46.505026+00,2025-12-16 04:43:46.505026+00,0
889,7be63ee2c5e34e425b0be54bc8b9f421326fd691decbfac528d0356eac1e7d11,Disloyal,en-US,gtts,global/dictionary/d/disloyal.mp3,8640,,2025-12-16 04:43:47.243788+00,2025-12-16 04:43:47.243788+00,0
890,01271976dfb3fe554b796bb21199ff39698394d1f295e325b39413eeb141163f,Perpetual,en-US,gtts,global/dictionary/p/perpetual.mp3,8832,,2025-12-16 04:43:48.053731+00,2025-12-16 04:43:48.053731+00,0
891,851544b9039d28072a9835c8caf08d0fc406f5858b8cd63efb8faaf5f5db03ed,Constant,en-US,gtts,global/dictionary/c/constant.mp3,8064,,2025-12-16 04:43:49.118998+00,2025-12-16 04:43:49.118998+00,0
892,a298a45f0ce3331e67e05c0db051d56b5a5b0185b6a854de59ee6147a484cecc,Frequent,en-US,gtts,global/dictionary/f/frequent.mp3,7680,,2025-12-16 04:43:50.017152+00,2025-12-16 04:43:50.017152+00,0
893,0e6c26ec84e41179be428912b346b6b38611d5231747c97a9c9e4d99e8f5385c,Regular,en-US,gtts,global/dictionary/r/regular.mp3,8256,,2025-12-16 04:43:50.799133+00,2025-12-16 04:43:50.799133+00,0
894,e323455e49ce331a6b5bfb0c0740d599f2e2d98e9989b42b92d9612d251fc912,Periodic,en-US,gtts,global/dictionary/p/periodic.mp3,9216,,2025-12-16 04:43:51.857491+00,2025-12-16 04:43:51.857491+00,0
895,0158acacf3cbb01ecafc0a993328d84e2c0128c18e5eda97916cbbedf4b99ac5,Intermittent,en-US,gtts,global/dictionary/i/intermittent.mp3,9024,,2025-12-16 04:43:52.790991+00,2025-12-16 04:43:52.790991+00,0
896,e791c873c334cc9325bc29229c19de517e0dbdb04a59007534045648345bd2c9,Cowardly,en-US,gtts,global/dictionary/c/cowardly.mp3,8640,,2025-12-16 04:43:52.80882+00,2025-12-16 04:43:52.80882+00,0
897,7b7c2b9e34252a66591f775508a49e824cb8c5e2c8267bcecc4386380c713d12,Sporadic,en-US,gtts,global/dictionary/s/sporadic.mp3,9024,,2025-12-16 04:43:54.30409+00,2025-12-16 04:43:54.30409+00,0
898,82c7e96f7f86d2bea11c4a424b95e88e3c769cecef7f344ca1c45ed8a3dca328,Arrogant,en-US,gtts,global/dictionary/a/arrogant.mp3,7296,,2025-12-16 04:43:55.090301+00,2025-12-16 04:43:55.090301+00,0
899,24c9d591f9f40827e89b5ad9d583cc00967c606db9bfa418ab138a66a99eab51,Ancient,en-US,gtts,global/dictionary/a/ancient.mp3,6912,,2025-12-16 04:43:55.097497+00,2025-12-16 04:43:55.097497+00,0
900,fbfec300f5e5914e03b80fad8769fb868f77bed1204fce619d5dbfa544cb26b8,Humble,en-US,gtts,global/dictionary/h/humble.mp3,6912,,2025-12-16 04:43:56.559826+00,2025-12-16 04:43:56.559826+00,0
901,7d7b04551934e900ae932eac46323f8a0a3ab5e4808512bb09807a61d7866965,Modern,en-US,gtts,global/dictionary/m/modern.mp3,7296,,2025-12-16 04:43:57.97244+00,2025-12-16 04:43:57.97244+00,0
902,2608bf2fe1a94b783f0861c62b568fa286a7447ebec39c7b697b6983ca4f8582,Cheerful,en-US,gtts,global/dictionary/c/cheerful.mp3,7488,,2025-12-16 04:43:57.989442+00,2025-12-16 04:43:57.989442+00,0
903,07dc3a1578cf0788f7e5ff0e0dffc56e1620f816bb96ec50b6cca4af331b22f4,Contemporary,en-US,gtts,global/dictionary/c/contemporary.mp3,10560,,2025-12-16 04:43:59.149673+00,2025-12-16 04:43:59.149673+00,0
904,dd9f3d86e8f72fdbfe3722fe53ad13b351de469ea33672a1702fed052ef40dd8,Sociable,en-US,gtts,global/dictionary/s/sociable.mp3,9024,,2025-12-16 04:43:59.182102+00,2025-12-16 04:43:59.182102+00,0
905,dfc331e09a92370e1cd1cb44ab75bb9d0e2e0438e8f38bcbcadd52a7210e442d,Future,en-US,gtts,global/dictionary/f/future.mp3,8064,,2025-12-16 04:44:00.608431+00,2025-12-16 04:44:00.608431+00,0
906,4391879d7c09b8edc394b4bed199f2aa797b5ebf6d92a827f0683048e9176c57,Reserved,en-US,gtts,global/dictionary/r/reserved.mp3,8640,,2025-12-16 04:44:00.655247+00,2025-12-16 04:44:00.655247+00,0
907,733feba523444f14b31cfe3f43031782bb289cd48d00b4ef78cb765de87e05e8,Past,en-US,gtts,global/dictionary/p/past.mp3,6912,,2025-12-16 04:44:02.41632+00,2025-12-16 04:44:02.41632+00,0
908,881b1e9fc168a229bb356a5748f02c3a460dc3961f36548d7319ea5bea6365e2,Reliable,en-US,gtts,global/dictionary/r/reliable.mp3,8832,,2025-12-16 04:44:02.431108+00,2025-12-16 04:44:02.431108+00,0
909,d664bd0192be7f68ab24424e4771d9f30a56b4463b5bbacf2dc0887742c81496,Present,en-US,gtts,global/dictionary/p/present.mp3,7104,,2025-12-16 04:44:03.767759+00,2025-12-16 04:44:03.767759+00,0
910,f327ecb4e7385a13e47935b82f3da51776a8d3424266a43145458ceac44322c6,Unreliable,en-US,gtts,global/dictionary/u/unreliable.mp3,9984,,2025-12-16 04:44:03.785025+00,2025-12-16 04:44:03.785025+00,0
911,f11152e8ce650b93bc84f4fdf3a2942acedd7b4bf5c2d9c859f649bce76c00ea,Current,en-US,gtts,global/dictionary/c/current.mp3,6336,,2025-12-16 04:44:04.97095+00,2025-12-16 04:44:04.97095+00,0
912,61d414b6e07a274bb16b066a43f157e3a72c1c80aad2c777fec9de0b8d9f8e77,Upcoming,en-US,gtts,global/dictionary/u/upcoming.mp3,8448,,2025-12-16 04:44:05.772235+00,2025-12-16 04:44:05.772235+00,0
913,ce244dcbf86034f316643b118ea195a5aafc76f040ad26b5c5bf4b463fc1c9ec,Spontaneous,en-US,gtts,global/dictionary/s/spontaneous.mp3,11904,,2025-12-16 04:44:06.878194+00,2025-12-16 04:44:06.878194+00,0
914,674791c3156c113ac7b4b83cf39bc3d02e4a53acf898143177209dfe0b64aea6,Previous,en-US,gtts,global/dictionary/p/previous.mp3,8832,,2025-12-16 04:44:06.884662+00,2025-12-16 04:44:06.884662+00,0
915,787b449bdca3b7019ff4d2652bf071c5063fa2fd7053e2d50c4a0aadbba586d5,Consecutive,en-US,gtts,global/dictionary/c/consecutive.mp3,10368,,2025-12-16 04:44:08.388418+00,2025-12-16 04:44:08.388418+00,0
916,0af575be69c7ea35c85e70047b6bf78b053992c95f9f7901ff1a563d66181ad9,Witty,en-US,gtts,global/dictionary/w/witty.mp3,6528,,2025-12-16 04:44:09.137952+00,2025-12-16 04:44:09.137952+00,0
917,a30690ab58c0352b6f5f3e55b6c6eeeaf8a4c7598ecfa1c275d660235e5b4b09,Subsequent,en-US,gtts,global/dictionary/s/subsequent.mp3,9792,,2025-12-16 04:44:09.177405+00,2025-12-16 04:44:09.177405+00,0
918,36f2a66ddffcd46b1780473c156bb0f73fd5a9cd49f620b3085cce1116de5a01,Serious,en-US,gtts,global/dictionary/s/serious.mp3,9408,,2025-12-16 04:44:10.652473+00,2025-12-16 04:44:10.652473+00,0
919,6053adc2509d19a41940927372647107c5b778fed4bd46f9c1dda76f075a0e84,Simultaneous,en-US,gtts,global/dictionary/s/simultaneous.mp3,12672,,2025-12-16 04:44:10.667243+00,2025-12-16 04:44:10.667243+00,0
920,60e52948fef153fa9fe0485913c135f36080e62346050e73484ce3422f623e80,Synchronous,en-US,gtts,global/dictionary/s/synchronous.mp3,10368,,2025-12-16 04:44:12.178802+00,2025-12-16 04:44:12.178802+00,0
921,1985c72ed29846939b013539392e120d1e52be1977fad9473bbb48a73e326a46,Careful,en-US,gtts,global/dictionary/c/careful.mp3,7104,,2025-12-16 04:44:12.954678+00,2025-12-16 04:44:12.954678+00,0
922,f1a1d31bd084f69d27832fcef414c7ea8bec53af6918ad2ce5159e6a7feeef7f,Asynchronous,en-US,gtts,global/dictionary/a/asynchronous.mp3,11136,,2025-12-16 04:44:12.995767+00,2025-12-16 04:44:12.995767+00,0
923,d22ad4cbc4bdfda67888f7272bb28dd7e8608b0232b9482e405df5db0378c80b,Seasonal,en-US,gtts,global/dictionary/s/seasonal.mp3,8448,,2025-12-16 04:44:14.446833+00,2025-12-16 04:44:14.446833+00,0
924,3fd43a4719ce310fb5fb9d426a376769623828e73f6b9f42ac01f4e0d1607958,Idealistic,en-US,gtts,global/dictionary/i/idealistic.mp3,10368,,2025-12-16 04:44:15.459831+00,2025-12-16 04:44:15.459831+00,0
925,ca464c88b0ce95ded31bd6ca6b7545a3354a594393403ef151be678c92cb5013,Daily,en-US,gtts,global/dictionary/d/daily.mp3,6912,,2025-12-16 04:44:15.500889+00,2025-12-16 04:44:15.500889+00,0
926,3bc189f4e58f463513790eb2937ea10615999e1fe9d6eb517a764ce482447321,Tidy,en-US,gtts,global/dictionary/t/tidy.mp3,6912,,2025-12-16 04:44:16.907444+00,2025-12-16 04:44:16.907444+00,0
927,34cfca3aae50be4d120b85ad074926faf1dbe80d0a70ae6184cb48e6fc5ad4c2,Hourly,en-US,gtts,global/dictionary/h/hourly.mp3,7296,,2025-12-16 04:44:16.9485+00,2025-12-16 04:44:16.9485+00,0
928,27dc42b7d3c41a742d122e6a80bb9a7c5752dc84e3ab954ae92717445d5663c3,Messy,en-US,gtts,global/dictionary/m/messy.mp3,7296,,2025-12-16 04:44:18.354623+00,2025-12-16 04:44:18.354623+00,0
929,acccfd2f7b46a6668988a09d0597a42c6235de0cd40b52122b8026085f09d683,Indecisive,en-US,gtts,global/dictionary/i/indecisive.mp3,10176,,2025-12-16 04:44:19.210397+00,2025-12-16 04:44:19.210397+00,0
930,e07cbf74b420e63545df011596de308c1795cc11c1551ec28621a8e88627ce84,Solid,en-US,gtts,global/dictionary/s/solid.mp3,7488,,2025-12-16 04:54:22.966992+00,2025-12-16 04:54:22.966992+00,0
931,b3c1b1809e49c8d5e51fb0580883b9b597838b7e24d5db6fa9eb44592c6166a7,Liquid,en-US,gtts,global/dictionary/l/liquid.mp3,7104,,2025-12-16 04:54:23.649597+00,2025-12-16 04:54:23.649597+00,0
932,e29e1fe2015e267e10c62393717f58cf212d37150ca3a80f52164719540d88ff,Gaseous,en-US,gtts,global/dictionary/g/gaseous.mp3,8832,,2025-12-16 04:54:24.571945+00,2025-12-16 04:54:24.571945+00,0
933,45800433d4edd115773ccc7e5987e98727d623a5b7ef43d94c003c9907d94375,Metallic,en-US,gtts,global/dictionary/m/metallic.mp3,8640,,2025-12-16 04:54:25.213466+00,2025-12-16 04:54:25.213466+00,0
934,f849b810da4a9163a7046c24a98c74a7ec220ad34282c425dcd752daa38df338,Wooden,en-US,gtts,global/dictionary/w/wooden.mp3,6912,,2025-12-16 04:54:26.127117+00,2025-12-16 04:54:26.127117+00,0
935,c0c2897ab7d075f3de76de89857e3a905fe0f0153a44eb1b01ec3858facc3693,Glassy,en-US,gtts,global/dictionary/g/glassy.mp3,7872,,2025-12-16 04:54:27.10995+00,2025-12-16 04:54:27.10995+00,0
936,4a9ff7b4b7ba18ba69cdb390f6b360fbd4daee7fadd8d31bfe5bd5c4f794a1c4,Right,en-US,gtts,global/dictionary/r/right.mp3,5568,,2025-12-16 04:54:27.296129+00,2025-12-16 04:54:27.296129+00,0
937,fea0165c0da15fa3c45e66eeeff8817fce51973040ad32ce27a650cce3576029,Ceramic,en-US,gtts,global/dictionary/c/ceramic.mp3,8832,,2025-12-16 04:54:28.723403+00,2025-12-16 04:54:28.723403+00,0
938,739a836721fd9c37e6aff4465f3eaa522c58ad1d14ed8e80dea7c112837eb599,Wrong,en-US,gtts,global/dictionary/w/wrong.mp3,6528,,2025-12-16 04:54:28.736351+00,2025-12-16 04:54:28.736351+00,0
939,27dbe2b2b362c32c58699d5c7e377e8b34d4f6b850263033491f231119312b03,Fabric,en-US,gtts,global/dictionary/f/fabric.mp3,7680,,2025-12-16 04:54:30.198737+00,2025-12-16 04:54:30.198737+00,0
940,e83a6517f5e30c2f3d701a7dcfdc9a9e59bcb076288012fc668033b65bdaaf01,Just,en-US,gtts,global/dictionary/j/just.mp3,6528,,2025-12-16 04:54:30.218152+00,2025-12-16 04:54:30.218152+00,0
941,955b348ae780e5a68143ce9b39b87f671e018e5258c64d53e85723e801ce2634,Unjust,en-US,gtts,global/dictionary/u/unjust.mp3,8832,,2025-12-16 04:54:31.423579+00,2025-12-16 04:54:31.423579+00,0
942,8921369db6b3063b3f3e119ac99a9479a013eb4d5b4075113ceb247302115dcf,Rubber,en-US,gtts,global/dictionary/r/rubber.mp3,7296,,2025-12-16 04:54:32.438992+00,2025-12-16 04:54:32.438992+00,0
943,3471a5633bdf7c13e7f314c7ea216338cd0796c8df50b85c877023360fb9f645,Fair,en-US,gtts,global/dictionary/f/fair.mp3,6144,,2025-12-16 04:54:32.486142+00,2025-12-16 04:54:32.486142+00,0
944,3d66f5911e46b423741ef392eb2eb475b7b0a2e19fbc07c74c2fca38172d7714,Stone,en-US,gtts,global/dictionary/s/stone.mp3,8064,,2025-12-16 04:54:33.881433+00,2025-12-16 04:54:33.881433+00,0
945,27ddb93585a4fe189277e096a3882cac184bf0e3360838de8ab9cbc6c30ee872,Unfair,en-US,gtts,global/dictionary/u/unfair.mp3,8256,,2025-12-16 04:54:33.931164+00,2025-12-16 04:54:33.931164+00,0
946,6ff6056aa252a78fd60eabded9130e05693fb4c8e2bd08bbe916754a1a51f8b7,Moral,en-US,gtts,global/dictionary/m/moral.mp3,6912,,2025-12-16 04:54:35.104093+00,2025-12-16 04:54:35.104093+00,0
947,c26ecb13e006b8b4ac009033b6e28be4a47fd3688a7341a06892cad114954acb,Organic,en-US,gtts,global/dictionary/o/organic.mp3,8448,,2025-12-16 04:54:35.277036+00,2025-12-16 04:54:35.277036+00,0
948,19b4de38a15efb0b780c21b7570dca25de522a739baeb444a69a30b8129bbf98,Immoral,en-US,gtts,global/dictionary/i/immoral.mp3,7872,,2025-12-16 04:54:36.417332+00,2025-12-16 04:54:36.417332+00,0
949,abb00a9eb02421a1592c543b55018418366ed03823b64f479867eb4168b38a36,Academic,en-US,gtts,global/dictionary/a/academic.mp3,9024,,2025-12-16 04:54:35.835789+00,2025-12-16 04:54:35.835789+00,0
950,d66a8136554e8626e3ace7f8a8b2f37e2ae4aef59c5e005e18d3946efd2ad323,Ethical,en-US,gtts,global/dictionary/e/ethical.mp3,7488,,2025-12-16 04:54:37.886268+00,2025-12-16 04:54:37.886268+00,0
951,925e1ae794e110068ce2d9661e14f9655e64e107def8bd6d3821972e776f91a6,Scholarly,en-US,gtts,global/dictionary/s/scholarly.mp3,9408,,2025-12-16 04:54:37.89222+00,2025-12-16 04:54:37.89222+00,0
952,709401a63c395ea5a40d830617f7a693dc880e3b4d66c0ad6c1a7b715c801b16,Unethical,en-US,gtts,global/dictionary/u/unethical.mp3,9024,,2025-12-16 04:54:39.359226+00,2025-12-16 04:54:39.359226+00,0
953,4904673ce25a7f325a04d1718db80ad40a6986eca1029769236c3e416e3896fe,Intellectual,en-US,gtts,global/dictionary/i/intellectual.mp3,9984,,2025-12-16 04:54:39.372242+00,2025-12-16 04:54:39.372242+00,0
954,1da9d51a496f93c38bd878e39fa2982dfd3855407a8747dfbb65d9858adfbac5,Analytical,en-US,gtts,global/dictionary/a/analytical.mp3,9600,,2025-12-16 04:54:41.166662+00,2025-12-16 04:54:41.166662+00,0
955,b2efd317861094bddcd8e3a8f2d6d4243eb97e385ed7de8162509242f0a39aa5,Critical,en-US,gtts,global/dictionary/c/critical.mp3,7680,,2025-12-16 04:54:41.938307+00,2025-12-16 04:54:41.938307+00,0
956,051609089b87dd4813063770667ba259136e4a9c7e143fdd363fead19404ae57,Synthetic,en-US,gtts,global/dictionary/s/synthetic.mp3,9216,,2025-12-16 04:54:41.910019+00,2025-12-16 04:54:41.910019+00,0
957,ffef147e2b53aad20616bd59cb6bf6ce030cae9882c37984acb00bfdd4566005,Virtuous,en-US,gtts,global/dictionary/v/virtuous.mp3,9408,,2025-12-16 04:54:43.495176+00,2025-12-16 04:54:43.495176+00,0
958,f11f1b629beeda6d452329f6f779f5a8efab88c4254456d4bec4bd3ff15c2270,Natural,en-US,gtts,global/dictionary/n/natural.mp3,7680,,2025-12-16 04:54:44.396837+00,2025-12-16 04:54:44.396837+00,0
959,fa17c090e21b18e7111f43e271e8ede5240286418bd85d9d2f926055b49f9eee,Vicious,en-US,gtts,global/dictionary/v/vicious.mp3,8640,,2025-12-16 04:54:44.439424+00,2025-12-16 04:54:44.439424+00,0
960,3aba1e1ff8c598272a1df766b59beee378866a0d8c0c8f0b50ab05637bc2607c,Artificial,en-US,gtts,global/dictionary/a/artificial.mp3,9792,,2025-12-16 04:54:45.996414+00,2025-12-16 04:54:45.996414+00,0
961,562aba6b227d86c4539380ab5ece559ff0814e475968c49ad080493952fe1cae,Noble,en-US,gtts,global/dictionary/n/noble.mp3,7104,,2025-12-16 04:54:46.044464+00,2025-12-16 04:54:46.044464+00,0
962,cb6675d9aab7d654948f3ba2f68f8f8a84df4b01bc919cdb3fe5de668f4f5ebb,Ignoble,en-US,gtts,global/dictionary/i/ignoble.mp3,8256,,2025-12-16 04:54:47.910227+00,2025-12-16 04:54:47.910227+00,0
963,078df69ec38fdb92ca0678a825edc9bcadec9f13b3ea29fe429653b968461860,Methodological,en-US,gtts,global/dictionary/m/methodological.mp3,11904,,2025-12-16 04:54:48.226173+00,2025-12-16 04:54:48.226173+00,0
964,b3ad8ccb9333714928acc015472ceb30d86699f4304b3b3b4de8ee420acc39a0,Mixed,en-US,gtts,global/dictionary/m/mixed.mp3,6912,,2025-12-16 04:54:50.07013+00,2025-12-16 04:54:50.07013+00,0
965,07d6032199283fac834b9c16ea6ff5af8ecc69ec4cce563213ec3af1652b0923,Praiseworthy,en-US,gtts,global/dictionary/p/praiseworthy.mp3,9408,,2025-12-16 04:54:50.077199+00,2025-12-16 04:54:50.077199+00,0
966,bd644fc0ef2a666d7399ed62423e4e76354d7f68b13874d262a64ef718a95b97,Scientific,en-US,gtts,global/dictionary/s/scientific.mp3,10368,,2025-12-16 04:54:50.23442+00,2025-12-16 04:54:50.23442+00,0
967,ffbb53fb31c4f321234e1ddb2ad705c17bc7d58b539d8c25acbd35be767ca350,Existential,en-US,gtts,global/dictionary/e/existential.mp3,10944,,2025-12-16 04:54:50.254285+00,2025-12-16 04:54:50.254285+00,0
968,559054df58fc829c84356cd421debcffd2c746759a74b41225a3847832acd12a,Blameworthy,en-US,gtts,global/dictionary/b/blameworthy.mp3,8448,,2025-12-16 04:54:53.087708+00,2025-12-16 04:54:53.087708+00,0
969,7f4953136ee45d74e0700aead972b17c36c3c57003876011829f85a7d245ecb0,Crude,en-US,gtts,global/dictionary/c/crude.mp3,6528,,2025-12-16 04:54:53.088034+00,2025-12-16 04:54:53.088034+00,0
970,96c8ab91efa4f636091ed987489c7d973ed214bb85994c40314baec4dad5707c,Educational,en-US,gtts,global/dictionary/e/educational.mp3,10176,,2025-12-16 04:54:53.109753+00,2025-12-16 04:54:53.109753+00,0
971,7d661d83747b6ba3e1ba05f0a4e06ee1d2d3e2c2abab774e008d6560e04c6dbd,Metaphysical,en-US,gtts,global/dictionary/m/metaphysical.mp3,10752,,2025-12-16 04:54:53.128759+00,2025-12-16 04:54:53.128759+00,0
972,a93e3404ca5e9e52b61fbec5e1c4f584a865322b34f5d90f8b6b14092ecd30bf,Refined,en-US,gtts,global/dictionary/r/refined.mp3,8640,,2025-12-16 04:54:55.757492+00,2025-12-16 04:54:55.757492+00,0
973,0cc928614a0cd171f676be36534f8381a64f0c4033d146d0f2d361011b3ba453,Pedagogical,en-US,gtts,global/dictionary/p/pedagogical.mp3,10752,,2025-12-16 04:54:55.764667+00,2025-12-16 04:54:55.764667+00,0
974,cefcc10b8f4f36abf55f37f84d0f7f05d8afa0106093e90ea5444293111debdb,Epistemological,en-US,gtts,global/dictionary/e/epistemological.mp3,13248,,2025-12-16 04:54:55.777464+00,2025-12-16 04:54:55.777464+00,0
975,8f0264789749415c1cd5d09764078228c1f538d1dfcb0032455ab4157898e6ac,Admirable,en-US,gtts,global/dictionary/a/admirable.mp3,8640,,2025-12-16 04:54:55.757948+00,2025-12-16 04:54:55.757948+00,0
976,f6057933ff2e1685ec8b996ac8c56dc18547228a915fa9802377449cb1d94efe,Ontological,en-US,gtts,global/dictionary/o/ontological.mp3,10752,,2025-12-16 04:54:58.682149+00,2025-12-16 04:54:58.682149+00,0
977,5ca43f64e0624e4b0a9eabe022720ae1cefb5f94253c5dfe2fb91b7428c8f5c1,Didactic,en-US,gtts,global/dictionary/d/didactic.mp3,8640,,2025-12-16 04:54:58.689102+00,2025-12-16 04:54:58.689102+00,0
978,dff47e45e49f961d58475630eddfe5feb731ce1fd6a505c1baeb00993cb97cdc,Deplorable,en-US,gtts,global/dictionary/d/deplorable.mp3,9216,,2025-12-16 04:54:58.688958+00,2025-12-16 04:54:58.688958+00,0
979,ccadf3c69f6bb7b4c77d94a1067bd6de80c041b66d64508d5349b479e56687c9,Curricular,en-US,gtts,global/dictionary/c/curricular.mp3,9600,,2025-12-16 04:55:01.241734+00,2025-12-16 04:55:01.241734+00,0
980,3e0106fe4ff6dd53f0d17085fbc8198fb4e03e70457c4ec10ea596b2cd7f33cb,Acceptable,en-US,gtts,global/dictionary/a/acceptable.mp3,9600,,2025-12-16 04:55:01.272453+00,2025-12-16 04:55:01.272453+00,0
981,80484ce5ba3f6a9fb84d582c581da75e4e642487a66d695dc930394b4386453e,Linguistic,en-US,gtts,global/dictionary/l/linguistic.mp3,9408,,2025-12-16 04:55:02.740782+00,2025-12-16 04:55:02.740782+00,0
982,6a4cdd481225ca0a1e9d1a982dc5e1c571e7fee4458679021dbee613dfd42e87,Unacceptable,en-US,gtts,global/dictionary/u/unacceptable.mp3,10752,,2025-12-16 04:55:02.781788+00,2025-12-16 04:55:02.781788+00,0
983,6aa66913c150817e1b4a8d5dc31694ce36ddcfd8a544880a5a05c7bbe8c33b3b,Aesthetic,en-US,gtts,global/dictionary/a/aesthetic.mp3,8448,,2025-12-16 04:55:04.776021+00,2025-12-16 04:55:04.776021+00,0
984,6f994c242551eb72fe5508ec01602ab352475653d319e9d7bfe13b058bb99d5e,Brittle,en-US,gtts,global/dictionary/b/brittle.mp3,6528,,2025-12-16 04:55:04.782435+00,2025-12-16 04:55:04.782435+00,0
985,fbbc99482109ec2f312c8dba3dcd10dd93e81f92702e5cfc69411e63b1780d07,Philosophical,en-US,gtts,global/dictionary/p/philosophical.mp3,11328,,2025-12-16 04:55:04.782332+00,2025-12-16 04:55:04.782332+00,0
986,b87fd55e711a3137efc0795a238073b3fe5f9534202d5ebfa816974354c41d66,Desirable,en-US,gtts,global/dictionary/d/desirable.mp3,9600,,2025-12-16 04:55:04.820858+00,2025-12-16 04:55:04.820858+00,0
987,9972d4ca07e0313c818132d073e1897fe07081c7f451ab11db832af9b9111ed8,Ductile,en-US,gtts,global/dictionary/d/ductile.mp3,8448,,2025-12-16 04:55:07.393787+00,2025-12-16 04:55:07.393787+00,0
988,4e27a5c32611bbe9303425ba4c238b466a6dd5e41495dd4d48e857ef5474f29e,Undesirable,en-US,gtts,global/dictionary/u/undesirable.mp3,10752,,2025-12-16 04:55:07.406863+00,2025-12-16 04:55:07.406863+00,0
989,b2197a99e07e5813a6295d2fefbeb6043debf032d08961b437f517785d060e0a,Historical,en-US,gtts,global/dictionary/h/historical.mp3,9600,,2025-12-16 04:55:07.393911+00,2025-12-16 04:55:07.393911+00,0
990,fcc57c4fbfbfd37908243a452b538d0415017118cff3f64911704b236e7412aa,Malleable,en-US,gtts,global/dictionary/m/malleable.mp3,9024,,2025-12-16 04:55:09.678649+00,2025-12-16 04:55:09.678649+00,0
991,c34f488ee9ae1f2ceafd5d41d3d5761e6e2ad4ecc3b150c1f69897347eb9cf80,Valuable,en-US,gtts,global/dictionary/v/valuable.mp3,9024,,2025-12-16 04:55:09.704583+00,2025-12-16 04:55:09.704583+00,0
992,8c96af91c23bd624011dbae90e887683f61a05e68e716e8c11ad959d2ad523eb,Literary,en-US,gtts,global/dictionary/l/literary.mp3,8640,,2025-12-16 04:55:09.705082+00,2025-12-16 04:55:09.705082+00,0
993,bb9f51b09f8c164dead0497684e1d816ae639e1c850045cd578f2432a66615e5,Transparent,en-US,gtts,global/dictionary/t/transparent.mp3,9600,,2025-12-16 04:55:11.845506+00,2025-12-16 04:55:11.845506+00,0
994,e17a74e7f88f7c5c698a309b176b54d7141ac1855d673870ccc03fbf992f5172,Mathematical,en-US,gtts,global/dictionary/m/mathematical.mp3,10752,,2025-12-16 04:55:11.888381+00,2025-12-16 04:55:11.888381+00,0
995,913abd8df7c619278300ef3e32afdd2017179f31c687227ab5812055ff34dc47,Worthless,en-US,gtts,global/dictionary/w/worthless.mp3,9600,,2025-12-16 04:55:11.873241+00,2025-12-16 04:55:11.873241+00,0
996,e3662e2a1a7b19b8d0e1037ba037a46b7a17b9fb7660fb486f4e527e94e7dfb0,Materialistic,en-US,gtts,global/dictionary/m/materialistic.mp3,11712,,2025-12-16 04:55:13.731405+00,2025-12-16 04:55:13.731405+00,0
997,ebe9f8cd21e07fefbe03143622ed5e370a1fb30f85ece57fa17477c84aaa8eaa,Opaque,en-US,gtts,global/dictionary/o/opaque.mp3,7488,,2025-12-16 04:55:13.737805+00,2025-12-16 04:55:13.737805+00,0
998,42d7949721dad8eeeccabea127914527d901095f3b74d57552e25df25ae0d51d,Superior,en-US,gtts,global/dictionary/s/superior.mp3,10368,,2025-12-16 04:55:15.128415+00,2025-12-16 04:55:15.128415+00,0
999,e51ff04936dc5c0b3c37c920f5dffe53915ca38afe631bbb1c54eaed1cb17b7e,Nihilistic,en-US,gtts,global/dictionary/n/nihilistic.mp3,10368,,2025-12-16 04:55:15.156427+00,2025-12-16 04:55:15.156427+00,0
1000,0991eaafde2df28473fd336d1c530f3bb01348b34f4c6dfdbc8b96568439379f,Translucent,en-US,gtts,global/dictionary/t/translucent.mp3,10368,,2025-12-16 04:55:15.174305+00,2025-12-16 04:55:15.174305+00,0
1001,28f478bd044a4c2c1d067314f533dc2c30f8f62a3546893c8be5cd307ab5a6f1,Inferior,en-US,gtts,global/dictionary/i/inferior.mp3,9408,,2025-12-16 04:55:17.848113+00,2025-12-16 04:55:17.848113+00,0
1002,41c1e96014cc12fd8abc496fbc5a646cb58dd531913cbb90ab2f73ce0a6a8b0d,Excellent,en-US,gtts,global/dictionary/e/excellent.mp3,7872,,2025-12-16 04:55:19.195665+00,2025-12-16 04:55:19.195665+00,0
1003,8beb1e8717fd1c0d78fd75da8eb655a17a422f84cce5be779327ea84d41f4fb2,Dogmatic,en-US,gtts,global/dictionary/d/dogmatic.mp3,8832,,2025-12-16 04:55:19.196122+00,2025-12-16 04:55:19.196122+00,0
1004,78721609314d4dc55260b2f2b874e131cbfd7f9bf4dbe830dd6b20e84cfa0822,Rigorous,en-US,gtts,global/dictionary/r/rigorous.mp3,8640,,2025-12-16 04:55:19.213302+00,2025-12-16 04:55:19.213302+00,0
1005,614347a66954fe2a5e8aef649e8650d6138e3dd90f9d24bb78a462ba386b401f,Thorough,en-US,gtts,global/dictionary/t/thorough.mp3,7104,,2025-12-16 04:55:21.496084+00,2025-12-16 04:55:21.496084+00,0
1006,1da8f7631ed98bc0b14794c4021f6149d990727757486bd52af4d9e1d699c0ef,Superb,en-US,gtts,global/dictionary/s/superb.mp3,8832,,2025-12-16 04:55:22.533727+00,2025-12-16 04:55:22.533727+00,0
1007,4cdd80d428da5636afd60c016760e0b5cf8eb1aeeacd559c5284cdc4ce155ab5,Comprehensive,en-US,gtts,global/dictionary/c/comprehensive.mp3,10752,,2025-12-16 04:55:22.556919+00,2025-12-16 04:55:22.556919+00,0
1008,7b0c260066cda72da4d08ff72e49aa733eebddd83ac8f09b7a2cef0489a35a2c,Phenomenological,en-US,gtts,global/dictionary/p/phenomenological.mp3,12864,,2025-12-16 04:55:23.42494+00,2025-12-16 04:55:23.42494+00,0
1009,80e529742ae4aa8261c8c5e9c48ae4255bf222e025cadfcaff6ac93050269fda,Porous,en-US,gtts,global/dictionary/p/porous.mp3,8064,,2025-12-16 04:55:24.036182+00,2025-12-16 04:55:24.036182+00,0
1010,6bbb585645e73213e1629a96d39a47417ee80059870d0cacc125a1442908e932,In-depth,en-US,gtts,global/dictionary/i/in-depth.mp3,6336,,2025-12-16 04:55:25.434265+00,2025-12-16 04:55:25.434265+00,0
1011,fb542ff629753de358ac6becb2499bf444f9f5eab41b32e3390b32f037a6dd18,Awful,en-US,gtts,global/dictionary/a/awful.mp3,6528,,2025-12-16 04:55:25.434248+00,2025-12-16 04:55:25.434248+00,0
1012,51be31fcd71407636c190d5211b9fe5baa2335b8e6a1e7f8a8fdfb32174dadef,Dense,en-US,gtts,global/dictionary/d/dense.mp3,7872,,2025-12-16 04:55:25.481236+00,2025-12-16 04:55:25.481236+00,0
1013,b4252e741f102165ade4eb1b276f131ef58eca0425b2b53dec907a8876c1fc41,Socratic,en-US,gtts,global/dictionary/s/socratic.mp3,9024,,2025-12-16 04:55:25.462135+00,2025-12-16 04:55:25.462135+00,0
1014,90f40482914cc089ae6cb57e62603b36b7e0947122d770b5f430f03b37f0b576,Extensive,en-US,gtts,global/dictionary/e/extensive.mp3,9600,,2025-12-16 04:55:28.20742+00,2025-12-16 04:55:28.20742+00,0
1015,c3b9a58297ce4e6f119efafc9837055ef7dc0e59922d743a2ce2041aad67fcb8,Splendid,en-US,gtts,global/dictionary/s/splendid.mp3,8448,,2025-12-16 04:55:28.235223+00,2025-12-16 04:55:28.235223+00,0
1016,bb92c2cbda2f140e24c0f5fac2377e2d401992d08e6b695851995361184ef145,Platonic,en-US,gtts,global/dictionary/p/platonic.mp3,8448,,2025-12-16 04:55:29.084689+00,2025-12-16 04:55:29.084689+00,0
1017,906ff347db425dedc6ebf71017621691ce3a6ee4a10e5d6311174a437ff43439,Research-based,en-US,gtts,global/dictionary/r/research-based.mp3,11520,,2025-12-16 04:55:29.805928+00,2025-12-16 04:55:29.805928+00,0
1018,d6fc6fb2c054aa8f1e481b8253fb6e4e81831b8fdec3551906adf41e52a6a65e,Dreadful,en-US,gtts,global/dictionary/d/dreadful.mp3,7488,,2025-12-16 04:55:30.375856+00,2025-12-16 04:55:30.375856+00,0
1019,6028b22feb107490ecdae3abc04e5c1993c496bcf29fb20b76c43311ccb8bdb0,Aristotelian,en-US,gtts,global/dictionary/a/aristotelian.mp3,11904,,2025-12-16 04:55:32.194515+00,2025-12-16 04:55:32.194515+00,0
1020,d8bf1fce264adc8f182bd1dc36ef8d08de8f4c7892d1dd7f2fa4858b78bcb244,Data-driven,en-US,gtts,global/dictionary/d/data-driven.mp3,9792,,2025-12-16 04:55:32.214543+00,2025-12-16 04:55:32.214543+00,0
1021,f1552c97adc06f2245a8f84293e5d88168acef168d2c869b8fde861ee8c73d96,Absorbent,en-US,gtts,global/dictionary/a/absorbent.mp3,8640,,2025-12-16 04:55:32.220757+00,2025-12-16 04:55:32.220757+00,0
1022,58ebb479d0453a046bc954817deee1aa4a40265bffa0e62e800f95252ec474ab,Crucial,en-US,gtts,global/dictionary/c/crucial.mp3,7488,,2025-12-16 04:55:32.220986+00,2025-12-16 04:55:32.220986+00,0
1023,a33c2cf1d7a15d0f9459a13a302a2cdf5289c4ab73c932036cda44f0c14ae4af,Cartesian,en-US,gtts,global/dictionary/c/cartesian.mp3,9216,,2025-12-16 04:55:34.808136+00,2025-12-16 04:55:34.808136+00,0
1024,7c2eb54c3fb3e5f0eef723d00aef54be57893fbe3748f032b3a96e8a6f770b05,Peer-reviewed,en-US,gtts,global/dictionary/p/peer-reviewed.mp3,9984,,2025-12-16 04:55:34.827578+00,2025-12-16 04:55:34.827578+00,0
1025,665b52eecf0a6b154d7eeaaf7fd3e22def89dfb561f9a11360d4698eb1a4ca05,Waterproof,en-US,gtts,global/dictionary/w/waterproof.mp3,10176,,2025-12-16 04:55:34.834725+00,2025-12-16 04:55:34.834725+00,0
1026,a80e029845973b725a3fc36836bc42d16f101bf69e0dbbc5505f15e4369c053c,Kantian,en-US,gtts,global/dictionary/k/kantian.mp3,7872,,2025-12-16 04:55:37.009933+00,2025-12-16 04:55:37.009933+00,0
1027,3ca7156fd05279b84db1ecf6cf1e01ec03b841acc5736ca11accd40722e85f53,Conductive,en-US,gtts,global/dictionary/c/conductive.mp3,8640,,2025-12-16 04:55:37.025498+00,2025-12-16 04:55:37.025498+00,0
1028,7713f4cbe55f4f6bc92f1e8f712d64e470015cd09b5ff11a5387963df3527ddc,Evidential,en-US,gtts,global/dictionary/e/evidential.mp3,9600,,2025-12-16 04:55:37.01821+00,2025-12-16 04:55:37.01821+00,0
1029,3a76f16182f3f8e169aeaee18eba1c251fd8007ade81f8697153ae0a288ed77e,Hegelian,en-US,gtts,global/dictionary/h/hegelian.mp3,9408,,2025-12-16 04:55:39.450489+00,2025-12-16 04:55:39.450489+00,0
1030,1cc8a305f959652f5159c39a8523307c34bd053512623cfb0d32ddf34d1bfa1a,Insulating,en-US,gtts,global/dictionary/i/insulating.mp3,9408,,2025-12-16 04:55:39.476253+00,2025-12-16 04:55:39.476253+00,0
1031,a4ad366c5021a0d1da7c03c1eb8ef6fdc6a944c4dd1eb4a290234c097ee83054,Beneficial,en-US,gtts,global/dictionary/b/beneficial.mp3,9216,,2025-12-16 04:55:40.499705+00,2025-12-16 04:55:40.499705+00,0
1032,24036acc8244c59e27746b7097a6a02d1ec1b1882d8648793cffc05a11b61179,Nietzschean,en-US,gtts,global/dictionary/n/nietzschean.mp3,8448,,2025-12-16 04:55:42.054973+00,2025-12-16 04:55:42.054973+00,0
1033,cde9d33f752a8c88319decf04840a793e33a5a7a7a25d767e665b0f1229ecc63,Harmful,en-US,gtts,global/dictionary/h/harmful.mp3,7680,,2025-12-16 04:55:42.785427+00,2025-12-16 04:55:42.785427+00,0
1034,d0fd9bb412b111a78d28b72bead181f07b8396cf85007a14ab34959e043193da,Quantitative,en-US,gtts,global/dictionary/q/quantitative.mp3,9600,,2025-12-16 04:55:42.785719+00,2025-12-16 04:55:42.785719+00,0
1035,2edcfc390afc0e3e91458c189ae6edb0905fa11de70696e2715f27b751ad8328,Corrosive,en-US,gtts,global/dictionary/c/corrosive.mp3,8448,,2025-12-16 04:55:42.785918+00,2025-12-16 04:55:42.785918+00,0
1036,f841680e6b228cace5a4efb25fc90a3274d65ed4ca815abfa5221ef09712f8d1,Utilitarian,en-US,gtts,global/dictionary/u/utilitarian.mp3,11904,,2025-12-16 04:55:42.8266+00,2025-12-16 04:55:42.8266+00,0
1037,936b93e45c662518ef0515aff334601b616c6ef00b12d92122ed8427aa0af2ca,Constructive,en-US,gtts,global/dictionary/c/constructive.mp3,9792,,2025-12-16 04:55:45.655747+00,2025-12-16 04:55:45.655747+00,0
1038,75e1ae5c308e94f1760dc422f73fc763b345b27965b99cc1a93456539350be6d,Qualitative,en-US,gtts,global/dictionary/q/qualitative.mp3,9984,,2025-12-16 04:55:45.655746+00,2025-12-16 04:55:45.655746+00,0
1039,c066c7c996c620ba5dc7ccda3dfbe42e046c31388adc7e2817717f62c669143e,Magnetic,en-US,gtts,global/dictionary/m/magnetic.mp3,8832,,2025-12-16 04:55:45.68442+00,2025-12-16 04:55:45.68442+00,0
1040,1b4379af615661173a48be9aa178b003f67140ac1a5caa5a7bcef9a8475492ee,Deontological,en-US,gtts,global/dictionary/d/deontological.mp3,11904,,2025-12-16 04:55:45.69722+00,2025-12-16 04:55:45.69722+00,0
1041,e2e9d0162dd74f1151bdbaa2f5419e8fd097f311e8ca3867e8ef64885fc66867,Destructive,en-US,gtts,global/dictionary/d/destructive.mp3,9408,,2025-12-16 04:55:48.237362+00,2025-12-16 04:55:48.237362+00,0
1042,63ac01c459b21386f2f14d3e11b83f206d8b8090f10f5e7368ea396258bdfe30,Elastic,en-US,gtts,global/dictionary/e/elastic.mp3,8832,,2025-12-16 04:55:48.264923+00,2025-12-16 04:55:48.264923+00,0
1043,15c5937647add5d04875ada07d34d8b1f5435ec5c7833570865f42a3cc378fe7,Foundational,en-US,gtts,global/dictionary/f/foundational.mp3,10176,,2025-12-16 04:55:48.98908+00,2025-12-16 04:55:48.98908+00,0
1044,f1bba003115c9bd630bf7b36ffc892788478f8396cededc8996d02f888b0919b,Viscous,en-US,gtts,global/dictionary/v/viscous.mp3,8832,,2025-12-16 04:55:50.608583+00,2025-12-16 04:55:50.608583+00,0
1045,bd8eb6cb527e9e9c927c41ad3977e4499028429c076f8f8b86c0966b7e6fe4bc,Wise,en-US,gtts,global/dictionary/w/wise.mp3,8448,,2025-12-16 04:55:50.608929+00,2025-12-16 04:55:50.608929+00,0
1046,135a37e5be11c8b2cf72ae8cb1bc2bd3b4b4433bffb415dd24df67caf0d12288,Advanced,en-US,gtts,global/dictionary/a/advanced.mp3,8832,,2025-12-16 04:55:50.656079+00,2025-12-16 04:55:50.656079+00,0
1047,334c1ba8a885122b7c911ba7468ba0debbd1d554258290e919b052c3d61a08b1,Transcendental,en-US,gtts,global/dictionary/t/transcendental.mp3,10368,,2025-12-16 04:55:52.486084+00,2025-12-16 04:55:52.486084+00,0
1048,f8831b5f035c885d06d2ae388e290babc18df9274ea66507dd587cf39c1f8260,Fibrous,en-US,gtts,global/dictionary/f/fibrous.mp3,9024,,2025-12-16 04:55:53.032963+00,2025-12-16 04:55:53.032963+00,0
1049,431abb48fc27e85e634bc58fec2dc908629de3749f591190fe2d802f0d971c26,Foolish,en-US,gtts,global/dictionary/f/foolish.mp3,8256,,2025-12-16 04:55:53.602336+00,2025-12-16 04:55:53.602336+00,0
1050,f95b5b7ebb4444216e20babf68bc4644ccd27b1d0d7f4ea16ea3e4e06e910c67,Elementary,en-US,gtts,global/dictionary/e/elementary.mp3,9216,,2025-12-16 04:55:53.602665+00,2025-12-16 04:55:53.602665+00,0
1051,82b72b7e980abefc099cde7b9552e54347f005742f43da083385dd4046956078,Immanent,en-US,gtts,global/dictionary/i/immanent.mp3,6912,,2025-12-16 04:55:55.550689+00,2025-12-16 04:55:55.550689+00,0
1052,938558581f1002c689606c5a5c12728374ae42383c62e15e6ad94a72389dd341,Graduate,en-US,gtts,global/dictionary/g/graduate.mp3,7488,,2025-12-16 04:55:55.594191+00,2025-12-16 04:55:55.594191+00,0
1053,27ac8b24b526a2b456697ceb77d33a2fc8d74330384e9835cdde9426297fc4af,Granular,en-US,gtts,global/dictionary/g/granular.mp3,8640,,2025-12-16 04:55:55.573074+00,2025-12-16 04:55:55.573074+00,0
1054,f9b2f55cfb8a53c7d91ace298a5337974b3d96bdc5a39ccb81ad6a911681c649,Imprudent,en-US,gtts,global/dictionary/i/imprudent.mp3,8064,,2025-12-16 04:55:58.002589+00,2025-12-16 04:55:58.002589+00,0
1055,3e8a8f9fcc89df0ce92c9be912201a4384e12069d8a31e1e250a8cf202c59996,Powdery,en-US,gtts,global/dictionary/p/powdery.mp3,7488,,2025-12-16 04:55:58.734982+00,2025-12-16 04:55:58.734982+00,0
1056,f5b1132c483275afe992df875f4bf67d0b6a01fac5933dcad590270fae81a75f,Undergraduate,en-US,gtts,global/dictionary/u/undergraduate.mp3,10176,,2025-12-16 04:55:58.022168+00,2025-12-16 04:55:58.022168+00,0
1057,80285f4700c9f72a9e32b52f663706bdb2cc7fdc80d0df59334003be16565396,A priori,en-US,gtts,content/adjectives/level_112/word/a-priori_80285f47.mp3,9600,,2025-12-16 04:56:00.315995+00,2025-12-16 04:56:00.315995+00,0
1058,76c23231e72909735945f7527de9294e082c73a799969fd4b4778610e7b24b1d,Irresponsible,en-US,gtts,global/dictionary/i/irresponsible.mp3,11712,,2025-12-16 04:56:00.503913+00,2025-12-16 04:56:00.503913+00,0
1059,94cbc518b39951c9de7c6b46c0d01a77184cd826ac3b35c439c150847ca861d6,Collegiate,en-US,gtts,global/dictionary/c/collegiate.mp3,7872,,2025-12-16 04:56:01.191136+00,2025-12-16 04:56:01.191136+00,0
1060,d2b6ef11253b004062285958d5275261a8ac3788cab91b252e2c1fad842d89ea,A posteriori,en-US,gtts,content/adjectives/level_112/word/a-posteriori_d2b6ef11.mp3,12096,,2025-12-16 04:56:02.070081+00,2025-12-16 04:56:02.070081+00,0
1061,e81ace801a6a969ae26bd00804117c4720612654b26be3d98a4db234a8144df2,Disciplinary,en-US,gtts,global/dictionary/d/disciplinary.mp3,10368,,2025-12-16 04:56:03.104164+00,2025-12-16 04:56:03.104164+00,0
1062,1756d7340fe5fb035ab6b90725ee5542017fe159ba2cec1b2dc54bc3ba62b238,Deductive,en-US,gtts,global/dictionary/d/deductive.mp3,8448,,2025-12-16 04:56:03.147877+00,2025-12-16 04:56:03.147877+00,0
1063,c5fddb3543ae745523204a27c4301f8cc92bc65937e7869cd05887cdaf8f98e5,Interdisciplinary,en-US,gtts,global/dictionary/i/interdisciplinary.mp3,12672,,2025-12-16 04:56:04.594882+00,2025-12-16 04:56:04.594882+00,0
1064,f3caa4e51b94ca576f142bc62b678cd6dc38065886497e0ac827da2bc0210dee,Inductive,en-US,gtts,global/dictionary/i/inductive.mp3,8448,,2025-12-16 04:56:04.637788+00,2025-12-16 04:56:04.637788+00,0
1065,82ffab410cc392f71f9c668aa8df810186265ced0460e38db9f0c1bd1881780d,Seminal,en-US,gtts,global/dictionary/s/seminal.mp3,8256,,2025-12-16 04:56:05.808985+00,2025-12-16 04:56:05.808985+00,0
1066,6ef1f6a0e2cb5ce03684da7558ba4fa41db77f49faf783866e340e6c9cd8a70c,Dialectical,en-US,gtts,global/dictionary/d/dialectical.mp3,10752,,2025-12-16 04:56:05.84952+00,2025-12-16 04:56:05.84952+00,0
1067,1ac7ae0eb7c93ef59c32fb569a3d460b13fee7c63901d0a36160d0a5da87d9dd,Experiential,en-US,gtts,global/dictionary/e/experiential.mp3,11328,,2025-12-16 04:56:07.295093+00,2025-12-16 04:56:07.295093+00,0
1068,8a57bd19e7abe9ce7541bad70804a9965821aeb3b63b8618357e42505227607a,Formal,en-US,gtts,global/dictionary/f/formal.mp3,7104,,2025-12-16 04:56:08.381944+00,2025-12-16 04:56:08.381944+00,0
1069,00e758a88447735917d2de69cf5d52f42536de384c0ff68c9619056f76c26b19,Informal,en-US,gtts,global/dictionary/i/informal.mp3,8640,,2025-12-16 04:56:09.465759+00,2025-12-16 04:56:09.465759+00,0
1070,65f779800af83c7bae3aec45d05c04d465e8e177631b366c7b86d28caccfb140,Cognitive,en-US,gtts,global/dictionary/c/cognitive.mp3,8640,,2025-12-16 04:56:09.636581+00,2025-12-16 04:56:09.636581+00,0
1071,33a0166ddeadab1e2d5bd3be4d7fb11f91adb0640e06ec6ef48484bf2f27fabc,Sentient,en-US,gtts,global/dictionary/s/sentient.mp3,8064,,2025-12-16 04:56:10.820674+00,2025-12-16 04:56:10.820674+00,0
1072,61148d317273088864abc2fc59f60947b2703cbe787fce365d512b484a8a6223,Professional,en-US,gtts,global/dictionary/p/professional.mp3,9408,,2025-12-16 04:56:11.56092+00,2025-12-16 04:56:11.56092+00,0
1073,543626fc71e4bbc18815b695d56ce6c7760ff4952e8d01002a72ba30bcb2ece0,Conscious,en-US,gtts,global/dictionary/c/conscious.mp3,9216,,2025-12-16 04:56:11.610614+00,2025-12-16 04:56:11.610614+00,0
1074,5036e4d0419f7aabfe5777a7754cd81f8ac665b55e49f65978b37be6f307eaaf,Speculative,en-US,gtts,global/dictionary/s/speculative.mp3,10560,,2025-12-16 04:56:13.044491+00,2025-12-16 04:56:13.044491+00,0
1075,d3d967e8d1c6f2aa3717ec74bbc7f272fc5a9427bf409c2c56c7eab6b2f68974,Hypothetical,en-US,gtts,global/dictionary/h/hypothetical.mp3,10752,,2025-12-16 04:56:14.013104+00,2025-12-16 04:56:14.013104+00,0
1076,cc3165a872865a1c7c57415caa89ca91340d9d3b4a7965cccdfc6ecc7db6b1f8,Eloquent,en-US,gtts,global/dictionary/e/eloquent.mp3,7872,,2025-12-16 04:56:22.81025+00,2025-12-16 04:56:22.81025+00,0
1077,b3a64f112015b20d45e62ed7d71a56970929261149a9abf4a47fa00f42fb15a6,Vivid,en-US,gtts,global/dictionary/v/vivid.mp3,6720,,2025-12-16 04:56:23.458373+00,2025-12-16 04:56:23.458373+00,0
1078,8ad0d2c1d5cb9f6bc71a4ee43335cf589e3804e55c2dd96f8ac47ea44adafffa,Poignant,en-US,gtts,global/dictionary/p/poignant.mp3,7488,,2025-12-16 04:56:24.360824+00,2025-12-16 04:56:24.360824+00,0
1079,f6ffc6324221c15fa05c10b1b3d678668b103fc25dc5bba6be7fd86220bd5d6f,Melancholic,en-US,gtts,global/dictionary/m/melancholic.mp3,10368,,2025-12-16 04:56:25.299121+00,2025-12-16 04:56:25.299121+00,0
1080,e252191347c4b8f8aa948d74d688ba3c20cc383553247169e7e07e6b160dd7d6,Sublime,en-US,gtts,global/dictionary/s/sublime.mp3,8832,,2025-12-16 04:56:26.495155+00,2025-12-16 04:56:26.495155+00,0
1081,5b5bb9e822abbcdf0e1d552ff0bd2ffffdbf85e8006376d06bdd0bbddbc05052,Arcane,en-US,gtts,global/dictionary/a/arcane.mp3,8448,,2025-12-16 04:56:27.444086+00,2025-12-16 04:56:27.444086+00,0
1082,9bdc222fe08000ce8807af1240ab5f82ef69e27c000e5ce07b2751d7df6bf8a8,Erudite,en-US,gtts,global/dictionary/e/erudite.mp3,7488,,2025-12-16 04:56:28.352433+00,2025-12-16 04:56:28.352433+00,0
1083,395ba29b607570fbf59e596316c716bf7d56a7b0be720013682f52f73d0a6d7f,Lyrical,en-US,gtts,global/dictionary/l/lyrical.mp3,8064,,2025-12-16 04:56:29.262708+00,2025-12-16 04:56:29.262708+00,0
1084,1a516574568f8896b1928318d9c0bf147e241c5ae321f44583e3537938fec3d0,Evocative,en-US,gtts,global/dictionary/e/evocative.mp3,9600,,2025-12-16 04:56:30.190608+00,2025-12-16 04:56:30.190608+00,0
1085,6fd1591130a83aa1db08426b866945a52e8cb8604fa6cd93366c396e5c5a2a3f,Enigmatic,en-US,gtts,global/dictionary/e/enigmatic.mp3,9408,,2025-12-16 04:56:30.846177+00,2025-12-16 04:56:30.846177+00,0
1086,b656cc3eda9a4f432ea886857204b54efdec03886beab7f120d1e7103693c571,Intricate,en-US,gtts,global/dictionary/i/intricate.mp3,7872,,2025-12-16 04:56:31.720229+00,2025-12-16 04:56:31.720229+00,0
1087,90072655d0c137675c9bd27773afe81407a408db768f22f49dd1be2c6ad336cd,Sagacious,en-US,gtts,global/dictionary/s/sagacious.mp3,10752,,2025-12-16 04:56:32.649204+00,2025-12-16 04:56:32.649204+00,0
1088,e7543d0aff4c67c401c27a5f08e28568210f3cfb70abfe83421ac68b301d03b0,Exquisite,en-US,gtts,global/dictionary/e/exquisite.mp3,8832,,2025-12-16 04:56:34.222101+00,2025-12-16 04:56:34.222101+00,0
1089,6db9a5270e60c5c979c59bb9418aff8586bea388440fbf1dea4961d6ef7213d8,Candid,en-US,gtts,global/dictionary/c/candid.mp3,6912,,2025-12-16 04:56:35.081213+00,2025-12-16 04:56:35.081213+00,0
1090,60d48fee10c028f8eed066bf2e2670d45ad5697e8e1ed4cb4ababf33e1ecc178,Pragmatic,en-US,gtts,global/dictionary/p/pragmatic.mp3,8832,,2025-12-16 04:56:36.001523+00,2025-12-16 04:56:36.001523+00,0
1091,d8777ad1e3867dc2681aab6d858574b476acf56d6d3c5625b87b5367dccf176c,Allegorical,en-US,gtts,global/dictionary/a/allegorical.mp3,10368,,2025-12-16 04:56:37.150105+00,2025-12-16 04:56:37.150105+00,0
1092,046852fcb39606161fac4a79587505f0426416016624f2ae8b8c7ee75a2e885e,Metaphorical,en-US,gtts,global/dictionary/m/metaphorical.mp3,10752,,2025-12-16 04:56:37.833097+00,2025-12-16 04:56:37.833097+00,0
1093,02363308f55ac096e13779621e8930501acfbca9b90df6d33e0a55cb7b66de1a,Symbolic,en-US,gtts,global/dictionary/s/symbolic.mp3,9792,,2025-12-16 04:56:38.470251+00,2025-12-16 04:56:38.470251+00,0
1094,11edff0537ec5707563df3a04e0fc2159f7747912272607d5adbecdca5fa2678,Mythic,en-US,gtts,global/dictionary/m/mythic.mp3,7296,,2025-12-16 04:56:39.116202+00,2025-12-16 04:56:39.116202+00,0
1095,b56a99699ed356940f28014de6e4f3cb21b394d497e76afde946ac3d937d26e9,Heroic,en-US,gtts,global/dictionary/h/heroic.mp3,8256,,2025-12-16 04:56:39.731702+00,2025-12-16 04:56:39.731702+00,0
1096,b9aa3922a20edbdfed7207713d4041d0be4fa7560571a2cbafc16eace0258ce8,Tragic,en-US,gtts,global/dictionary/t/tragic.mp3,7872,,2025-12-16 04:56:40.369108+00,2025-12-16 04:56:40.369108+00,0
1097,6723fa0db5f55aea1ec0d906c9aab2b20c918346bd6010ddfc078c4058b7c694,Comic,en-US,gtts,global/dictionary/c/comic.mp3,7296,,2025-12-16 04:56:41.27807+00,2025-12-16 04:56:41.27807+00,0
1098,2162ed5ec9d73e3ff2d31393f4795824a88b8164919cd85831118e767953c4f5,Romantic,en-US,gtts,global/dictionary/r/romantic.mp3,8640,,2025-12-16 04:56:41.941347+00,2025-12-16 04:56:41.941347+00,0
1099,e3bc8b01931a613aa54560b569f90b46f3416f6b312a52808fe6078f0a2b0f43,Nuanced,en-US,gtts,global/dictionary/n/nuanced.mp3,8832,,2025-12-16 04:56:43.135465+00,2025-12-16 04:56:43.135465+00,0
1100,fab56ea248185e0d1492f94ba60c7e9856d3cc53a709bca8b32007e3b153f134,Elegant,en-US,gtts,global/dictionary/e/elegant.mp3,7296,,2025-12-16 04:56:44.079734+00,2025-12-16 04:56:44.079734+00,0
1101,de097ba5e0129ca8b0b13561b574fccec91bf0c3e787b4f32130848015a30407,Graceful,en-US,gtts,global/dictionary/g/graceful.mp3,7872,,2025-12-16 04:56:44.71046+00,2025-12-16 04:56:44.71046+00,0
1102,b4b7e6963ed0fd963c5e91517fea247262f0f0fce0105b9cbbaa07d75543120c,Timeless,en-US,gtts,global/dictionary/t/timeless.mp3,9024,,2025-12-16 04:56:45.650262+00,2025-12-16 04:56:45.650262+00,0
1103,65503dc9eaca55dca435b4041377165b05e0c7aada4e64fa15abd94c76e1706e,Enduring,en-US,gtts,global/dictionary/e/enduring.mp3,8448,,2025-12-16 04:56:46.609341+00,2025-12-16 04:56:46.609341+00,0
1104,bdbd096c2490b31ad232304bf1d19740dd8b9facf6ba80e43fbe4636c503563f,Compelling,en-US,gtts,global/dictionary/c/compelling.mp3,8448,,2025-12-16 04:56:47.267574+00,2025-12-16 04:56:47.267574+00,0
1105,3aef1780d866bc3ea8e4e63f0a9b22696ff752e6928e903896e14a231100bb49,Insightful,en-US,gtts,global/dictionary/i/insightful.mp3,9216,,2025-12-16 04:56:47.90945+00,2025-12-16 04:56:47.90945+00,0
1106,71542a67f275cc457c703c861eaf2641fa4fc50befad689ac9b37af15ba1fbaa,Perceptive,en-US,gtts,global/dictionary/p/perceptive.mp3,9024,,2025-12-16 04:56:48.550599+00,2025-12-16 04:56:48.550599+00,0
1107,a2d4b5a8831eea234270466ff729b6c68ee39cfb40f698ca3c155cdfdec19f91,Judicious,en-US,gtts,global/dictionary/j/judicious.mp3,9792,,2025-12-16 04:56:49.19698+00,2025-12-16 04:56:49.19698+00,0
1108,be832503e9c0dc6bb749c290ba604d4110688be0521b6c51593c0f9d92f5113d,Verdant,en-US,gtts,global/dictionary/v/verdant.mp3,6912,,2025-12-16 04:56:49.853075+00,2025-12-16 04:56:49.853075+00,0
1109,83b7cd533c84e839cb296a3fd2b3cc8918022af41c18096358fd4cf288ec981f,Ominous,en-US,gtts,global/dictionary/o/ominous.mp3,8832,,2025-12-16 04:56:50.775924+00,2025-12-16 04:56:50.775924+00,0
1110,60d7637733af463a59df84ea73207faed148a7459568213bbd3f92e6f2b12152,Palpable,en-US,gtts,global/dictionary/p/palpable.mp3,8064,,2025-12-16 04:56:51.416881+00,2025-12-16 04:56:51.416881+00,0
1111,4fc14388a25b776e98851d9a2567af74534110b4275c27914a693a7b37ea0628,Luminous,en-US,gtts,global/dictionary/l/luminous.mp3,9408,,2025-12-16 04:56:52.352735+00,2025-12-16 04:56:52.352735+00,0
1112,00ac03d2d88f982c366fc738c05a4f08aaee42153e043b4064ca5b43c517f82f,Cryptic,en-US,gtts,global/dictionary/c/cryptic.mp3,7680,,2025-12-16 04:56:53.300461+00,2025-12-16 04:56:53.300461+00,0
1113,4e3de2ef45834fa0fe50a753a0e0cc2ae03ef9c9e9a2fbed5dba7e40576db5ee,Recondite,en-US,gtts,global/dictionary/r/recondite.mp3,8256,,2025-12-16 04:56:53.950978+00,2025-12-16 04:56:53.950978+00,0
1114,554f894abd0b4eca83a3f2db922536da7b05d6e18a2106dc091bb86f9ad6b7df,Venerable,en-US,gtts,global/dictionary/v/venerable.mp3,8256,,2025-12-16 04:56:54.58617+00,2025-12-16 04:56:54.58617+00,0
1115,a028e730bb4187c82e1cf575e66c31fde8277641d1dcd33648d3aa884b32a14d,City,en-US,gtts,global/dictionary/c/city.mp3,6720,,2025-12-16 04:58:50.602014+00,2025-12-16 04:58:50.602014+00,0
1116,e27d2ab0e0bbd827305e9d51e51294cd0ab0ecac193e3cac37c05b5013e2cce8,Job,en-US,gtts,global/dictionary/j/job.mp3,6144,,2025-12-16 04:58:51.686763+00,2025-12-16 04:58:51.686763+00,0
1117,c4b4dad83511c36287a8021923c628f548227e22138693ee643663f9855f52f7,Office,en-US,gtts,global/dictionary/o/office.mp3,8448,,2025-12-16 04:58:52.632433+00,2025-12-16 04:58:52.632433+00,0
1118,923eb9301e7cb1691df17d05ca4b2e30297b64d1999736477583b04f41f308b9,Company,en-US,gtts,global/dictionary/c/company.mp3,7488,,2025-12-16 04:58:53.286693+00,2025-12-16 04:58:53.286693+00,0
1119,726ad6cb083d9eab6ae5e04189888f521d318c54880c61f9fec4064123a38a51,Mountain,en-US,gtts,global/dictionary/m/mountain.mp3,7488,,2025-12-16 04:58:53.878679+00,2025-12-16 04:58:53.878679+00,0
1120,0445575d8044b35c9bd4796abfd4e8b1536e6925e814b4df7e89d444055d9c38,Employee,en-US,gtts,global/dictionary/e/employee.mp3,8448,,2025-12-16 04:58:53.927864+00,2025-12-16 04:58:53.927864+00,0
1121,e592c333fb66916750e2076d247db85c4a77eedcd44276dc69df0470125b99d3,Traffic,en-US,gtts,global/dictionary/t/traffic.mp3,7680,,2025-12-16 04:58:56.012227+00,2025-12-16 04:58:56.012227+00,0
1122,ec5fa9ef97c4b6e362c6ff6edfeb852a5f04a2a1b2bf8274029b8fa5d40c2bef,Forest,en-US,gtts,global/dictionary/f/forest.mp3,8256,,2025-12-16 04:58:57.028237+00,2025-12-16 04:58:57.028237+00,0
1123,9c6e980840deaf40b257edc2361d272b7ee2197015c6dbe7bcd54d4bf9442066,Vehicle,en-US,gtts,global/dictionary/v/vehicle.mp3,7488,,2025-12-16 04:58:57.079649+00,2025-12-16 04:58:57.079649+00,0
1124,3bd66ebde2e700e8ea5a5938363278415957487ce2f5a4c2e9807bd126de66c3,Idea,en-US,gtts,global/dictionary/i/idea.mp3,7104,,2025-12-16 04:58:57.05866+00,2025-12-16 04:58:57.05866+00,0
1125,011ac5a888abcf828e9cf99ef287d4ef7d9aaa640f924ea8c9c3c53a1d6d21af,Sky,en-US,gtts,global/dictionary/s/sky.mp3,7680,,2025-12-16 04:58:59.064782+00,2025-12-16 04:58:59.064782+00,0
1126,c2b411b1aee424e8939f0ddd66083c94d9e2d7323c917734e964e0857ebb5ff3,Computer,en-US,gtts,global/dictionary/c/computer.mp3,8640,,2025-12-16 04:58:59.092487+00,2025-12-16 04:58:59.092487+00,0
1127,37f76ebfd4a9aa3aa25b07ae280af49cb9bfc102af602eb7ab974b8ddf59bc95,Pollution,en-US,gtts,global/dictionary/p/pollution.mp3,8640,,2025-12-16 04:58:59.092987+00,2025-12-16 04:58:59.092987+00,0
1128,2068fc8636c04995c69947f867ddb3830c0d8371e1720c25e3880fd2a4f8604d,Concept,en-US,gtts,global/dictionary/c/concept.mp3,8448,,2025-12-16 04:58:59.671793+00,2025-12-16 04:58:59.671793+00,0
1129,dcf82fe8fab6344519737c04a5d2218b0123f123dacf171db7aa010175444a89,Software,en-US,gtts,global/dictionary/s/software.mp3,9216,,2025-12-16 04:59:01.386334+00,2025-12-16 04:59:01.386334+00,0
1130,344b29638b6b0ccc29c92d9915cfb6a49bcd6e5ebecd469dc8ce1653d5c530b5,Moon,en-US,gtts,global/dictionary/m/moon.mp3,6720,,2025-12-16 04:59:02.453387+00,2025-12-16 04:59:02.453387+00,0
1131,a28eead4a411d68a43205d4d0e3997230dd1b52c8397eeaef305b7d1a39450a8,Theory,en-US,gtts,global/dictionary/t/theory.mp3,7104,,2025-12-16 04:59:02.453759+00,2025-12-16 04:59:02.453759+00,0
1132,c2931e1183acc83d5be649214637e430125db826b19d56317b4f1d0beb57bf9e,Hardware,en-US,gtts,global/dictionary/h/hardware.mp3,8256,,2025-12-16 04:59:02.49655+00,2025-12-16 04:59:02.49655+00,0
1133,c1f8403ba8453fdada0b155552fc2a04fba26504cd7d6f6de6ac8965f8198253,Business,en-US,gtts,global/dictionary/b/business.mp3,8640,,2025-12-16 04:59:05.054396+00,2025-12-16 04:59:05.054396+00,0
1134,84a6aa3c1635af0c664dc7e6d0cf9a4f826562bb239b0fd0a58b2926ffcbccbc,Star,en-US,gtts,global/dictionary/s/star.mp3,7680,,2025-12-16 04:59:05.054906+00,2025-12-16 04:59:05.054906+00,0
1135,483d816977ab8c7731d9737c03da61ddc0b41a86c3395c86ab1165fed044da0b,Recycling,en-US,gtts,global/dictionary/r/recycling.mp3,9792,,2025-12-16 04:59:05.054917+00,2025-12-16 04:59:05.054917+00,0
1136,363d807a896472c0c0cf225bd174f3cbff58ded2b20bc7a7ee859b9c75f04f05,Internet,en-US,gtts,global/dictionary/i/internet.mp3,7104,,2025-12-16 04:59:05.097579+00,2025-12-16 04:59:05.097579+00,0
1137,0cf351a10460a0c85f39c23ebe686433bda202466f0a04edac9ca33246da643c,Principle,en-US,gtts,global/dictionary/p/principle.mp3,8448,,2025-12-16 04:59:05.082447+00,2025-12-16 04:59:05.082447+00,0
1138,c371cfd54417efd77983d74a3753f7f992d07cd05c7169feedc46225a2e3a348,Network,en-US,gtts,global/dictionary/n/network.mp3,7872,,2025-12-16 04:59:08.201144+00,2025-12-16 04:59:08.201144+00,0
1139,e25160db3df516213a9d3966eafb6f5c2db8af562394ffd5911bc8da0050e327,Earth,en-US,gtts,global/dictionary/e/earth.mp3,5952,,2025-12-16 04:59:08.195187+00,2025-12-16 04:59:08.195187+00,0
1140,938a58668a7006a10b048f820a4e67e75b534003bc26aac0d51c6443b9e94b57,Product,en-US,gtts,global/dictionary/p/product.mp3,7104,,2025-12-16 04:59:10.009078+00,2025-12-16 04:59:10.009078+00,0
1141,38530ddbf07874b88360cf680bec3b31053ab4c2be615b90911a39516c365546,System,en-US,gtts,global/dictionary/s/system.mp3,8256,,2025-12-16 04:59:10.009353+00,2025-12-16 04:59:10.009353+00,0
1142,b4d895345d4ab0db9146e2092dbf449e6d08624204b4fb16d55d1aa3b3ea087d,Server,en-US,gtts,global/dictionary/s/server.mp3,8064,,2025-12-16 04:59:10.181842+00,2025-12-16 04:59:10.181842+00,0
1143,e6da65ebc1a9cc7525605872deaafbf6e9c73151fa28b095687c0118410e8d91,Resource,en-US,gtts,global/dictionary/r/resource.mp3,9792,,2025-12-16 04:59:10.201883+00,2025-12-16 04:59:10.201883+00,0
1144,c04f15bdcbf0ce8dcb3e54ce28e471c01d6a9314ba24897eba12a578ff73ae15,Ocean,en-US,gtts,global/dictionary/o/ocean.mp3,7104,,2025-12-16 04:59:11.013999+00,2025-12-16 04:59:11.013999+00,0
1145,7ac74fe33fc7543b21eaf2c8e1e707358f69eaf22a50f5bb662bcd7a54787c74,Service,en-US,gtts,global/dictionary/s/service.mp3,9024,,2025-12-16 04:59:13.495357+00,2025-12-16 04:59:13.495357+00,0
1146,12f82265dc2073f6f46cb9729ac96a544a3e2dd2e8b3a08760dcdc8369ca8258,Structure,en-US,gtts,global/dictionary/s/structure.mp3,9408,,2025-12-16 04:59:13.495692+00,2025-12-16 04:59:13.495692+00,0
1147,87595d06b9c3773cfb485dac95546751675a54aa7281e6c5d0656117dc5c6906,Database,en-US,gtts,global/dictionary/d/database.mp3,9792,,2025-12-16 04:59:13.523367+00,2025-12-16 04:59:13.523367+00,0
1148,05c5c70b0aff2e04f83907e8bb613c4a96df80bef532c90f0d63222763737ad7,Wind,en-US,gtts,global/dictionary/w/wind.mp3,6528,,2025-12-16 04:59:13.536904+00,2025-12-16 04:59:13.536904+00,0
1149,b818ee1c8cd3b07ba181db58da6b1b0efcc0ed8acd3b7759df587e218a3113c9,Climate,en-US,gtts,global/dictionary/c/climate.mp3,6912,,2025-12-16 04:59:13.523919+00,2025-12-16 04:59:13.523919+00,0
1150,07e7f99950136adbbf2d0c22e26c11ce19035ab0be5ed8302f214311b1c845ba,Process,en-US,gtts,global/dictionary/p/process.mp3,9408,,2025-12-16 04:59:17.128458+00,2025-12-16 04:59:17.128458+00,0
1151,4e325fdb5154e5b5af1b426d03529897714e1a6110f53635c162b1bd579fc50f,Customer,en-US,gtts,global/dictionary/c/customer.mp3,8832,,2025-12-16 04:59:17.128787+00,2025-12-16 04:59:17.128787+00,0
1152,c8545e5bfeeefe07639267a25929003357a248aaea538aa9c7ef0c57e4a5ea1b,Processor,en-US,gtts,global/dictionary/p/processor.mp3,9600,,2025-12-16 04:59:17.156478+00,2025-12-16 04:59:17.156478+00,0
1153,11e06d39e3a213f74bf1430d62086c5146dbec0ec07b8e0aaee0886ad95064a4,Environment,en-US,gtts,global/dictionary/e/environment.mp3,9408,,2025-12-16 04:59:17.172152+00,2025-12-16 04:59:17.172152+00,0
1154,9e2b61f9810e09191ea313f11bcd33045846287e60b7a07afe04ae88aa887719,Rain,en-US,gtts,global/dictionary/r/rain.mp3,6720,,2025-12-16 04:59:18.556686+00,2025-12-16 04:59:18.556686+00,0
1155,bd2c7d78f4f24ee812692f6f9995aa41c862c831c71c878060e668817eede214,Method,en-US,gtts,global/dictionary/m/method.mp3,6912,,2025-12-16 04:59:19.672981+00,2025-12-16 04:59:19.672981+00,0
1156,562f3330b7a2a9b09ea3c49e292cb7222c36d790ac8ee72991248fcfe030c9f6,Client,en-US,gtts,global/dictionary/c/client.mp3,6912,,2025-12-16 04:59:20.50887+00,2025-12-16 04:59:20.50887+00,0
1157,0f73cfb1c15b30ea1d9a959f8af7a0ca580b5b4e49132fe2662bf832663dd116,Memory,en-US,gtts,global/dictionary/m/memory.mp3,7488,,2025-12-16 04:59:20.509189+00,2025-12-16 04:59:20.509189+00,0
1158,f24956f7dbe9b1dbd702ab6b1e34b4224dc74c4d446d28903e6cd2148db0167d,Strategy,en-US,gtts,global/dictionary/s/strategy.mp3,9408,,2025-12-16 04:59:22.755195+00,2025-12-16 04:59:22.755195+00,0
1159,db36b6e078ba8f7b2c330ddf5558e6619f183954a81badfe2b6cbb0bf665f237,Project,en-US,gtts,global/dictionary/p/project.mp3,8064,,2025-12-16 04:59:22.736324+00,2025-12-16 04:59:22.736324+00,0
1160,0cf5a792a778491354657f0a4c2b26e0988bb49bfe21ac636f90decb7a69528b,Storage,en-US,gtts,global/dictionary/s/storage.mp3,8832,,2025-12-16 04:59:22.775034+00,2025-12-16 04:59:22.775034+00,0
1161,9df342b58acecbfd1031762ed41fde6604acf3d62f228c164d8e465d408e7899,Goal,en-US,gtts,global/dictionary/g/goal.mp3,6336,,2025-12-16 04:59:24.796463+00,2025-12-16 04:59:24.796463+00,0
1162,e654e8b32814fda6f9fa80cd997b0fc97be4312ecac2b9a8f2fcbf4cb550e000,Manager,en-US,gtts,global/dictionary/m/manager.mp3,8832,,2025-12-16 04:59:24.79646+00,2025-12-16 04:59:24.79646+00,0
1163,2e9ade86e11d0ba7afcb1c27bd41b5a4baf0a39f33b6f385250b66086732dee0,Team,en-US,gtts,global/dictionary/t/team.mp3,6912,,2025-12-16 04:59:26.069241+00,2025-12-16 04:59:26.069241+00,0
1164,4f865e3d892d75557843aaf13c639afd1141b49083660521cfc719dcea7d66b8,Animal,en-US,gtts,global/dictionary/a/animal.mp3,7104,,2025-12-16 04:59:26.06923+00,2025-12-16 04:59:26.06923+00,0
1165,87c269dbe0431ed703cd0d7daa638589eabdb3b11638e37a6ff8f53623a05889,Director,en-US,gtts,global/dictionary/d/director.mp3,8448,,2025-12-16 04:59:26.109681+00,2025-12-16 04:59:26.109681+00,0
1166,9f0203e8d12e54eab068d39bbdc0a54e26430194f8a38642a8b76787d23653c9,Keyboard,en-US,gtts,global/dictionary/k/keyboard.mp3,7872,,2025-12-16 04:59:27.902965+00,2025-12-16 04:59:27.902965+00,0
1167,2f59a1c8aed094cbb0dc1e6eaf915302706c83d2174b1f761e443b3ded5106e6,Profit,en-US,gtts,global/dictionary/p/profit.mp3,7104,,2025-12-16 04:59:29.194679+00,2025-12-16 04:59:29.194679+00,0
1168,a59f1c1577c4a40b7d47063f03e925e356620ed6ef5bd89f75603b6340804b3a,Industry,en-US,gtts,global/dictionary/i/industry.mp3,8640,,2025-12-16 04:59:29.194679+00,2025-12-16 04:59:29.194679+00,0
1169,904469538d39b9483f611d410619aa7468025ef83d9f29b287371feda20ca2aa,Bird,en-US,gtts,global/dictionary/b/bird.mp3,6336,,2025-12-16 04:59:29.200676+00,2025-12-16 04:59:29.200676+00,0
1170,ee0f4f5eae4a6cb584bcdaaef2c2c3137984a6086ab3715513295ea525f61f66,Purpose,en-US,gtts,global/dictionary/p/purpose.mp3,8256,,2025-12-16 04:59:29.212303+00,2025-12-16 04:59:29.212303+00,0
1171,e389674edf72d7754d876c0e69855b34605fca68510b52c5f99d94f7d4cbd4a2,Mouse,en-US,gtts,global/dictionary/m/mouse.mp3,7680,,2025-12-16 04:59:29.226548+00,2025-12-16 04:59:29.226548+00,0
1172,55a3e5797e4aa4d4ad550ad80852d406e46273566159e97afead2514d81bf11b,Loss,en-US,gtts,global/dictionary/l/loss.mp3,8064,,2025-12-16 04:59:32.317597+00,2025-12-16 04:59:32.317597+00,0
1173,c15623ead66fe6d645df903bf206b6a38c3ea3e2722f76bdc44264551b9a18df,Fish,en-US,gtts,global/dictionary/f/fish.mp3,7488,,2025-12-16 04:59:32.318067+00,2025-12-16 04:59:32.318067+00,0
1174,fafa7ed50227784eb766f90a3027e1f7f73b49edae716fe254521b4305583fdd,Economy,en-US,gtts,global/dictionary/e/economy.mp3,8832,,2025-12-16 04:59:32.318082+00,2025-12-16 04:59:32.318082+00,0
1175,fb57150e9263da495256d396611d82cee0eca0ebdf7e85a1dc09bb85f31aedc7,Printer,en-US,gtts,global/dictionary/p/printer.mp3,7296,,2025-12-16 04:59:32.360743+00,2025-12-16 04:59:32.360743+00,0
1176,c3cef4b14e44e98c928270dd6adbdd1c2c57c0a17ed0e5f195904f21feb2dcfb,Result,en-US,gtts,global/dictionary/r/result.mp3,7488,,2025-12-16 04:59:32.345969+00,2025-12-16 04:59:32.345969+00,0
1177,47e0c6815a239584452fdfa0cf66eb1224b972efd7bf65c5c0501bb74a32a055,Revenue,en-US,gtts,global/dictionary/r/revenue.mp3,7872,,2025-12-16 04:59:35.698529+00,2025-12-16 04:59:35.698529+00,0
1178,8a8a5d5b3ae75214d638ef8c28352f64198621ec9b2daffadefa0ea7540bea19,Scanner,en-US,gtts,global/dictionary/s/scanner.mp3,8448,,2025-12-16 04:59:35.728267+00,2025-12-16 04:59:35.728267+00,0
1179,bd3164ce404b4509cd14d119628d65800b3035f35751a15e9ccb2f714a9308b5,Outcome,en-US,gtts,global/dictionary/o/outcome.mp3,7488,,2025-12-16 04:59:35.739339+00,2025-12-16 04:59:35.739339+00,0
1180,bf7dd28ea0aa5d01674c080d19672b35b82f14a546d326d2b9a67ea0393a4b34,Rock,en-US,gtts,global/dictionary/r/rock.mp3,6528,,2025-12-16 04:59:36.605596+00,2025-12-16 04:59:36.605596+00,0
1181,07192c8289c85fbafdbe8816b0b93fb5e75273358b4bc39b4f131ee9982222c6,Development,en-US,gtts,global/dictionary/d/development.mp3,9408,,2025-12-16 04:59:36.625107+00,2025-12-16 04:59:36.625107+00,0
1182,323b0c03022222a8c2a2c481247900d0117c715dd8094e3cd6062b7048e79ba0,Expense,en-US,gtts,global/dictionary/e/expense.mp3,9984,,2025-12-16 04:59:39.55366+00,2025-12-16 04:59:39.55366+00,0
1183,aa65c203a647a39d2e448f19075936b5644b10b9af813406e74d39a33c296a75,Router,en-US,gtts,global/dictionary/r/router.mp3,7296,,2025-12-16 04:59:39.559994+00,2025-12-16 04:59:39.559994+00,0
1184,1a6657c7ff1863d21da4aaa3809edbc023d38ca177632a3e4fc93fb17330e553,Valley,en-US,gtts,global/dictionary/v/valley.mp3,7104,,2025-12-16 04:59:39.553957+00,2025-12-16 04:59:39.553957+00,0
1185,b1a55743225996a2a9ca169e4c49757699d35e12ef79229fc3e396b7e852f617,Impact,en-US,gtts,global/dictionary/i/impact.mp3,7680,,2025-12-16 04:59:39.554094+00,2025-12-16 04:59:39.554094+00,0
1186,ba6c865ba1cc2a7b470ff179368ffaad2467087ab9a093d2c0dde1a8f531f5d3,Technology,en-US,gtts,global/dictionary/t/technology.mp3,9984,,2025-12-16 04:59:39.595099+00,2025-12-16 04:59:39.595099+00,0
1187,00f22fd5274fd6191e4317974e6a0d891afe3c18954a2d5b599e1814884ef744,Budget,en-US,gtts,global/dictionary/b/budget.mp3,6528,,2025-12-16 04:59:42.787201+00,2025-12-16 04:59:42.787201+00,0
1188,d6a9e4783828eb411135c0508ca7756b094b21b490cfa44e5067be8ad9c75f0a,Modem,en-US,gtts,global/dictionary/m/modem.mp3,7104,,2025-12-16 04:59:42.787197+00,2025-12-16 04:59:42.787197+00,0
1189,87aca1b837d1e758580ffa1a92944008cff933c5a9a23e1c2e2cd7ef7aa9581f,Island,en-US,gtts,global/dictionary/i/island.mp3,7104,,2025-12-16 04:59:42.815897+00,2025-12-16 04:59:42.815897+00,0
1190,3a3507fcf10ec8cdd31724cb64fc2099559f6fc2d4da17d12ea38bcbb69f333e,Innovation,en-US,gtts,global/dictionary/i/innovation.mp3,9408,,2025-12-16 04:59:42.83077+00,2025-12-16 04:59:42.83077+00,0
1191,30f637185005e29eef0bc50950a753886940110e14d93616ef4ae423c43be255,Factor,en-US,gtts,global/dictionary/f/factor.mp3,7872,,2025-12-16 04:59:42.816075+00,2025-12-16 04:59:42.816075+00,0
1192,031cb53d62ced59e0b6428bff902846a94ca20439f12cef664b9faf76f014dad,Cable,en-US,gtts,global/dictionary/c/cable.mp3,6912,,2025-12-16 04:59:46.552022+00,2025-12-16 04:59:46.552022+00,0
1193,f913bb8aa56d391c110f3bbcdab0e4e51c6c4a30710a9c25f73e640bad0fa214,Solution,en-US,gtts,global/dictionary/s/solution.mp3,9024,,2025-12-16 04:59:46.595665+00,2025-12-16 04:59:46.595665+00,0
1194,24237b6c8905744c14f016453c1143eb685f61d46d94282cd7897655ddfc3aa1,Element,en-US,gtts,global/dictionary/e/element.mp3,7296,,2025-12-16 04:59:47.312764+00,2025-12-16 04:59:47.312764+00,0
1195,c179f8272216cc2cd72804543942576e4ad70009bf1224eb911ae30f24746bc8,Waterfall,en-US,gtts,global/dictionary/w/waterfall.mp3,9216,,2025-12-16 04:59:48.022922+00,2025-12-16 04:59:48.022922+00,0
1196,0cf02872f920099b49fa68939c30753f00377cfb529cfc6d72335a89c31b854a,Plan,en-US,gtts,global/dictionary/p/plan.mp3,6912,,2025-12-16 04:59:48.022922+00,2025-12-16 04:59:48.022922+00,0
1197,0b89e7f5b7210b49c27a9f7d09057f8ea43912353000d4f00a292cdfb732cd23,Satellite,en-US,gtts,global/dictionary/s/satellite.mp3,8256,,2025-12-16 04:59:48.023236+00,2025-12-16 04:59:48.023236+00,0
1199,9420b64985ca2a9a40bbcb4fdfe7658a064095f5ad20b0354d234c46e66d4f97,Component,en-US,gtts,global/dictionary/c/component.mp3,8448,,2025-12-16 04:59:50.669499+00,2025-12-16 04:59:50.669499+00,0
1200,992b9efcf8c366bcce3b31e011deb7b6aedbd2866cdc67e4d58f568fad6a2b72,Wave,en-US,gtts,global/dictionary/w/wave.mp3,6912,,2025-12-16 04:59:51.081514+00,2025-12-16 04:59:51.081514+00,0
1201,917cdbacf4d8c4cd2e37db6d1be9012704553aca9e92c59707673eb83d94282d,Snow,en-US,gtts,global/dictionary/s/snow.mp3,7296,,2025-12-16 04:59:53.044899+00,2025-12-16 04:59:53.044899+00,0
1202,f8ddadda91d1527861961e69ebcee1fcb00c411e2978de0d89923792732bc6f8,Robot,en-US,gtts,global/dictionary/r/robot.mp3,7488,,2025-12-16 04:59:53.025806+00,2025-12-16 04:59:53.025806+00,0
1203,52766857dd95716423fdf4acd70ca3dec0c9b0d21a89b91682b4839e3c6c82bc,Vision,en-US,gtts,global/dictionary/v/vision.mp3,7104,,2025-12-16 04:59:53.025964+00,2025-12-16 04:59:53.025964+00,0
1204,84c680e490791f2d579dc68661da4685ec7cc11b7366066f8cbe6be94d4b7961,Context,en-US,gtts,global/dictionary/c/context.mp3,9216,,2025-12-16 04:59:53.026004+00,2025-12-16 04:59:53.026004+00,0
1205,10bceb1f9921b4cf451e3f43f3e53feb5e807eb95133f4fcd19eae1fd6bd9aa2,Responsibility,en-US,gtts,global/dictionary/r/responsibility.mp3,12672,,2025-12-16 04:59:55.732093+00,2025-12-16 04:59:55.732093+00,0
1206,c3ddd6ed866e6043630f89bdd67404751bd4a3caa34c6275199a617da04d3fb2,Drone,en-US,gtts,global/dictionary/d/drone.mp3,6720,,2025-12-16 04:59:56.33676+00,2025-12-16 04:59:56.33676+00,0
1207,bb5fbe26cf62a93b9809c55154762c97f7026743ac937878b6d32417a68bb331,Storm,en-US,gtts,global/dictionary/s/storm.mp3,8064,,2025-12-16 04:59:56.337247+00,2025-12-16 04:59:56.337247+00,0
1208,aac81a204d8c008c7e0532630f54a02a25aa2fcc297a621661dae5db25056701,Competition,en-US,gtts,global/dictionary/c/competition.mp3,10176,,2025-12-16 04:59:57.978391+00,2025-12-16 04:59:57.978391+00,0
1209,c296102d026d0c4d15039e88967505e3511d672b58b0616b704c907e3569c620,Infrastructure,en-US,gtts,global/dictionary/i/infrastructure.mp3,11904,,2025-12-16 04:59:58+00,2025-12-16 04:59:58+00,0
1210,a1fd3483c9ce10f5309a85d13f8c789c94cfb4dce5499c6f04edbf22c1fe8212,Sensor,en-US,gtts,global/dictionary/s/sensor.mp3,8640,,2025-12-16 04:59:57.978718+00,2025-12-16 04:59:57.978718+00,0
1211,3a6359aebb33aa8eb789976c6a847791f19216f70d996934259a996a3cc3f67a,Lightning,en-US,gtts,global/dictionary/l/lightning.mp3,7680,,2025-12-16 04:59:58.013438+00,2025-12-16 04:59:58.013438+00,0
1212,fe37ec6d509215257f8fd33d9978898985ae443a7e7f3350729b537e2c7e0d37,Device,en-US,gtts,global/dictionary/d/device.mp3,8640,,2025-12-16 05:00:01.598833+00,2025-12-16 05:00:01.598833+00,0
1213,8fe46f3a552c1139b2df38793558f363cda3d0db030fad145242be5c8b64064a,Brand,en-US,gtts,global/dictionary/b/brand.mp3,6720,,2025-12-16 05:00:01.592542+00,2025-12-16 05:00:01.592542+00,0
1214,26dfcebc50f87dfc9379fd5037dd8032ba2af7227d00588b65e6f98830a246b3,Application,en-US,gtts,global/dictionary/a/application.mp3,10176,,2025-12-16 05:00:03.326937+00,2025-12-16 05:00:03.326937+00,0
1215,cdbc0315f3c16be8cb87412bd60b945f118bfe14c98afc37155d73f08e4fa4b3,Marketing,en-US,gtts,global/dictionary/m/marketing.mp3,8256,,2025-12-16 05:00:03.489069+00,2025-12-16 05:00:03.489069+00,0
1216,63df33763a1026209d3d6629bbd064d4ba296f8aba664da7e7a0773ee1216023,Fire,en-US,gtts,global/dictionary/f/fire.mp3,7680,,2025-12-16 05:00:04.951378+00,2025-12-16 05:00:04.951378+00,0
1217,a3c0b41bd0e0e9435d69b212013969702772f46d8191cf9d03d3445740282acf,Website,en-US,gtts,global/dictionary/w/website.mp3,7872,,2025-12-16 05:00:04.979308+00,2025-12-16 05:00:04.979308+00,0
1218,5b0228df25ce1815e72fe5dceefccff3aac4b16ab920e03733d99459c262ae3b,Sales,en-US,gtts,global/dictionary/s/sales.mp3,8640,,2025-12-16 05:00:04.992443+00,2025-12-16 05:00:04.992443+00,0
1219,b3a60d49a12dc9a01a5d5a94792a21b54d778a39566236867793f953bc6815bf,Store,en-US,gtts,global/dictionary/s/store.mp3,7488,,2025-12-16 05:00:07.547147+00,2025-12-16 05:00:07.547147+00,0
1220,5dc04919e726b873ca6023b456adfe1168a4e947ea3998fd15cf626f30054554,Browser,en-US,gtts,global/dictionary/b/browser.mp3,8064,,2025-12-16 05:00:07.547488+00,2025-12-16 05:00:07.547488+00,0
1221,da96d9180851919f211a09def549f83517c6a8ddfe39c97481a0a340fb2e38eb,Change,en-US,gtts,global/dictionary/c/change.mp3,7680,,2025-12-16 05:00:07.564669+00,2025-12-16 05:00:07.564669+00,0
1222,7ccbec8f6e1c6091c9a3f42a98cbf1ab3155cf479390c874a34848d291ea6f74,Leaf,en-US,gtts,global/dictionary/l/leaf.mp3,7104,,2025-12-16 05:00:07.547656+00,2025-12-16 05:00:07.547656+00,0
1223,b2b23918cb40191f27e02b9cdb1a93e642334b55b9ecb3039782722ca0b7a72f,Negotiation,en-US,gtts,global/dictionary/n/negotiation.mp3,11520,,2025-12-16 05:00:07.571484+00,2025-12-16 05:00:07.571484+00,0
1224,6d973624060f6e2ebf0131d065ca01893c7a872f6106a211ceaf5cd85c87435e,Algorithm,en-US,gtts,global/dictionary/a/algorithm.mp3,9024,,2025-12-16 05:00:10.936282+00,2025-12-16 05:00:10.936282+00,0
1225,f5473a5ad83443135310fdee4d75167ff34657440b9043909225062715e2ecea,Hospital,en-US,gtts,global/dictionary/h/hospital.mp3,8832,,2025-12-16 05:00:10.936583+00,2025-12-16 05:00:10.936583+00,0
1226,34060230123793da9c955b6902e3361f5b77ee1c29818547bcd3607c5b46f363,Growth,en-US,gtts,global/dictionary/g/growth.mp3,6336,,2025-12-16 05:00:10.964298+00,2025-12-16 05:00:10.964298+00,0
1227,009ce3c455520ab5e1d34cbf28d13061dc240055f8b6da707d7c72b04c3910dc,Seed,en-US,gtts,global/dictionary/s/seed.mp3,7104,,2025-12-16 05:00:10.96478+00,2025-12-16 05:00:10.96478+00,0
1228,03fe44f971e05928f1734d80af393dc6b8c996b8b0b1649d536079097f507726,Contract,en-US,gtts,global/dictionary/c/contract.mp3,8640,,2025-12-16 05:00:10.979934+00,2025-12-16 05:00:10.979934+00,0
1229,0d6e582bd5db64479ee0a29e15b59f2136e8a27a6278afc792cdfcd4f408ac69,Code,en-US,gtts,global/dictionary/c/code.mp3,6336,,2025-12-16 05:00:14.320969+00,2025-12-16 05:00:14.320969+00,0
1230,caaa1261e3da57cbcfc5df1a5e1836169386bd79b2b85cd78b405f9bfae3488a,Fruit,en-US,gtts,global/dictionary/f/fruit.mp3,6336,,2025-12-16 05:00:14.362536+00,2025-12-16 05:00:14.362536+00,0
1231,7ad583c89f82ecf7759106bab3824619af1fdc4d46b1e106cb2c1327a73ddc85,Agreement,en-US,gtts,global/dictionary/a/agreement.mp3,7872,,2025-12-16 05:00:14.902855+00,2025-12-16 05:00:14.902855+00,0
1232,7110baee879419c1eb30bbd2bd9b5c02baf8a529bcb3fc6942e1547c77799d35,Progress,en-US,gtts,global/dictionary/p/progress.mp3,9024,,2025-12-16 05:00:15.763824+00,2025-12-16 05:00:15.763824+00,0
1233,d4915229baf01e021a741b24fe502c466896515ff7ab8b0585c85539fe6fec2e,Data,en-US,gtts,global/dictionary/d/data.mp3,5952,,2025-12-16 05:00:15.763824+00,2025-12-16 05:00:15.763824+00,0
1234,748d0ea954ae0209d3f7f07b49fd795a2c14ea295db0c5a67f07f29a75c8dc0e,Home,en-US,gtts,global/dictionary/h/home.mp3,6720,,2025-12-16 05:00:15.785757+00,2025-12-16 05:00:15.785757+00,0
1235,12be2763422cfe51c5a77c3edd3d9f67f5cff4fb185bd664891cb6558ef33df8,Partnership,en-US,gtts,global/dictionary/p/partnership.mp3,9024,,2025-12-16 05:00:18.388659+00,2025-12-16 05:00:18.388659+00,0
1236,d01d8d38ba41ae369501ac0b132d7def93e0cc25c370e03d1964ba4d2e7d7081,Apartment,en-US,gtts,global/dictionary/a/apartment.mp3,8448,,2025-12-16 05:00:19.615436+00,2025-12-16 05:00:19.615436+00,0
1237,7ad7b41143fc2f48e34c76121325d0d42f565689624c19e9f6a52de753ec206b,Security,en-US,gtts,global/dictionary/s/security.mp3,9408,,2025-12-16 05:00:19.93476+00,2025-12-16 05:00:19.93476+00,0
1238,f4b8157749e2efdf4cc1127b5277d347c55aa97ec502ba9f3912252508eabbe7,Merger,en-US,gtts,global/dictionary/m/merger.mp3,8064,,2025-12-16 05:00:19.934771+00,2025-12-16 05:00:19.934771+00,0
1239,cfc46d7ebbfae41824fdb4e03ff96b86c10d45f39461dd374d225cc8e056f617,Time,en-US,gtts,global/dictionary/t/time.mp3,6720,,2025-12-16 05:00:20.786388+00,2025-12-16 05:00:20.786388+00,0
1240,1307ba207e530d91af8a8ce1e1782db78710ff1f23f216acc1e397ce0327fefe,Acquisition,en-US,gtts,global/dictionary/a/acquisition.mp3,10176,,2025-12-16 05:00:22.643411+00,2025-12-16 05:00:22.643411+00,0
1241,889797999cd21b8f9f125d4c5120647df533e7d2634a4401b398c637efdcc4bb,Encryption,en-US,gtts,global/dictionary/e/encryption.mp3,9216,,2025-12-16 05:00:22.643482+00,2025-12-16 05:00:22.643482+00,0
1242,23f6559ad8d6486f3d49f9ce8f6a705521ed0f4b62ab72bbc93e26b070448dc9,Year,en-US,gtts,global/dictionary/y/year.mp3,6912,,2025-12-16 05:00:23.924761+00,2025-12-16 05:00:23.924761+00,0
1243,6c4111d0eae2013d9a089a9ce8748029d0e80f7ed6360ceb15f248c5c59da28d,Bridge,en-US,gtts,global/dictionary/b/bridge.mp3,7104,,2025-12-16 05:00:23.924895+00,2025-12-16 05:00:23.924895+00,0
1244,cba4e543df87b155f04ea625ef0938a4c2cf3c42d2bd1e5a735061d8f37c9700,Firewall,en-US,gtts,global/dictionary/f/firewall.mp3,9024,,2025-12-16 05:00:24.09281+00,2025-12-16 05:00:24.09281+00,0
1245,82e2d5f6eb48bf8c37284d2391f229453686304ced597d9b445b11acb44e9bff,Supply,en-US,gtts,global/dictionary/s/supply.mp3,8448,,2025-12-16 05:00:24.112789+00,2025-12-16 05:00:24.112789+00,0
1246,e80ff5e3e6232295a528b153aa0aa7f129b2dd1bf97c76244bd524c4ec83ed4c,Problem,en-US,gtts,global/dictionary/p/problem.mp3,7680,,2025-12-16 05:00:24.118778+00,2025-12-16 05:00:24.118778+00,0
1247,54164270856725b35c1f3c9d6c56b7dd2cf327c4308ac3dfdc1cba8ac4498f29,Month,en-US,gtts,global/dictionary/m/month.mp3,6528,,2025-12-16 05:00:27.134438+00,2025-12-16 05:00:27.134438+00,0
1248,04294d57a08801ba03ab543301b4285faeae0b80cdf04eef022b71e0ef09dc42,Virus,en-US,gtts,global/dictionary/v/virus.mp3,8832,,2025-12-16 05:00:27.162195+00,2025-12-16 05:00:27.162195+00,0
1249,eeb4a60b52bc1ca523dbba28eaa48aa47cbba54f0f9ae8758ee98ae071e0d156,Demand,en-US,gtts,global/dictionary/d/demand.mp3,7296,,2025-12-16 05:00:27.175671+00,2025-12-16 05:00:27.175671+00,0
1250,89f46f81ef6ec825fae0b1a0d6c6ded01d10ca9265486a3e9827337da99a15a9,Challenge,en-US,gtts,global/dictionary/c/challenge.mp3,8256,,2025-12-16 05:00:27.980817+00,2025-12-16 05:00:27.980817+00,0
1251,bab6c830ec923027c373c862436a0f409c9f17b493ecb0ae2bb026663b5c6af3,Day,en-US,gtts,global/dictionary/d/day.mp3,6336,,2025-12-16 05:00:29.236095+00,2025-12-16 05:00:29.236095+00,0
1252,ab800419fccf08f10d9f939b0db1eb3d827c21a3d063e5fbf35b28a9e35f639a,Program,en-US,gtts,global/dictionary/p/program.mp3,8064,,2025-12-16 05:00:29.79569+00,2025-12-16 05:00:29.79569+00,0
1253,b41a6a3e769d72c41c0444ae57b4faf2aeff33403a6b917f0c1827461bb7756b,Inventory,en-US,gtts,global/dictionary/i/inventory.mp3,9408,,2025-12-16 05:00:30.520971+00,2025-12-16 05:00:30.520971+00,0
1254,96696448b314fd96fb34d5f7e7233da4c524f76ed53cb1f916802691c5b97f51,Opportunity,en-US,gtts,global/dictionary/o/opportunity.mp3,9984,,2025-12-16 05:00:30.521432+00,2025-12-16 05:00:30.521432+00,0
1255,0518e84116d65c94ca58a59a7c6c0b13335be35d9ed1bfe8c6d47bde3759f41d,Skill,en-US,gtts,global/dictionary/s/skill.mp3,7296,,2025-12-16 05:00:31.36342+00,2025-12-16 05:00:31.36342+00,0
1256,095a51a2f637b2a32686d0738ec35558d5634cb56f55f5c13a55c4686d3c0ed0,Hour,en-US,gtts,global/dictionary/h/hour.mp3,6528,,2025-12-16 05:00:31.363719+00,2025-12-16 05:00:31.363719+00,0
1257,df28f1dd4ec599537d1a7d0852001f6766d47648d33dc0ab210cb8ce5d434a2b,Career,en-US,gtts,global/dictionary/c/career.mp3,7488,,2025-12-16 05:00:34.75249+00,2025-12-16 05:00:34.75249+00,0
1258,8a59f49358bcee5f179611daaaae9a2b35cb61f0cd9672c2c3eec61aa0872d40,Risk,en-US,gtts,global/dictionary/r/risk.mp3,6912,,2025-12-16 05:00:34.752951+00,2025-12-16 05:00:34.752951+00,0
1259,ffc22d7aa1bbbe8d790ef760b76cef28dddd3fb9aecf064cff4acdb92913aa25,Logistics,en-US,gtts,global/dictionary/l/logistics.mp3,10752,,2025-12-16 05:00:34.758831+00,2025-12-16 05:00:34.758831+00,0
1260,306cdcdf0123ab30982276b2bb1e98092a811c1d61b9538de7240de150d97d6b,Minute,en-US,gtts,global/dictionary/m/minute.mp3,6144,,2025-12-16 05:00:36.30576+00,2025-12-16 05:00:36.30576+00,0
1261,7cf423470644b8c133d80a45c20a4dd813264d3cc82b69633cfc3639404cf5e1,Interface,en-US,gtts,global/dictionary/i/interface.mp3,9792,,2025-12-16 05:00:36.305918+00,2025-12-16 05:00:36.305918+00,0
1262,7747f68fe10e21309f1d6dbc7a3c0bc7bd460def07535dfbdb144fe468e0e990,Salary,en-US,gtts,global/dictionary/s/salary.mp3,8448,,2025-12-16 05:00:37.169406+00,2025-12-16 05:00:37.169406+00,0
1263,77dc3b06e2f1abd4724c5ff851d85fb2070b4f984a7b27bf6b594f5ae9c61b04,Benefit,en-US,gtts,global/dictionary/b/benefit.mp3,7488,,2025-12-16 05:00:39.137735+00,2025-12-16 05:00:39.137735+00,0
1264,7b6348ab0935fb262dbd28dc91dbf9679ef1d40c3347b6cef04a137d080b11b9,Season,en-US,gtts,global/dictionary/s/season.mp3,8064,,2025-12-16 05:00:39.163414+00,2025-12-16 05:00:39.163414+00,0
1265,f4e515d3ca425ab6e2110d0d3a972b9ad20e802de7af11475d587d27a3a391b6,Meeting,en-US,gtts,global/dictionary/m/meeting.mp3,6912,,2025-12-16 05:00:39.173863+00,2025-12-16 05:00:39.173863+00,0
1266,09c9e75db53445052908f2fd248a15e8f4f529ae4698c82878cf2c95fb71178a,Screen,en-US,gtts,global/dictionary/s/screen.mp3,8064,,2025-12-16 05:00:39.163583+00,2025-12-16 05:00:39.163583+00,0
1267,f04ce5437b820842bab000f5f56cc67790e8188da77cbe991d054a5caf6f2ed5,Cost,en-US,gtts,global/dictionary/c/cost.mp3,6912,,2025-12-16 05:00:41.5678+00,2025-12-16 05:00:41.5678+00,0
1268,1974c29db956d8f4f72e5d933b3bebdba8e4ba3a85ec40781a2e34cd3be04231,Report,en-US,gtts,global/dictionary/r/report.mp3,7296,,2025-12-16 05:00:41.610351+00,2025-12-16 05:00:41.610351+00,0
1269,741b044c152ee501850d7764d4e68b5b38eeaf8ad4da7a0f335464edf871fceb,Winter,en-US,gtts,global/dictionary/w/winter.mp3,7296,,2025-12-16 05:00:41.593901+00,2025-12-16 05:00:41.593901+00,0
1270,f0db33127254db3afda579defc230c1e25677ae87a5be415434c9d5c701c7330,Capital,en-US,gtts,global/dictionary/c/capital.mp3,7680,,2025-12-16 05:00:42.327513+00,2025-12-16 05:00:42.327513+00,0
1271,52a3180200ffdb2544f7b42a99bd031818219abdac61e052b0a8e0cb76978364,Battery,en-US,gtts,global/dictionary/b/battery.mp3,7488,,2025-12-16 05:00:42.327999+00,2025-12-16 05:00:42.327999+00,0
1272,6dd7eac5eca71b39fb0cc3935c940b67d46b8b4c3e17eb2f2c5dc6cdcb8a49ef,Spring,en-US,gtts,global/dictionary/s/spring.mp3,7680,,2025-12-16 05:00:45.131941+00,2025-12-16 05:00:45.131941+00,0
1273,404cb8389efd52d1c508d4ec0984903fbad96cf8459235c3ba7771404a98fdf2,Value,en-US,gtts,global/dictionary/v/value.mp3,7488,,2025-12-16 05:00:45.112636+00,2025-12-16 05:00:45.112636+00,0
1274,7b35b14af91196548df247d3ad642ea12c2b87c6fada099c618090df6329c21d,Charger,en-US,gtts,global/dictionary/c/charger.mp3,8256,,2025-12-16 05:00:45.164186+00,2025-12-16 05:00:45.164186+00,0
1275,f8614511aa5ce33170f3f5d427f634b4af3e2d97e5ca9d224696b2ce72a720db,Debt,en-US,gtts,global/dictionary/d/debt.mp3,5376,,2025-12-16 05:00:45.148525+00,2025-12-16 05:00:45.148525+00,0
1276,24c6ac5f2e682362d606dcade8807d340a84c6712711d4f769f281f8623354b7,Summer,en-US,gtts,global/dictionary/s/summer.mp3,7488,,2025-12-16 05:00:47.600839+00,2025-12-16 05:00:47.600839+00,0
1277,13daf35e35b5b541465279b573215613d9b9f07853ad19bd9e9541f59360a101,Quality,en-US,gtts,global/dictionary/q/quality.mp3,8064,,2025-12-16 05:00:47.607087+00,2025-12-16 05:00:47.607087+00,0
1278,10df1467cebfe13cb8fccd7c4edd53c38a1c0d8057db80fbbed419e3da2e2e80,Asset,en-US,gtts,global/dictionary/a/asset.mp3,6720,,2025-12-16 05:00:47.615192+00,2025-12-16 05:00:47.615192+00,0
1279,c2a12b65ad71a9d9701c255e75c13cd9d2d5b81a44a7d708947199443c78fd67,Speaker,en-US,gtts,global/dictionary/s/speaker.mp3,8448,,2025-12-16 05:00:47.607082+00,2025-12-16 05:00:47.607082+00,0
1280,3a5aba32157d97050d15cee77dc5004b6b36bdab9655b5c00ea7678aded1d53f,Autumn,en-US,gtts,global/dictionary/a/autumn.mp3,6528,,2025-12-16 05:00:50.166257+00,2025-12-16 05:00:50.166257+00,0
1281,3b249b69f94ae22683a9f1dce2e718ff5a7e5a2f0ca142071ac8f560f907ade0,Microphone,en-US,gtts,global/dictionary/m/microphone.mp3,9600,,2025-12-16 05:00:50.18562+00,2025-12-16 05:00:50.18562+00,0
1282,ab7e260593a71eb28c9dc6b15564eac8e60e0d00fdb3b9cee04686a136d673c8,Quantity,en-US,gtts,global/dictionary/q/quantity.mp3,8256,,2025-12-16 05:00:50.179538+00,2025-12-16 05:00:50.179538+00,0
1283,4ead11bbcc6a5f71d3db44690e58bfdd5cf3d113202c770483d687abf0f5207d,Liability,en-US,gtts,global/dictionary/l/liability.mp3,9984,,2025-12-16 05:00:50.186111+00,2025-12-16 05:00:50.186111+00,0
1284,ac00fef89a5c1709579e7d8f8f441c035749eb9a1d98f42760169ed8b1c2868f,Camera,en-US,gtts,global/dictionary/c/camera.mp3,6912,,2025-12-16 05:00:53.019536+00,2025-12-16 05:00:53.019536+00,0
1285,759a8af1d01d6b8f1be0e51bb8d503efe3bc1b0f3fb511e4271127f049c30e1d,Morning,en-US,gtts,global/dictionary/m/morning.mp3,7104,,2025-12-16 05:00:53.020016+00,2025-12-16 05:00:53.020016+00,0
1286,c41e748a663f068fe9241725c16750586f817ee81fdd73584163739cf778caee,Entrepreneur,en-US,gtts,global/dictionary/e/entrepreneur.mp3,10560,,2025-12-16 05:00:53.063192+00,2025-12-16 05:00:53.063192+00,0
1287,c160e53965135f64a747e039c2259bc344c43ff268d412a48060be521ed4d3d3,Information,en-US,gtts,global/dictionary/i/information.mp3,9984,,2025-12-16 05:00:54.859843+00,2025-12-16 05:00:54.859843+00,0
1288,0e0d0a4c557441be0b1659b01f9ec74d547e8ce9944d09dc1bffcc19eb155f7d,Pixel,en-US,gtts,global/dictionary/p/pixel.mp3,7296,,2025-12-16 05:00:54.860352+00,2025-12-16 05:00:54.860352+00,0
1289,b02f4ea637016fc49802969e72a54956f47d5dbd627eadad21b706e28130693d,Night,en-US,gtts,global/dictionary/n/night.mp3,5760,,2025-12-16 05:00:54.879252+00,2025-12-16 05:00:54.879252+00,0
1290,4714aa631489819e9e6e6280a7023d28e115f1afd88d1c6dc0c5954b501f2d01,Startup,en-US,gtts,global/dictionary/s/startup.mp3,8256,,2025-12-16 05:00:57.376774+00,2025-12-16 05:00:57.376774+00,0
1291,a8b2a1295461e0ee36f669ce0d3964989d7d1ddd65b129b52e0fff09ee4e9d0b,Chip,en-US,gtts,global/dictionary/c/chip.mp3,5952,,2025-12-16 05:00:57.415101+00,2025-12-16 05:00:57.415101+00,0
1292,3847d10a79b04e8647b75dc1df3e5f94c789e7d342be4ae66f7510d5ac400837,Knowledge,en-US,gtts,global/dictionary/k/knowledge.mp3,8064,,2025-12-16 05:00:57.404668+00,2025-12-16 05:00:57.404668+00,0
1293,e7ebec78b60245d9a74053dd64f045088e27d1347b211f9dd39e82fb117a724f,Decision,en-US,gtts,global/dictionary/d/decision.mp3,8448,,2025-12-16 05:00:59.55397+00,2025-12-16 05:00:59.55397+00,0
1294,7f0232a75f322dab37546d9569bac4a2f5e5957c617d9cfa44ce887f4675670a,Circuit,en-US,gtts,global/dictionary/c/circuit.mp3,7296,,2025-12-16 05:00:59.55441+00,2025-12-16 05:00:59.55441+00,0
1295,2b3ec7a092b45c8c8ee83516ae123d10028a0d457d1021b54f8780a459d37e0c,Trend,en-US,gtts,global/dictionary/t/trend.mp3,6528,,2025-12-16 05:01:01.560681+00,2025-12-16 05:01:01.560681+00,0
1296,6647907b575a8e320ff40ceec175bac72f24df952025b60cf222093cf7ded831,Digital,en-US,gtts,global/dictionary/d/digital.mp3,7296,,2025-12-16 05:01:01.579627+00,2025-12-16 05:01:01.579627+00,0
1297,26e218c51eb2b9cc799357c361038e656d7129ff8f1bb581cc74a49f69313d76,Action,en-US,gtts,global/dictionary/a/action.mp3,7680,,2025-12-16 05:01:01.567114+00,2025-12-16 05:01:01.567114+00,0
1298,c61f750b51d9712add0b6befd45d2d9028e36361ea6eba4a7dec9c3b54b22f17,Analog,en-US,gtts,global/dictionary/a/analog.mp3,8064,,2025-12-16 05:01:03.832472+00,2025-12-16 05:01:03.832472+00,0
1299,963ac3deb39c787522ac50772ad5708a28ba0e1dcc84ded610d820991e41ba39,Cooperation,en-US,gtts,global/dictionary/c/cooperation.mp3,10752,,2025-12-16 05:01:03.845966+00,2025-12-16 05:01:03.845966+00,0
1300,cbcafe8da1ba23bd0e02a322ae58b63c7a3c598f10de3720b489d74d9a7406b4,Automation,en-US,gtts,global/dictionary/a/automation.mp3,9216,,2025-12-16 05:01:06.081099+00,2025-12-16 05:01:06.081099+00,0
1301,c3760a75773545a981c96c00c4b375f3661779d95f30dc50da8f62d27d8ce164,Society,en-US,gtts,global/dictionary/s/society.mp3,9792,,2025-12-16 05:01:06.100847+00,2025-12-16 05:01:06.100847+00,0
1302,c6ffd216155fc308d0a18db69cae2ace4ca826493ee91cd0adbede7fc705181a,Government,en-US,gtts,global/dictionary/g/government.mp3,7872,,2025-12-16 05:06:38.552736+00,2025-12-16 05:06:38.552736+00,0
1303,034a7fa1b9f22f6b5c88b2ded6539d4fc8c7d2845a5d3a67514566d4a62e902f,Law,en-US,gtts,global/dictionary/l/law.mp3,5952,,2025-12-16 05:06:39.630915+00,2025-12-16 05:06:39.630915+00,0
1304,7d7095751e8c8269e7720bdedfaa6e10cfe0d6cbdef12c5fe3b2a38cf233a095,State,en-US,gtts,global/dictionary/s/state.mp3,6912,,2025-12-16 05:06:40.540028+00,2025-12-16 05:06:40.540028+00,0
1305,a8251303259cab5335fecdf5c1b32f6d0e4001d3ebeafc7896bcabe197f6cbbc,Nation,en-US,gtts,global/dictionary/n/nation.mp3,7680,,2025-12-16 05:06:41.207547+00,2025-12-16 05:06:41.207547+00,0
1306,aacae9bc7a3ea317f528f302ad4e3d696deb8319127567e8b47ee4bca554352d,Country,en-US,gtts,global/dictionary/c/country.mp3,7488,,2025-12-16 05:06:42.104114+00,2025-12-16 05:06:42.104114+00,0
1307,a64f1108fc1350f6e5ccacabfff6935c4f88b0bb792155ec8093834250d08b6d,Health,en-US,gtts,global/dictionary/h/health.mp3,6336,,2025-12-16 05:06:42.70422+00,2025-12-16 05:06:42.70422+00,0
1308,3dd4fcf7716a4f61851b477fe9c58db171114f44eec58587243e6aeace7a1fd9,Republic,en-US,gtts,global/dictionary/r/republic.mp3,8832,,2025-12-16 05:06:42.745808+00,2025-12-16 05:06:42.745808+00,0
1309,98d6c85c69efa5e94f0e98cec1a6b33993922ed76afb47a214e394db7dae255e,Disease,en-US,gtts,global/dictionary/d/disease.mp3,9024,,2025-12-16 05:06:44.449111+00,2025-12-16 05:06:44.449111+00,0
1310,d56305a1bd4c2c95a75bf5287f425336d7792c1aed6c6377e5fb452e4df93205,Monarchy,en-US,gtts,global/dictionary/m/monarchy.mp3,9408,,2025-12-16 05:06:44.490883+00,2025-12-16 05:06:44.490883+00,0
1311,e37cf49ecd217a44b078858462838c97c0cc2715b0c08337c7c62e733fafa135,Medicine,en-US,gtts,global/dictionary/m/medicine.mp3,8448,,2025-12-16 05:06:45.875963+00,2025-12-16 05:06:45.875963+00,0
1312,c2178033b61bbd57d75853b915ca14ffe320a6d705f523ddc03a466879d9d747,Democracy,en-US,gtts,global/dictionary/d/democracy.mp3,10176,,2025-12-16 05:06:45.911807+00,2025-12-16 05:06:45.911807+00,0
1313,04802f9b6beaa1e09799c49aa60f96f47687d2f83ee759413be08893a86422bf,Art,en-US,gtts,global/dictionary/a/art.mp3,5568,,2025-12-16 05:06:45.908968+00,2025-12-16 05:06:45.908968+00,0
1314,eabbe26eb4dfae17a903c1e0def91f3ff108dd1b8468e116732402963d72f0ed,Doctor,en-US,gtts,global/dictionary/d/doctor.mp3,7488,,2025-12-16 05:06:47.640312+00,2025-12-16 05:06:47.640312+00,0
1315,0de045e34b9563d056c6b1cf82761c18e624eb776f24c8805d41c86c4b02d81a,Autocracy,en-US,gtts,global/dictionary/a/autocracy.mp3,10368,,2025-12-16 05:06:47.674335+00,2025-12-16 05:06:47.674335+00,0
1316,98fbb0cc3623e684a35a5ff676d32dba81a9f2cdb6813df69910f58a5930a389,Culture,en-US,gtts,global/dictionary/c/culture.mp3,7872,,2025-12-16 05:06:47.680864+00,2025-12-16 05:06:47.680864+00,0
1317,d64db6fb54f01e53799c76337f6cf90fdb998695cb2856b21795544e1dbf431b,Nurse,en-US,gtts,global/dictionary/n/nurse.mp3,7680,,2025-12-16 05:06:49.977521+00,2025-12-16 05:06:49.977521+00,0
1318,5a5970acaee069fbac5bd7cbd15360830c076d99b21f6c78a11ad973aaea8e11,Atom,en-US,gtts,global/dictionary/a/atom.mp3,6720,,2025-12-16 05:06:49.977519+00,2025-12-16 05:06:49.977519+00,0
1319,4d784c7598e30f2d6569f4999f332b66795c8f3c63c168ae061411ceb72a9f4c,Bureaucracy,en-US,gtts,global/dictionary/b/bureaucracy.mp3,10752,,2025-12-16 05:06:49.99891+00,2025-12-16 05:06:49.99891+00,0
1320,578c6470d7621ad8df54dc2d3e79a54b7b49827b181035c765fb059870a71f31,Artist,en-US,gtts,global/dictionary/a/artist.mp3,7488,,2025-12-16 05:06:50.015849+00,2025-12-16 05:06:50.015849+00,0
1321,d860ce7b9629d1e1a83e413dc905867b4f7814524cfb35af4bdee9d5af21a088,Molecule,en-US,gtts,global/dictionary/m/molecule.mp3,9408,,2025-12-16 05:06:52.5738+00,2025-12-16 05:06:52.5738+00,0
1322,3c5d163282a4ec72d08ba20dca278e0baa39deaec7a92c28b6c8aeda4877e1fa,Parliament,en-US,gtts,global/dictionary/p/parliament.mp3,8256,,2025-12-16 05:06:52.601352+00,2025-12-16 05:06:52.601352+00,0
1323,c043be87027c1f2ac140d1bec1072afb60d6cd34874ecdad8768473ddb3e5bd9,Painting,en-US,gtts,global/dictionary/p/painting.mp3,7296,,2025-12-16 05:06:52.612125+00,2025-12-16 05:06:52.612125+00,0
1324,90724424f9cd2931997907b03d634416245f24bfece53f938df5b28792f858ad,Electron,en-US,gtts,global/dictionary/e/electron.mp3,9216,,2025-12-16 05:06:55.1464+00,2025-12-16 05:06:55.1464+00,0
1325,5371ae136e37ce2ebd42f290960146fdf0a27a9780a1aa376dd3afdf15fc00b8,Congress,en-US,gtts,global/dictionary/c/congress.mp3,9216,,2025-12-16 05:06:55.171733+00,2025-12-16 05:06:55.171733+00,0
1326,5e44910b737c7a3a629e60a018557ce1525fc46dcff00a1130011d8517ebf4be,Sculpture,en-US,gtts,global/dictionary/s/sculpture.mp3,9600,,2025-12-16 05:06:56.862984+00,2025-12-16 05:06:56.862984+00,0
1327,afc56942c845110ccdf1f3c10fe8be7471666ab80ee92c6c217bbca25c7acd58,Treatment,en-US,gtts,global/dictionary/t/treatment.mp3,7296,,2025-12-16 05:06:56.86352+00,2025-12-16 05:06:56.86352+00,0
1328,8bba8c02f1c9db86ace915c62c21a091f1bb5e3f5a9482c1d765c9bf5bbadbeb,Senate,en-US,gtts,global/dictionary/s/senate.mp3,6912,,2025-12-16 05:06:56.901858+00,2025-12-16 05:06:56.901858+00,0
1329,3d201dc62645e1c0ccc0ef9ff59603bdd822edde9c75d95f54d413638c63d9cd,Proton,en-US,gtts,global/dictionary/p/proton.mp3,7872,,2025-12-16 05:06:56.882988+00,2025-12-16 05:06:56.882988+00,0
1330,eb203c0d01f02b12aebd9f6f9a34ea346916298ecc305cf648b25794f3cf5135,Museum,en-US,gtts,global/dictionary/m/museum.mp3,8832,,2025-12-16 05:06:59.554406+00,2025-12-16 05:06:59.554406+00,0
1331,0ff4914a3b8c3c5209cfcfe744c0286c0994ec75cac868cbdb13215487509dd8,Citizen,en-US,gtts,global/dictionary/c/citizen.mp3,8448,,2025-12-16 05:06:59.554708+00,2025-12-16 05:06:59.554708+00,0
1332,27a04cccde49204c338c9956def4a99f6e79b406f76c5b74218cb4b7f9c5cd28,Court,en-US,gtts,global/dictionary/c/court.mp3,6144,,2025-12-16 05:06:59.593325+00,2025-12-16 05:06:59.593325+00,0
1333,9bede08fe216d902b88c6aa4207f13b8face7075a72eab741616fa09bf431739,Recovery,en-US,gtts,global/dictionary/r/recovery.mp3,9024,,2025-12-16 05:06:59.58083+00,2025-12-16 05:06:59.58083+00,0
1334,b030f6b1ccb3a9385e8a641751511382b5f6ba62e149e17d00312da841866120,Neutron,en-US,gtts,global/dictionary/n/neutron.mp3,8448,,2025-12-16 05:07:00.982653+00,2025-12-16 05:07:00.982653+00,0
1335,400b79255244d9e38912eea7df5e84f2106d320aab3f0582e7435c8ca8426a7e,Gallery,en-US,gtts,global/dictionary/g/gallery.mp3,7488,,2025-12-16 05:07:02.098878+00,2025-12-16 05:07:02.098878+00,0
1336,3fa996a274fa89a913be868618376eb5fdcae4122585a818972548ae68deb4f7,Judge,en-US,gtts,global/dictionary/j/judge.mp3,7104,,2025-12-16 05:07:03.224229+00,2025-12-16 05:07:03.224229+00,0
1337,0a37b5e39fa4d40f74fe7bd8dce753dd96a64b1536c8b8b70950e4ab56916bec,Symptom,en-US,gtts,global/dictionary/s/symptom.mp3,8064,,2025-12-16 05:07:03.23126+00,2025-12-16 05:07:03.23126+00,0
1338,f7abbb4837ee73b97d35f62f870f2f03eba1cd555b4073f47377bb4d1f59b672,Exhibition,en-US,gtts,global/dictionary/e/exhibition.mp3,9984,,2025-12-16 05:07:03.939539+00,2025-12-16 05:07:03.939539+00,0
1339,a8e183aa8b9868c22eb0788bdaff1a6cacbb1d9c293ec9afaf93803679dd2164,Trade,en-US,gtts,global/dictionary/t/trade.mp3,6528,,2025-12-16 05:07:03.939693+00,2025-12-16 05:07:03.939693+00,0
1340,5d5adde0b24351fe2f3da9eca1d921a872b32ef900eae982aaf5af7cce0bad42,Compound,en-US,gtts,global/dictionary/c/compound.mp3,8832,,2025-12-16 05:07:05.785995+00,2025-12-16 05:07:05.785995+00,0
1341,d12e9ec7946314117997a01437410d9a14697beb5ac2933426e00aa0614806fe,Diagnosis,en-US,gtts,global/dictionary/d/diagnosis.mp3,11328,,2025-12-16 05:07:05.786005+00,2025-12-16 05:07:05.786005+00,0
1342,086e91ef3b8237555b324e2722513eb1ac0797c7cde522e296e2eddd26bd5762,Lawyer,en-US,gtts,global/dictionary/l/lawyer.mp3,7872,,2025-12-16 05:07:05.786471+00,2025-12-16 05:07:05.786471+00,0
1343,74feaaedbf94aeb552f53d46fe439d8f4ca7de53f6e13330e079cddc98f1e724,Music,en-US,gtts,global/dictionary/m/music.mp3,7680,,2025-12-16 05:07:07.780418+00,2025-12-16 05:07:07.780418+00,0
1344,14590347ade78e1eeccb399c77120e0288fb4b4a1a84b052a1a303648f63b95f,Therapy,en-US,gtts,global/dictionary/t/therapy.mp3,8064,,2025-12-16 05:07:07.946065+00,2025-12-16 05:07:07.946065+00,0
1345,32dd3731e63aa89df7a1dccf83fab86f58cfa145841d0caca9daf252c2d33a1e,Attorney,en-US,gtts,global/dictionary/a/attorney.mp3,7488,,2025-12-16 05:07:09.214442+00,2025-12-16 05:07:09.214442+00,0
1346,7dd47634ab52a3f9a421b5fa23f3079c46dfe371387377e331efe847feb5020f,Dance,en-US,gtts,global/dictionary/d/dance.mp3,7872,,2025-12-16 05:07:09.380267+00,2025-12-16 05:07:09.380267+00,0
1347,363c9de348087e6f01e944d02e23b673e72aa8af467bcbe21d693e57c30abf8d,Hypothesis,en-US,gtts,global/dictionary/h/hypothesis.mp3,12096,,2025-12-16 05:07:09.380562+00,2025-12-16 05:07:09.380562+00,0
1348,482b4225cc8c25eee925e81dc4586984e1b12a2568ef33d642cc92992be328a4,Diet,en-US,gtts,global/dictionary/d/diet.mp3,6144,,2025-12-16 05:07:09.406145+00,2025-12-16 05:07:09.406145+00,0
1349,05e09d514a53a8c86730692963853964af11bf6a3797401e1bdeccf34d5c3f54,Theater,en-US,gtts,global/dictionary/t/theater.mp3,7680,,2025-12-16 05:07:12.614223+00,2025-12-16 05:07:12.614223+00,0
1350,0ce4b36676a49f9fc84b18d81e8aab5425cac68ae251115c92cd86fefeed658a,Prosecutor,en-US,gtts,global/dictionary/p/prosecutor.mp3,10368,,2025-12-16 05:07:12.620227+00,2025-12-16 05:07:12.620227+00,0
1351,f53532924f64f840d33c7a0159315f4d3de11f124d849e4a59d6e1d379b64229,Experiment,en-US,gtts,global/dictionary/e/experiment.mp3,9408,,2025-12-16 05:07:12.620599+00,2025-12-16 05:07:12.620599+00,0
1352,c980b225c8a1910d01f2f044995cf288bc44d8e6255415f7de98c265506dcf95,Exercise,en-US,gtts,global/dictionary/e/exercise.mp3,10944,,2025-12-16 05:07:12.659097+00,2025-12-16 05:07:12.659097+00,0
1353,169c50427759aed0cf794573ecead6d264327484065e59d14bc833986b201c3b,Sustainability,en-US,gtts,global/dictionary/s/sustainability.mp3,12288,,2025-12-16 05:07:15.050311+00,2025-12-16 05:07:15.050311+00,0
1354,42cd86be907ec0b963946c1a098c197ec090eef65c3b28be6ede5067fef907b7,Defendant,en-US,gtts,global/dictionary/d/defendant.mp3,8064,,2025-12-16 05:07:15.050703+00,2025-12-16 05:07:15.050703+00,0
1355,8952d147774c34b8d40bdb0e11c1df34a81c4ea9d8364ad8378c9486bfb82187,Film,en-US,gtts,global/dictionary/f/film.mp3,6912,,2025-12-16 05:07:15.050741+00,2025-12-16 05:07:15.050741+00,0
1356,3de2d57575a499cf313160bc96da4cadc5629ccbb6dc39bd9788f978dcc90a90,Nutrition,en-US,gtts,global/dictionary/n/nutrition.mp3,9024,,2025-12-16 05:07:15.091229+00,2025-12-16 05:07:15.091229+00,0
1357,1a983f784a7966e88f2762bf853697d8b05c7cdda184dc5a452c71b27360ac73,Observation,en-US,gtts,global/dictionary/o/observation.mp3,10560,,2025-12-16 05:07:15.078606+00,2025-12-16 05:07:15.078606+00,0
1358,ae0e66fdecf26c19b4c340e7983a99a088d335584f03c4af865c28ad348e188b,Plaintiff,en-US,gtts,global/dictionary/p/plaintiff.mp3,8064,,2025-12-16 05:07:18.420378+00,2025-12-16 05:07:18.420378+00,0
1359,a03c9cd1402414648e1501694c9871a0e18f3e28ec307f7f9cc06a7aa6524bde,Vitamin,en-US,gtts,global/dictionary/v/vitamin.mp3,7872,,2025-12-16 05:07:18.445695+00,2025-12-16 05:07:18.445695+00,0
1360,dcd32e3999806c9c0085e9b02d023059a97b4a272f715a2e2ba4b2dd47622635,Book,en-US,gtts,global/dictionary/b/book.mp3,6144,,2025-12-16 05:07:18.439778+00,2025-12-16 05:07:18.439778+00,0
1361,2de0f637118d9cdfd7d7a0d1c75c57437d68bd78a9cfee2cdd45109f157fa169,Mineral,en-US,gtts,global/dictionary/m/mineral.mp3,7296,,2025-12-16 05:07:20.640319+00,2025-12-16 05:07:20.640319+00,0
1362,18914dc0355b9c1d8245c9403471e97d825ca761b638ef56cd86ec11df769dcc,Poverty,en-US,gtts,global/dictionary/p/poverty.mp3,8256,,2025-12-16 05:07:20.651102+00,2025-12-16 05:07:20.651102+00,0
1363,e85b67a2c50c641bd0df7318b3ba8474807bc5f572d365989976d06ee5bcf84e,Poem,en-US,gtts,global/dictionary/p/poem.mp3,6720,,2025-12-16 05:07:20.65811+00,2025-12-16 05:07:20.65811+00,0
1364,e1d071bcda7b15b3f2d8027d1f6f66cf48cef0888228a07c828a6473a4500a29,Jury,en-US,gtts,global/dictionary/j/jury.mp3,6912,,2025-12-16 05:07:20.640781+00,2025-12-16 05:07:20.640781+00,0
1365,20af7f6edb599d62de82a0b1ccbf9db745cfac5152fa5335704ff0b2dc5949ea,Hydration,en-US,gtts,global/dictionary/h/hydration.mp3,9600,,2025-12-16 05:07:23.357526+00,2025-12-16 05:07:23.357526+00,0
1366,ccd46e68a565f6931fe9fdfdfe9de714a42e4a6807e893c2a95b320f2751b1b5,Inequality,en-US,gtts,global/dictionary/i/inequality.mp3,10176,,2025-12-16 05:07:23.370549+00,2025-12-16 05:07:23.370549+00,0
1367,f0844899a85924009624fd75d04ab430ad55e6bb5965ab4dd99f8eece79ed985,Laboratory,en-US,gtts,global/dictionary/l/laboratory.mp3,9792,,2025-12-16 05:07:23.351446+00,2025-12-16 05:07:23.351446+00,0
1368,8c8d63181bf84e603b64b1f4c40567d2cecbb4cdf8ed877c257c738d1b9d16d0,Witness,en-US,gtts,global/dictionary/w/witness.mp3,8448,,2025-12-16 05:07:23.383998+00,2025-12-16 05:07:23.383998+00,0
1369,160a64171d78f1815040c27f52c33bea3e300929b0e6f3a2c027ce2fca4cea73,Novel,en-US,gtts,global/dictionary/n/novel.mp3,7296,,2025-12-16 05:07:23.384002+00,2025-12-16 05:07:23.384002+00,0
1370,1505836306107e266ed9d6d4a1ec0226eab2b9e161992c05c2a4b5a29b974675,Sleep,en-US,gtts,global/dictionary/s/sleep.mp3,6912,,2025-12-16 05:07:26.465794+00,2025-12-16 05:07:26.465794+00,0
1371,3e27673cb406bc5a462980a9891d80ae5149d75ef5c41b52639515440d80d1ef,Justice,en-US,gtts,global/dictionary/j/justice.mp3,9216,,2025-12-16 05:07:26.485272+00,2025-12-16 05:07:26.485272+00,0
1372,ae4d414472dbb2a124de940e345f102795a7f51310c36299f7dd582ba77063f0,Microscope,en-US,gtts,global/dictionary/m/microscope.mp3,10176,,2025-12-16 05:07:26.49208+00,2025-12-16 05:07:26.49208+00,0
1373,809a7652f61f5fe746300fb2980d4b89dc27661905b266cc801c2838e7f9a18f,Evidence,en-US,gtts,global/dictionary/e/evidence.mp3,8640,,2025-12-16 05:07:26.492225+00,2025-12-16 05:07:26.492225+00,0
1374,744e33441ab95f4ac99a87e18ad7a765bb788d2520905cbe9333d62f021bd7d7,Author,en-US,gtts,global/dictionary/a/author.mp3,7488,,2025-12-16 05:07:27.883282+00,2025-12-16 05:07:27.883282+00,0
1375,5b3dc44902451783682a56da240311d22f31b0335c582529d07a163ea2c238db,Peace,en-US,gtts,global/dictionary/p/peace.mp3,7296,,2025-12-16 05:07:29.273825+00,2025-12-16 05:07:29.273825+00,0
1376,64a0f223e97e676316097cbe358cec05d1a897b81bb81612c3261395d21da162,Stress,en-US,gtts,global/dictionary/s/stress.mp3,9024,,2025-12-16 05:07:29.273825+00,2025-12-16 05:07:29.273825+00,0
1377,ecdf3dfb8a310123d51eadb52a621b67fece61dd3d522134eea7de2fd10d259b,Verdict,en-US,gtts,global/dictionary/v/verdict.mp3,7104,,2025-12-16 05:07:30.939662+00,2025-12-16 05:07:30.939662+00,0
1378,a78ba63cb0dc21871c62af714d5213239dd39a897abec441adf5574e6fdd438e,Telescope,en-US,gtts,global/dictionary/t/telescope.mp3,9024,,2025-12-16 05:07:30.939502+00,2025-12-16 05:07:30.939502+00,0
1379,927b91e49a74599669cb2613338dd314abe90e763b37daa9ac2127a9cb9f3a8c,Conflict,en-US,gtts,global/dictionary/c/conflict.mp3,8448,,2025-12-16 05:07:30.984524+00,2025-12-16 05:07:30.984524+00,0
1380,ba9d05f3e62b38db33058bfa32bf41ecd164410079c6a79de75b83e0dd3ddda3,Play,en-US,gtts,global/dictionary/p/play.mp3,6336,,2025-12-16 05:07:30.967747+00,2025-12-16 05:07:30.967747+00,0
1381,d00bf5d563c8097e7e0c53b17989992082a85a404e1a7ccde4d74511939f1219,Wellness,en-US,gtts,global/dictionary/w/wellness.mp3,8640,,2025-12-16 05:07:32.364798+00,2025-12-16 05:07:32.364798+00,0
1382,6f7484920c814f2068ff1746a01bd05a7ec59e973d5797a1e052adfa473da611,Equation,en-US,gtts,global/dictionary/e/equation.mp3,9024,,2025-12-16 05:07:33.481803+00,2025-12-16 05:07:33.481803+00,0
1383,e6427a61c5e2c6efc5154809ce671652c3df16c1e3c5392035abd606a72705b2,Sentence,en-US,gtts,global/dictionary/s/sentence.mp3,9408,,2025-12-16 05:07:33.47552+00,2025-12-16 05:07:33.47552+00,0
1384,f861a0f4b7a99e472470b0bb416851fb41e5556385cd9762a81efa3cacaae723,War,en-US,gtts,global/dictionary/w/war.mp3,7104,,2025-12-16 05:07:34.058293+00,2025-12-16 05:07:34.058293+00,0
1385,a0aab8a8ca2999d18e625913dd42b9f33baf18829681db72fb9f77d258784cb2,Fitness,en-US,gtts,global/dictionary/f/fitness.mp3,8448,,2025-12-16 05:07:35.745173+00,2025-12-16 05:07:35.745173+00,0
1386,6158c48b98bf27bef024a2a7ab1a37610804bde84a39b8a919fba08758c7004c,Actor,en-US,gtts,global/dictionary/a/actor.mp3,7488,,2025-12-16 05:07:35.745633+00,2025-12-16 05:07:35.745633+00,0
1387,c07ef10d2623a842e6dd0f01367d989830517ec08a95553bb6430204e40d8626,Diplomacy,en-US,gtts,global/dictionary/d/diplomacy.mp3,10176,,2025-12-16 05:07:35.786209+00,2025-12-16 05:07:35.786209+00,0
1388,7a5c38e444c32888a02058b68beaea76582c26b87474b998fca37447360b31f9,Formula,en-US,gtts,global/dictionary/f/formula.mp3,8064,,2025-12-16 05:07:35.773556+00,2025-12-16 05:07:35.773556+00,0
1389,61b230cb42a31121d82952a8515d4cd0eeed1e6e6af4ccdd53cf0f6b2138d2df,Clinic,en-US,gtts,global/dictionary/c/clinic.mp3,6912,,2025-12-16 05:07:38.44949+00,2025-12-16 05:07:38.44949+00,0
1390,bc35e8aaf368e63b8e33dc234b06cf780d8350b8487b1257e9c7c449a42af77b,Treaty,en-US,gtts,global/dictionary/t/treaty.mp3,6912,,2025-12-16 05:07:38.477576+00,2025-12-16 05:07:38.477576+00,0
1391,57053540883e4cebc9ab68b9a0a6ebf6859caa900c5dd3a6bb05b12c7982f250,Policy,en-US,gtts,global/dictionary/p/policy.mp3,8448,,2025-12-16 05:07:38.47807+00,2025-12-16 05:07:38.47807+00,0
1392,7e4b58b16251c1025725f8983ec39309ff6c485fab9937d92df0bb915abc9dfd,Audience,en-US,gtts,global/dictionary/a/audience.mp3,8832,,2025-12-16 05:07:38.471547+00,2025-12-16 05:07:38.471547+00,0
1393,c4f65a6c7dc3f5b18ae5ba0c08f57ed68d2469c7103e73d6c8dcbfe50c06df7a,Pharmacy,en-US,gtts,global/dictionary/p/pharmacy.mp3,8832,,2025-12-16 05:07:41.680842+00,2025-12-16 05:07:41.680842+00,0
1394,566fde24ee2c2458cfd873decc6e84e5a747ab6c0459a63eac4c03fced36d647,Alliance,en-US,gtts,global/dictionary/a/alliance.mp3,9408,,2025-12-16 05:07:41.700293+00,2025-12-16 05:07:41.700293+00,0
1395,c5b4f7a79e24f538b62404dc65b482cbda05d21520791504bd76190e7b0c75a1,Constitution,en-US,gtts,global/dictionary/c/constitution.mp3,11328,,2025-12-16 05:07:41.720214+00,2025-12-16 05:07:41.720214+00,0
1396,13d0838a16592b972bd55db66d2c7168e498034f4abda74fcc1b25a574a5e5ef,Stage,en-US,gtts,global/dictionary/s/stage.mp3,8448,,2025-12-16 05:07:41.7267+00,2025-12-16 05:07:41.7267+00,0
1397,a01526ad06cd3b2e814a53599e3ec19882d8548129d117e15574468b6c163458,Discovery,en-US,gtts,global/dictionary/d/discovery.mp3,9024,,2025-12-16 05:07:44.115166+00,2025-12-16 05:07:44.115166+00,0
1398,5c02d595f1c25ea54d6ee5c6b733586b164a819957ded9d36afbfc8d7a41f2c1,Vaccine,en-US,gtts,global/dictionary/v/vaccine.mp3,8832,,2025-12-16 05:07:44.115464+00,2025-12-16 05:07:44.115464+00,0
1399,077afa59d9652997b329ebaac945247d0933b7e556dfc57ade0394892885fa45,Organization,en-US,gtts,global/dictionary/o/organization.mp3,11328,,2025-12-16 05:07:44.143249+00,2025-12-16 05:07:44.143249+00,0
1400,87dd10a751b606e386895db57d7f31f43686e8fd22cfe4b41402edbedaf94d62,Amendment,en-US,gtts,global/dictionary/a/amendment.mp3,8064,,2025-12-16 05:07:44.156704+00,2025-12-16 05:07:44.156704+00,0
1401,04e20215bb11e71c67927ad45f040c1457b2535b6bf3e914d2531028d4c1c5a7,Performance,en-US,gtts,global/dictionary/p/performance.mp3,10560,,2025-12-16 05:07:45.591035+00,2025-12-16 05:07:45.591035+00,0
1402,fc15c48af6d9ac04c2cf6cf222a8687e54d494e28526ce85168fa6e2165ee831,Invention,en-US,gtts,global/dictionary/i/invention.mp3,9024,,2025-12-16 05:07:47.029418+00,2025-12-16 05:07:47.029418+00,0
1403,df225cb78bf73df06ed3f5144f45bb24f55704d90a980b7b96d2f638c4568ad8,Statute,en-US,gtts,global/dictionary/s/statute.mp3,8448,,2025-12-16 05:07:47.588821+00,2025-12-16 05:07:47.588821+00,0
1404,db8f7b3191562a8babbe1b02249ec54e832c2cea77e6fafc0543d8b6cad30f97,Infection,en-US,gtts,global/dictionary/i/infection.mp3,9600,,2025-12-16 05:07:47.589165+00,2025-12-16 05:07:47.589165+00,0
1405,e1503bc33b3ffa7851369dc9dace3d8450d31b07b630368f0b1624c1a550a8b1,Masterpiece,en-US,gtts,global/dictionary/m/masterpiece.mp3,11328,,2025-12-16 05:07:50.02326+00,2025-12-16 05:07:50.02326+00,0
1406,4daf698031d355144c89fb2c2a365ef385b1a257686add82fdff2afa7f28c79c,Regulation,en-US,gtts,global/dictionary/r/regulation.mp3,10560,,2025-12-16 05:07:50.050843+00,2025-12-16 05:07:50.050843+00,0
1407,00988ae60c60c814681a233749ae7355007a44ef8f037c62b25a0c2b13ed59b1,Communication,en-US,gtts,global/dictionary/c/communication.mp3,10944,,2025-12-16 05:07:50.051332+00,2025-12-16 05:07:50.051332+00,0
1408,a3dcbdc68fdcfc0e65d8a9691bdddb86090b16af3143ce2d0b8961efb8f699be,Canvas,en-US,gtts,global/dictionary/c/canvas.mp3,9024,,2025-12-16 05:07:52.381897+00,2025-12-16 05:07:52.381897+00,0
1409,2a338022e88b01d7835fcae585c068a2d6dca4238b9082cac692a314e203bd63,Genetics,en-US,gtts,global/dictionary/g/genetics.mp3,9600,,2025-12-16 05:07:52.382364+00,2025-12-16 05:07:52.382364+00,0
1410,f699af08443cda58e2e8f81a1532e343e286281a351feeb0813e37d186a29866,Bacteria,en-US,gtts,global/dictionary/b/bacteria.mp3,8832,,2025-12-16 05:07:52.405921+00,2025-12-16 05:07:52.405921+00,0
1411,b9d13dbfff118c8b960c1a1a36541c7419d712eea3787ff93de9d35f7c770ccf,Decree,en-US,gtts,global/dictionary/d/decree.mp3,7488,,2025-12-16 05:07:52.412078+00,2025-12-16 05:07:52.412078+00,0
1412,28236a55271c416abe17e270ab78179b1cc9b2ec7844e529cf6e63d4bed8d1b4,Brush,en-US,gtts,global/dictionary/b/brush.mp3,7296,,2025-12-16 05:07:54.833068+00,2025-12-16 05:07:54.833068+00,0
1413,7a9ff93db1c084f651ba4b0f3b9a6cc32708cec10dfdea868250bb6f10fc2f2a,Bill,en-US,gtts,global/dictionary/b/bill.mp3,6144,,2025-12-16 05:07:54.876621+00,2025-12-16 05:07:54.876621+00,0
1414,4c847cba34ead2f73fe31fec26b9fd2e3fe86dca8912c70760702adeacba2723,Pain,en-US,gtts,global/dictionary/p/pain.mp3,6528,,2025-12-16 05:07:54.861853+00,2025-12-16 05:07:54.861853+00,0
1415,13155691a92aba5ec27656fa82d6f5c294e3ae9cef1c7da70c584439075f3d52,Biology,en-US,gtts,global/dictionary/b/biology.mp3,9408,,2025-12-16 05:07:54.862021+00,2025-12-16 05:07:54.862021+00,0
1416,59ad7b1dc905da3a192158980c764aed332d4142cdd7d5b49b7be53057769398,Palette,en-US,gtts,global/dictionary/p/palette.mp3,6528,,2025-12-16 05:07:57.563257+00,2025-12-16 05:07:57.563257+00,0
1417,053cf861edb0a22452de17fd6e5f42dacba14ad066db3ecdfc3da559a96c7c35,Act,en-US,gtts,global/dictionary/a/act.mp3,5952,,2025-12-16 05:07:57.585386+00,2025-12-16 05:07:57.585386+00,0
1418,430f0bedae32e760e018c59a0944ec0679d7fe44ca95f29b20ce8dd78d333907,Chemistry,en-US,gtts,global/dictionary/c/chemistry.mp3,8832,,2025-12-16 05:07:57.604892+00,2025-12-16 05:07:57.604892+00,0
1419,bf9dc33cd08c4a2e0a8ff41b37f4811338b42ce60ab75bc24e435777b2f35f6b,Injury,en-US,gtts,global/dictionary/i/injury.mp3,7488,,2025-12-16 05:07:58.168785+00,2025-12-16 05:07:58.168785+00,0
1420,2b5164cc4caf719761aa35c9e23bf95721991a1b446471e062ecdcee20a4ffbe,Sculptor,en-US,gtts,global/dictionary/s/sculptor.mp3,9024,,2025-12-16 05:07:59.734469+00,2025-12-16 05:07:59.734469+00,0
1421,fb34be8db0b4b08570d49e2bb0c91c838b38ebce0061c6e97413deaab2a89c79,Crime,en-US,gtts,global/dictionary/c/crime.mp3,7104,,2025-12-16 05:08:00.613761+00,2025-12-16 05:08:00.613761+00,0
1422,e24ad05bba021f9ec573212bcbf7e6ae5d437a81cb621e38616ad463c636b17a,Physics,en-US,gtts,global/dictionary/p/physics.mp3,8640,,2025-12-16 05:08:00.620756+00,2025-12-16 05:08:00.620756+00,0
1423,08172fc660fc5eef66c972bf3c6afcca82325bfb85cb09431e06175b61adbf2d,Surgery,en-US,gtts,global/dictionary/s/surgery.mp3,8448,,2025-12-16 05:08:01.341461+00,2025-12-16 05:08:01.341461+00,0
1424,a2162a1501cdaaa135784501d280fb2dc594d6940d769657f257d4c398f8708b,Statue,en-US,gtts,global/dictionary/s/statue.mp3,8832,,2025-12-16 05:08:03.063009+00,2025-12-16 05:08:03.063009+00,0
1425,90b4ac949d8f62a7694ec7f27511da39ff886ecf03f4fe189ed8d2b52dad1cce,Felony,en-US,gtts,global/dictionary/f/felony.mp3,7680,,2025-12-16 05:08:04.036838+00,2025-12-16 05:08:04.036838+00,0
1426,8772320fee23f15e5e27f9fd3b84ce67ba5ef077bb660f581e0618ff9bce3937,Astronomy,en-US,gtts,global/dictionary/a/astronomy.mp3,9216,,2025-12-16 05:08:04.877898+00,2025-12-16 05:08:04.877898+00,0
1427,13df7ca2214e5421fd9bbdb47c5fd57e5507f7952be9134b06741e1a2293f853,Architecture,en-US,gtts,global/dictionary/a/architecture.mp3,10560,,2025-12-16 05:08:05.899141+00,2025-12-16 05:08:05.899141+00,0
1428,0515612302e567741b7ca9957d75859c502a3f85abb5652ccc10c9dc407df6db,Prevention,en-US,gtts,global/dictionary/p/prevention.mp3,9024,,2025-12-16 05:08:05.89946+00,2025-12-16 05:08:05.89946+00,0
1429,bfe53c08019dda1ed54efa116b0102ac30164f79c29cc461cde9880c95627daf,Misdemeanor,en-US,gtts,global/dictionary/m/misdemeanor.mp3,10176,,2025-12-16 05:08:06.765301+00,2025-12-16 05:08:06.765301+00,0
1430,751f5b660b03068b4fd6fca3bd747ee6bc9479936a5e48bface637e17469a03a,Geology,en-US,gtts,global/dictionary/g/geology.mp3,9408,,2025-12-16 05:08:08.188833+00,2025-12-16 05:08:08.188833+00,0
1431,1f5e39c31b7e60368ff37938e80eb717506e6414986192a72c71cd15bbefbd64,Migration,en-US,gtts,global/dictionary/m/migration.mp3,9792,,2025-12-16 05:08:08.905819+00,2025-12-16 05:08:08.905819+00,0
1432,f96a7f13a0660500fe764c7a09501f14e9031a1b5db92163a5971cb1ecbc0cb2,Punishment,en-US,gtts,global/dictionary/p/punishment.mp3,8640,,2025-12-16 05:08:10.47608+00,2025-12-16 05:08:10.47608+00,0
1433,916fea22cab6ee30e212df280ede57b6dabdbb0e3af55910b3c708c9d0a2640e,Hygiene,en-US,gtts,global/dictionary/h/hygiene.mp3,8064,,2025-12-16 05:08:10.476409+00,2025-12-16 05:08:10.476409+00,0
1434,95844ada8ede44f6adcbade9b7aa333b4e539c3c4c0d0bd2aefa4db155fdaf9a,Refugee,en-US,gtts,global/dictionary/r/refugee.mp3,9216,,2025-12-16 05:08:10.504182+00,2025-12-16 05:08:10.504182+00,0
1435,26d56448f0561406a3f00617f61c71c5ce961b7ab2a88ca1807500b28752f274,Design,en-US,gtts,global/dictionary/d/design.mp3,7872,,2025-12-16 05:08:10.498296+00,2025-12-16 05:08:10.498296+00,0
1436,4fa198b7416433470f3e9f9508db40fd9d2861c852d231bc4283a8fcd73faf36,Ecology,en-US,gtts,global/dictionary/e/ecology.mp3,9408,,2025-12-16 05:08:10.504707+00,2025-12-16 05:08:10.504707+00,0
1437,84c922e11011e82d75fbd318baa519dfe3dd56be5ce0ec6abc3f18ce71e560ac,Prison,en-US,gtts,global/dictionary/p/prison.mp3,7104,,2025-12-16 05:08:13.91919+00,2025-12-16 05:08:13.91919+00,0
1438,e9e69df9d3a8f42555989dfa2e9a19633c02f31d8e56133fa1ab7ccf4b37ce55,Human,en-US,gtts,global/dictionary/h/human.mp3,7296,,2025-12-16 05:08:13.927817+00,2025-12-16 05:08:13.927817+00,0
1439,bfb5bb777529adaec5e8bb2bc71a790857bfea961953b6f1001a87f2d2e101c1,Sanitation,en-US,gtts,global/dictionary/s/sanitation.mp3,10752,,2025-12-16 05:08:13.919522+00,2025-12-16 05:08:13.919522+00,0
1440,cafa58555134f55aea72203c1bb6a21c3cc580f7252fcf4e45e461b3888b1926,Craft,en-US,gtts,global/dictionary/c/craft.mp3,7296,,2025-12-16 05:08:13.928322+00,2025-12-16 05:08:13.928322+00,0
1441,2947d63875d7a2be544c526eb92b3f01877ce0999bf43753632cc8271ba24853,Universe,en-US,gtts,global/dictionary/u/universe.mp3,9984,,2025-12-16 05:08:13.940964+00,2025-12-16 05:08:13.940964+00,0
1442,0ae6901a5f3615b831f31bf66b0ed054c7c87842f3706e7f806274ecc4e12890,Jail,en-US,gtts,global/dictionary/j/jail.mp3,6720,,2025-12-16 05:08:17.055145+00,2025-12-16 05:08:17.055145+00,0
1443,c218845f020f3fc3b75ed01868211a7a576d389da9e76165b673c0cfbeb4f50c,Check-up,en-US,gtts,global/dictionary/c/check-up.mp3,6720,,2025-12-16 05:08:17.055456+00,2025-12-16 05:08:17.055456+00,0
1444,b373d30850ab82b26d884f7e2c8304020cc2e132913704bf1a1eb7e6e0bbddd1,Galaxy,en-US,gtts,global/dictionary/g/galaxy.mp3,9024,,2025-12-16 05:08:17.088107+00,2025-12-16 05:08:17.088107+00,0
1445,8bdbdb2540afb60673c3674753d1a4ca8fbe2384a7e9d997499237fc82d270c7,Freedom,en-US,gtts,global/dictionary/f/freedom.mp3,7296,,2025-12-16 05:08:18.340658+00,2025-12-16 05:08:18.340658+00,0
1446,219c8a8d43b8ccb551e11624b83d3a59634cdb6a59d1fc0bbac9b8d012113638,Tradition,en-US,gtts,global/dictionary/t/tradition.mp3,8448,,2025-12-16 05:08:17.070742+00,2025-12-16 05:08:17.070742+00,0
1447,2fb54010d7eda1bd42f70be05124e4f0f7f27d486bca98636f8ecc644c4f1b95,Planet,en-US,gtts,global/dictionary/p/planet.mp3,6720,,2025-12-16 05:08:20.366668+00,2025-12-16 05:08:20.366668+00,0
1448,30c3172ed9a651d4181d383d24578556115a2facc76f5543639383194e520054,Prescription,en-US,gtts,global/dictionary/p/prescription.mp3,9792,,2025-12-16 05:08:20.366862+00,2025-12-16 05:08:20.366862+00,0
1449,68368afa2ec73cd058882dd82ea1ef78778f2202c536c4351a3aac7b7762f733,Festival,en-US,gtts,global/dictionary/f/festival.mp3,8832,,2025-12-16 05:08:20.554781+00,2025-12-16 05:08:20.554781+00,0
1450,e264c69c354583ebc735c81d6ec5ee4b0966b37f856039ed168a5406ef1116d7,Duty,en-US,gtts,global/dictionary/d/duty.mp3,6528,,2025-12-16 05:08:22.10513+00,2025-12-16 05:08:22.10513+00,0
1451,222680bd4eb48a1595e99001048e6192abae6a8cae01195de78c872ae0ac238d,Drug,en-US,gtts,global/dictionary/d/drug.mp3,6336,,2025-12-16 05:08:23.68667+00,2025-12-16 05:08:23.68667+00,0
1452,8e1c564ccc33624a642618f53eab426367534287463bf78dd8d7bfe3b730f80e,Education,en-US,gtts,global/dictionary/e/education.mp3,9600,,2025-12-16 05:08:23.686854+00,2025-12-16 05:08:23.686854+00,0
1453,02bc740775bfad89c9e475102168dec5b51a7dff28dfb4f02f562ae7336ca11d,Event,en-US,gtts,global/dictionary/e/event.mp3,6720,,2025-12-16 05:08:23.686846+00,2025-12-16 05:08:23.686846+00,0
1454,9093619ad68e3c4f673e6abc2f77b1c09ef9e12e1d2a6e8be9256c18ccb65a1a,Cell,en-US,gtts,global/dictionary/c/cell.mp3,7104,,2025-12-16 05:08:25.822582+00,2025-12-16 05:08:25.822582+00,0
1455,24bcae7d229cb29810c05e0f07ea909e3c7ebdadece816640a761aefcfcb7ba1,Official,en-US,gtts,global/dictionary/o/official.mp3,8256,,2025-12-16 05:08:26.533191+00,2025-12-16 05:08:26.533191+00,0
1456,05052b18513535551be446a0ff65911792e628ce7a6a0ebc4e74214d3417089d,Tablet,en-US,gtts,global/dictionary/t/tablet.mp3,7104,,2025-12-16 05:08:26.533502+00,2025-12-16 05:08:26.533502+00,0
1457,42d2f24a697bf12bcad545d42cbcac3956fe1b5a86309fc267a3015e9b0f001a,Critic,en-US,gtts,global/dictionary/c/critic.mp3,6528,,2025-12-16 05:08:26.559586+00,2025-12-16 05:08:26.559586+00,0
1458,4bc61f7065943c155b4acc7671fbb10d4d917616a6655c049ebf237d46bdf7d4,Organism,en-US,gtts,global/dictionary/o/organism.mp3,9216,,2025-12-16 05:08:26.576357+00,2025-12-16 05:08:26.576357+00,0
1459,169b46b1e5cb8ca0e00f1d8dc58e80d2a7b9794d88bcb3a1abe9d671597385bc,Minister,en-US,gtts,global/dictionary/m/minister.mp3,9024,,2025-12-16 05:08:28.951293+00,2025-12-16 05:08:28.951293+00,0
1460,e1a141a48aa497847968b42f681ed7d150e5b160e6611a9a5596bb6cb2e1d6c2,Capsule,en-US,gtts,global/dictionary/c/capsule.mp3,7872,,2025-12-16 05:08:28.966068+00,2025-12-16 05:08:28.966068+00,0
1461,cefa75aaad5e762f44458a1d1f1e68e3b66d9753b5fef0965ba0abbff576f667,DNA,en-US,gtts,global/dictionary/d/dna.mp3,8832,,2025-12-16 05:08:28.998477+00,2025-12-16 05:08:28.998477+00,0
1462,373ea78efa5e4d182ea784e04a2691c7fae20079b01bab6157d26c545c78d735,Population,en-US,gtts,global/dictionary/p/population.mp3,10176,,2025-12-16 05:08:28.973073+00,2025-12-16 05:08:28.973073+00,0
1463,eef60a19365e1209c1a256c09d6b7e623eda6103dc2a0395bf82e5a5b7304a25,Review,en-US,gtts,global/dictionary/r/review.mp3,7488,,2025-12-16 05:08:28.973074+00,2025-12-16 05:08:28.973074+00,0
1464,3ea311853246cada93502d72e954f43205a2588dfda8e9bef6759e27196ad63c,President,en-US,gtts,global/dictionary/p/president.mp3,7872,,2025-12-16 05:08:32.052027+00,2025-12-16 05:08:32.052027+00,0
1465,d33f648d3d9ec64516dd5ffee33b0c1141ab8d6bfaee8fd6894eb6600bb585d6,Gene,en-US,gtts,global/dictionary/g/gene.mp3,7104,,2025-12-16 05:08:32.082616+00,2025-12-16 05:08:32.082616+00,0
1466,bade9928777d126fc00f3605eb34c17c51ce38aa4ce25e7e7de8fca389dc084f,Syrup,en-US,gtts,global/dictionary/s/syrup.mp3,7104,,2025-12-16 05:08:32.082901+00,2025-12-16 05:08:32.082901+00,0
1467,4cc97791d40049c8969c4f93c9837b3296fd5d53baeb632c2a7ba5ff25419b93,Symbol,en-US,gtts,global/dictionary/s/symbol.mp3,7680,,2025-12-16 05:08:32.659433+00,2025-12-16 05:08:32.659433+00,0
1468,8602d4982ba8e5d822d3a90db2279967bc3ce83f02ee98fd45c26946a7ec96dc,Diversity,en-US,gtts,global/dictionary/d/diversity.mp3,9408,,2025-12-16 05:08:32.659436+00,2025-12-16 05:08:32.659436+00,0
1469,2eef43f945253b3be7065ccf567dd15a9fc878dcff02534c9768e8c76e791b4c,Governor,en-US,gtts,global/dictionary/g/governor.mp3,7872,,2025-12-16 05:08:34.062917+00,2025-12-16 05:08:34.062917+00,0
1470,6443849625990b2b9d9e60a0798f3659c3f859c6f917d09d7b2bc7f186eef265,Enzyme,en-US,gtts,global/dictionary/e/enzyme.mp3,8256,,2025-12-16 05:08:35.19514+00,2025-12-16 05:08:35.19514+00,0
1471,85b60e29eb3746ade47e5711af25e3de92ba5f55a0fe48655bba8914d9b7fcdb,Heart,en-US,gtts,global/dictionary/h/heart.mp3,6144,,2025-12-16 05:08:35.214626+00,2025-12-16 05:08:35.214626+00,0
1472,bb1c71e15256457838c6bb47aff4c10d8cd1d6176036829a33ec7515d960b615,Theme,en-US,gtts,global/dictionary/t/theme.mp3,6720,,2025-12-16 05:08:36.324953+00,2025-12-16 05:08:36.324953+00,0
1473,9a3e7a1792202f5576c10123c8e3155921e584403d02b58a26d28ee0381a0edf,Identity,en-US,gtts,global/dictionary/i/identity.mp3,8832,,2025-12-16 05:08:36.884278+00,2025-12-16 05:08:36.884278+00,0
1474,744f1b03de1d4a68270a592233d13e13f184472a63f1d27d372631f7297f5a47,Mayor,en-US,gtts,global/dictionary/m/mayor.mp3,7296,,2025-12-16 05:08:36.884769+00,2025-12-16 05:08:36.884769+00,0
1475,4a05220f6bbd45394be5905933ceaf62315c2b342080dbe6a75674f73cd9187c,Lung,en-US,gtts,global/dictionary/l/lung.mp3,6912,,2025-12-16 05:08:39.136737+00,2025-12-16 05:08:39.136737+00,0
1476,bc1c26c46641c2633332883ea7f74f4cc3d6c2805ec2faf3b6f7e05713fd26f0,Election,en-US,gtts,global/dictionary/e/election.mp3,8448,,2025-12-16 05:08:39.17619+00,2025-12-16 05:08:39.17619+00,0
1477,b0a29a4e603ef526bba8f75258e07f5c3da11a68a1007f83ffe81d7ad23ff5f0,Genre,en-US,gtts,global/dictionary/g/genre.mp3,7296,,2025-12-16 05:08:39.156703+00,2025-12-16 05:08:39.156703+00,0
1478,34b7d30ef2ced1bcd2f45bebbb5e96320d333382cb44730801a5aceb094cf8b9,Matter,en-US,gtts,global/dictionary/m/matter.mp3,7104,,2025-12-16 05:08:41.444042+00,2025-12-16 05:08:41.444042+00,0
1479,8b395e397c6b9b38480ef0a9af787026e54efa6a015b51da7c88469503c279f8,Brain,en-US,gtts,global/dictionary/b/brain.mp3,6912,,2025-12-16 05:08:41.444314+00,2025-12-16 05:08:41.444314+00,0
1480,9fb4d2421a189dca2bf969e01348863889f29f6f124e42ac20bfea814175a922,Style,en-US,gtts,global/dictionary/s/style.mp3,8064,,2025-12-16 05:08:41.485372+00,2025-12-16 05:08:41.485372+00,0
1481,8a1ca6db0852676b2632912613761c632ac143772a1caa7a7fd143443547a105,Vote,en-US,gtts,global/dictionary/v/vote.mp3,5760,,2025-12-16 05:08:42.744521+00,2025-12-16 05:08:42.744521+00,0
1482,f2207604ad028d64bfba419a8d8ee4128702b8a680fc5edec4a4f517d2db00bd,Force,en-US,gtts,global/dictionary/f/force.mp3,8256,,2025-12-16 05:08:43.608516+00,2025-12-16 05:08:43.608516+00,0
1483,057cddfa878d52436b0f7be71d0588df1f466c0813bdf8872290500cca919b17,Medium,en-US,gtts,global/dictionary/m/medium.mp3,7872,,2025-12-16 05:08:45.156963+00,2025-12-16 05:08:45.156963+00,0
1484,4b2470723acf8d90e27c2e01b7e4bdf34c3d89769121c6d07202d428d238434d,Blood,en-US,gtts,global/dictionary/b/blood.mp3,6144,,2025-12-16 05:08:45.157169+00,2025-12-16 05:08:45.157169+00,0
1485,5fbc1248f85b20c02c0702f9f7ba143c4b5772a0fb5a216fd4a2ab235119d1fd,Gravity,en-US,gtts,global/dictionary/g/gravity.mp3,8064,,2025-12-16 05:08:46.448323+00,2025-12-16 05:08:46.448323+00,0
1486,02c6348c48904ae54c29cc0ecdbb63724f2b03f3f5e9ed9ad9408331dab72bad,Corporation,en-US,gtts,global/dictionary/c/corporation.mp3,10176,,2025-12-16 05:08:46.476459+00,2025-12-16 05:08:46.476459+00,0
1487,65dbecd00038e12c656a1c852a017cea4055a92044811e4a38daefd47157619f,Bone,en-US,gtts,global/dictionary/b/bone.mp3,6720,,2025-12-16 05:08:46.489721+00,2025-12-16 05:08:46.489721+00,0
1488,3f8bda7667468efe3f531fe8d2155c498f26079aec7fa3eb2f3bc02e93f3710a,Technique,en-US,gtts,global/dictionary/t/technique.mp3,7680,,2025-12-16 05:08:46.476976+00,2025-12-16 05:08:46.476976+00,0
1489,a96ca620727b24d4e9ac37bea0df40b246dadaa6a1dc67ee32c2634b44192050,Muscle,en-US,gtts,global/dictionary/m/muscle.mp3,7296,,2025-12-16 05:08:48.759619+00,2025-12-16 05:08:48.759619+00,0
1490,d9e646488ac1a07c483dccdf0c8b01e7e13af11310485d2bdf6942fa4a570ee6,Globe,en-US,gtts,global/dictionary/g/globe.mp3,6720,,2025-12-16 05:08:48.746613+00,2025-12-16 05:08:48.746613+00,0
1491,ae4aa6e21701ed640834e3b030c576e8591ffacdde8069fc85ea643b18f05d88,Inspiration,en-US,gtts,global/dictionary/i/inspiration.mp3,10176,,2025-12-16 05:08:48.920084+00,2025-12-16 05:08:48.920084+00,0
1492,b3d8ae4c12ee0a74cbee68c39c3376fb81879332f195e04dd846fe014730917b,Sound,en-US,gtts,global/dictionary/s/sound.mp3,7104,,2025-12-16 05:08:48.939835+00,2025-12-16 05:08:48.939835+00,0
1493,d00e764633dbc84db4db9208aeb97d5a321ebbda09943d3cb8606b78c82a4f46,Organ,en-US,gtts,global/dictionary/o/organ.mp3,6912,,2025-12-16 05:08:51.682442+00,2025-12-16 05:08:51.682442+00,0
1494,28fe708bfafe902d16d1f4296617bd9b4f3d0c5c909472f7c6f260a03f59f314,Creativity,en-US,gtts,global/dictionary/c/creativity.mp3,10560,,2025-12-16 05:08:51.712704+00,2025-12-16 05:08:51.712704+00,0
1495,c82d6814599689e0f5f84a3e848f73998f0a1c60ce623a0b2a0c47957768f51e,Radiation,en-US,gtts,global/dictionary/r/radiation.mp3,9984,,2025-12-16 05:08:53.178953+00,2025-12-16 05:08:53.178953+00,0
1496,4d68985c2a4fb2897e9567943444bc7f92ba3bf2750a9ec74c69b6e2a5643257,Expression,en-US,gtts,global/dictionary/e/expression.mp3,9408,,2025-12-16 05:08:53.186102+00,2025-12-16 05:08:53.186102+00,0
1497,c8779cb80b588f5560902dcd752333e87f4b1f082585e5a841aa8563ebf37edd,Mind,en-US,gtts,global/dictionary/m/mind.mp3,6912,,2025-12-16 05:08:53.918037+00,2025-12-16 05:08:53.918037+00,0
1498,1ef263a59f283764ebbd768aa71f38c27de380f9c6de01f003ad734c7d49b2b2,Beauty,en-US,gtts,global/dictionary/b/beauty.mp3,6720,,2025-12-16 05:08:55.367525+00,2025-12-16 05:08:55.367525+00,0
1499,8329c43d59a1098fbe3fcf08238a3ef52869378139005ca0047c728c8de6fc79,Body,en-US,gtts,global/dictionary/b/body.mp3,6720,,2025-12-16 05:08:55.41707+00,2025-12-16 05:08:55.41707+00,0
1500,1893eaaec02d85f3927747f70233f03d74035f0fad9c6baf95cb27f04638ecf6,Model,en-US,gtts,global/dictionary/m/model.mp3,6912,,2025-12-16 05:08:56.129857+00,2025-12-16 05:08:56.129857+00,0
1501,0d9237c946896c0d462a72f72e3554b306f4bae4d258dbfe7c78b0478fbf0d32,Harmony,en-US,gtts,global/dictionary/h/harmony.mp3,8064,,2025-12-16 05:08:56.961085+00,2025-12-16 05:08:56.961085+00,0
1502,bde418a953a66d50942a6a2aae1b213f97217483e215cf3213142c9eb98d224d,Rhythm,en-US,gtts,global/dictionary/r/rhythm.mp3,6912,,2025-12-16 05:08:58.131767+00,2025-12-16 05:08:58.131767+00,0
1503,c5722894abf13383583d3e40662a098647e31043188e66606efe481e20689d33,Melody,en-US,gtts,global/dictionary/m/melody.mp3,7680,,2025-12-16 05:08:59.171561+00,2025-12-16 05:08:59.171561+00,0
1504,aff3b3df74ed8c360d320c319667d651d82fc990de0651264eb83cf91ec0e24d,Symphony,en-US,gtts,global/dictionary/s/symphony.mp3,8640,,2025-12-16 05:08:59.815086+00,2025-12-16 05:08:59.815086+00,0
1505,11cdbe7b61f4f790b216859d1e70b2263eb0bb0696852a3178f00d4e7d920bc0,Life,en-US,gtts,global/dictionary/l/life.mp3,7104,,2025-12-16 05:14:51.195014+00,2025-12-16 05:14:51.195014+00,0
1506,8636085303d804944c369250f839bb7cd6135f656d1f84ba5e88bedaaa88b539,Death,en-US,gtts,global/dictionary/d/death.mp3,6144,,2025-12-16 05:14:52.501688+00,2025-12-16 05:14:52.501688+00,0
1507,9d911c1eb0b71c30f0a4bd495dfa1c0b60b7da185092522b0b6cae87468baa42,Love,en-US,gtts,global/dictionary/l/love.mp3,6144,,2025-12-16 05:14:53.168657+00,2025-12-16 05:14:53.168657+00,0
1508,ac4738f5a54b5c2d44bffb2efa86681cbeab0f9ee0d618a5e3cf36c2c665a842,Hate,en-US,gtts,global/dictionary/h/hate.mp3,5760,,2025-12-16 05:14:53.866626+00,2025-12-16 05:14:53.866626+00,0
1509,7a11fb05fd3e95eed5ad47f9cce284dfc0866f17ab937c0150131eca2c628a20,Joy,en-US,gtts,global/dictionary/j/joy.mp3,6528,,2025-12-16 05:14:54.792898+00,2025-12-16 05:14:54.792898+00,0
1510,8978d28092117500959133f71cdff561ea93da0047e340eadcef8cec666623cf,Sorrow,en-US,gtts,global/dictionary/s/sorrow.mp3,8064,,2025-12-16 05:14:55.439286+00,2025-12-16 05:14:55.439286+00,0
1511,56d3c881ff486bcb07db44414ec7346b193d5489a6116ec2e6091d50cb3d9b1c,Hope,en-US,gtts,global/dictionary/h/hope.mp3,5376,,2025-12-16 05:14:56.089456+00,2025-12-16 05:14:56.089456+00,0
1512,109fb80b43b6cb7169c37cc352096e5e37a0057ca32c72e5e3b9553fa17e2f97,Fear,en-US,gtts,global/dictionary/f/fear.mp3,6720,,2025-12-16 05:14:57.00041+00,2025-12-16 05:14:57.00041+00,0
1513,246bcc9a2bb97c5909b62ee470bc5fb2ffb840b913d4195deb16ea89b23475f2,Courage,en-US,gtts,global/dictionary/c/courage.mp3,7488,,2025-12-16 05:14:57.631472+00,2025-12-16 05:14:57.631472+00,0
1514,97bf3f016cb9753698f590cee7d05617224e10498a8edc8d01f8f664c885e975,Dream,en-US,gtts,global/dictionary/d/dream.mp3,6912,,2025-12-16 05:14:58.261845+00,2025-12-16 05:14:58.261845+00,0
1515,edc02e5eab61a3be7bb1e8f6631f443fbc2b4592bbe85efafbe93de302ebb2f8,Reality,en-US,gtts,global/dictionary/r/reality.mp3,8832,,2025-12-16 05:14:58.895322+00,2025-12-16 05:14:58.895322+00,0
1516,a292b41844b45d2208d7a63108a8704f1af061f7cc691833734aa15486045f28,Truth,en-US,gtts,global/dictionary/t/truth.mp3,6336,,2025-12-16 05:14:59.560574+00,2025-12-16 05:14:59.560574+00,0
1517,1a5edae7d2bd82f78f41e68586ad6b18c7951822ec3bb1684a34b6d98754339d,Lie,en-US,gtts,global/dictionary/l/lie.mp3,6528,,2025-12-16 05:15:00.20369+00,2025-12-16 05:15:00.20369+00,0
1518,5bb8a38e9b0e226b60cf94593a6b6753fadbbc309b7f6853227eb58cef30fc18,Individual,en-US,gtts,global/dictionary/i/individual.mp3,10176,,2025-12-16 05:15:02.149856+00,2025-12-16 05:15:02.149856+00,0
1519,22afac0ac7b6dd928e87a00a89641b312304a7471831a5d04ae9e5eea1452e4a,Soul,en-US,gtts,global/dictionary/s/soul.mp3,7296,,2025-12-16 05:15:02.802868+00,2025-12-16 05:15:02.802868+00,0
1520,d44c034c58701e655ce5157ef0eecd67bc0042baad26d73e8b1be8fecb68f335,Spirit,en-US,gtts,global/dictionary/s/spirit.mp3,7488,,2025-12-16 05:15:03.882536+00,2025-12-16 05:15:03.882536+00,0
1521,4ec1812378cb3872aa2f4acffd65ae82acbb0fa6d5e488484e8992ec3143ada8,Faith,en-US,gtts,global/dictionary/f/faith.mp3,6528,,2025-12-16 05:15:04.517245+00,2025-12-16 05:15:04.517245+00,0
1522,09881e8b2d2bddf7bdb3acaff0fcd5e284c87b4dd0a35d388f1a581f11214fc8,Doubt,en-US,gtts,global/dictionary/d/doubt.mp3,5760,,2025-12-16 05:15:05.438078+00,2025-12-16 05:15:05.438078+00,0
1523,641a969e1c428b1cd2daf0289320d5e66079a8ec2646d3f6f8daac15160d0fc7,Ignorance,en-US,gtts,global/dictionary/i/ignorance.mp3,9408,,2025-12-16 05:15:06.569198+00,2025-12-16 05:15:06.569198+00,0
1524,e7232e3cac81295c3669c6f8b63ae298272ef8bcd29737299605035ce2a31274,Wisdom,en-US,gtts,global/dictionary/w/wisdom.mp3,7872,,2025-12-16 05:15:07.48325+00,2025-12-16 05:15:07.48325+00,0
1525,2a0be90c9850ebb6881added0eaa1f6199ea94304bdaa9c5b7b427d7a53e4b37,Power,en-US,gtts,global/dictionary/p/power.mp3,7104,,2025-12-16 05:15:08.135209+00,2025-12-16 05:15:08.135209+00,0
1526,42a8104b90ff263d497c3afbd4b456a62d52aff642951d7833647b897bc18fe4,Weakness,en-US,gtts,global/dictionary/w/weakness.mp3,9216,,2025-12-16 05:15:08.753505+00,2025-12-16 05:15:08.753505+00,0
1527,d6d067a731350704a7c08cf033be0d1ea9de0ab3435f0415e0f1c80dc34d8a46,Happiness,en-US,gtts,global/dictionary/h/happiness.mp3,9600,,2025-12-16 05:15:09.723414+00,2025-12-16 05:15:09.723414+00,0
1528,7e63d8ba5b818fbc14485f20588f15e055448b3730831c6f7388b978ccc6433f,Sadness,en-US,gtts,global/dictionary/s/sadness.mp3,9408,,2025-12-16 05:15:10.388111+00,2025-12-16 05:15:10.388111+00,0
1529,2be8aec076768d73119cbb039e4f7fd939e854b084dd40e580dda68d3ea54c26,Meaning,en-US,gtts,global/dictionary/m/meaning.mp3,7104,,2025-12-16 05:15:11.517869+00,2025-12-16 05:15:11.517869+00,0
1530,f1a597af4ed00e2583d0abb3676485dfea9ee460dfe660d77aa46468d832cf88,Choice,en-US,gtts,global/dictionary/c/choice.mp3,7680,,2025-12-16 05:15:12.432013+00,2025-12-16 05:15:12.432013+00,0
1531,bb675d1e2b7ca4249e5a870c92e32b1319e705db623a45bf09cb37d9d1f60013,Guilt,en-US,gtts,global/dictionary/g/guilt.mp3,5760,,2025-12-16 05:15:13.297609+00,2025-12-16 05:15:13.297609+00,0
1532,bcfb42d80ca4d2e8c7d7ba880973f7a0f4d5647d3b016ceb557337c459e29e12,Innocence,en-US,gtts,global/dictionary/i/innocence.mp3,9792,,2025-12-16 05:15:13.92651+00,2025-12-16 05:15:13.92651+00,0
1533,1259af2568bd1b850ca40565210e1a7aab89de37452677016178a234e2ebcd1f,Pleasure,en-US,gtts,global/dictionary/p/pleasure.mp3,7680,,2025-12-16 05:15:15.911229+00,2025-12-16 05:15:15.911229+00,0
1534,cacec437b40206861f4a941db45bfe126bbbf15da9cd3ed58af9b616e7fa093b,Desire,en-US,gtts,global/dictionary/d/desire.mp3,8832,,2025-12-16 05:15:16.555472+00,2025-12-16 05:15:16.555472+00,0
1535,a5e6516144092a0c80b37d4794aa282d38e3cc740586051d8301c06dbf578ab7,Loneliness,en-US,gtts,global/dictionary/l/loneliness.mp3,10176,,2025-12-16 05:15:17.486782+00,2025-12-16 05:15:17.486782+00,0
1536,8c19dba8e48811e8b7a4f0e092233350ca744588febdde82b93c563f48c7e3fd,Struggle,en-US,gtts,global/dictionary/s/struggle.mp3,7872,,2025-12-16 05:15:18.850964+00,2025-12-16 05:15:18.850964+00,0
1537,895ed17522c29adb8d6069268a6cf245245bbf4c4593384576a3493b94fb65ed,Always,en-US,gtts,global/dictionary/a/always.mp3,8640,,2025-12-16 05:17:07.408583+00,2025-12-16 05:17:07.408583+00,0
1538,269ca3dd9a0c893bcc5e6897255b1a97a5fbebfddc069d405ac897b9ad98eebe,Usually,en-US,gtts,global/dictionary/u/usually.mp3,8640,,2025-12-16 05:17:08.058434+00,2025-12-16 05:17:08.058434+00,0
1539,31fbcde0eee36dab166e1cb7e882b47d746b5067837f00e6364c30ed5e85af41,Frequently,en-US,gtts,global/dictionary/f/frequently.mp3,9024,,2025-12-16 05:17:08.702602+00,2025-12-16 05:17:08.702602+00,0
1540,e8ba4ed2d31bbce0a30ba04048e6538539e01b4f964370d52634e24687cccccd,Often,en-US,gtts,global/dictionary/o/often.mp3,6912,,2025-12-16 05:17:09.337158+00,2025-12-16 05:17:09.337158+00,0
1541,b33647ed50de5242afc56a03628a939a26a002dbe1e27e4dd44091533fc0714f,Sometimes,en-US,gtts,global/dictionary/s/sometimes.mp3,10560,,2025-12-16 05:17:09.980795+00,2025-12-16 05:17:09.980795+00,0
1542,a8ee02c99434cb8ba41f85036716e0af1ca7757c06679af44a31e7cb94799dcc,Quickly,en-US,gtts,global/dictionary/q/quickly.mp3,7296,,2025-12-16 05:17:10.579624+00,2025-12-16 05:17:10.579624+00,0
1543,d10d0b4c506c402cc00d44f570fdf1ffd6edea71ac8cf85141c7a78296e366f5,Occasionally,en-US,gtts,global/dictionary/o/occasionally.mp3,9984,,2025-12-16 05:17:10.627172+00,2025-12-16 05:17:10.627172+00,0
1544,54e7dfd97b96a76a752993094940edd7b01600ebf75861a75ccac43ff4dac573,Slowly,en-US,gtts,global/dictionary/s/slowly.mp3,8064,,2025-12-16 05:17:12.320386+00,2025-12-16 05:17:12.320386+00,0
1545,82256f1ef5bf9338bcb4216f63205ff81802245af7c09c4bff682df8ca5e1697,Rarely,en-US,gtts,global/dictionary/r/rarely.mp3,7296,,2025-12-16 05:17:12.361091+00,2025-12-16 05:17:12.361091+00,0
1546,559f3063247d50aa67a8ec27aafbb865c13f2932083cb0e7e1710e1fe9774136,Happily,en-US,gtts,global/dictionary/h/happily.mp3,7680,,2025-12-16 05:17:13.497764+00,2025-12-16 05:17:13.497764+00,0
1547,ddb2a5f4eb3a73667840800a188ca6ed7eee20a82c422a0fa321588cb3b99675,Seldom,en-US,gtts,global/dictionary/s/seldom.mp3,7680,,2025-12-16 05:17:13.540483+00,2025-12-16 05:17:13.540483+00,0
1548,55fdffc985394022d9965d0f9781ff9e1131a03a8b8a7c3a80f5e07a2240d8f7,Sadly,en-US,gtts,global/dictionary/s/sadly.mp3,8064,,2025-12-16 05:17:14.657463+00,2025-12-16 05:17:14.657463+00,0
1549,d2dc3606159540d2625eb178faf6399d6db6c84a4482da87da14143d605e2116,Much,en-US,gtts,global/dictionary/m/much.mp3,7104,,2025-12-16 05:17:14.657673+00,2025-12-16 05:17:14.657673+00,0
1550,e07d37eaf761bb0db9ccdbff74cf1deca4eaaf5000df3938d7188eaf284afa05,Hardly ever,en-US,gtts,content/adverbs/level_301/word/hardly-ever_e07d37ea.mp3,10176,,2025-12-16 05:17:14.698816+00,2025-12-16 05:17:14.698816+00,0
1551,4fdd39369cb63a34d20eafa3c93cf0a063d10cc989222ed02177c1ad9a586a52,Angrily,en-US,gtts,global/dictionary/a/angrily.mp3,8064,,2025-12-16 05:17:16.506125+00,2025-12-16 05:17:16.506125+00,0
1552,bd4ba392bb9e4bf82a647df3708c9d15ffc475b707633cec03b3a8f01a77facb,However,en-US,gtts,global/dictionary/h/however.mp3,8256,,2025-12-16 05:17:16.512925+00,2025-12-16 05:17:16.512925+00,0
1553,fa9b93f7de7970ac9be45ce6f76eece2b62bf0db2d3f11495c67a1e9ae125c34,Never,en-US,gtts,global/dictionary/n/never.mp3,7296,,2025-12-16 05:17:16.547669+00,2025-12-16 05:17:16.547669+00,0
1554,ed9210a09018777502b77bf722ec47ff3078418a2fc318f4fd3d383ce60d364c,Very,en-US,gtts,global/dictionary/v/very.mp3,6912,,2025-12-16 05:17:16.535074+00,2025-12-16 05:17:16.535074+00,0
1555,958db9204e2305aae98d7dc49aaf37cb87ef58b305905d24142837437c0210c0,Carefully,en-US,gtts,global/dictionary/c/carefully.mp3,8064,,2025-12-16 05:17:19.357432+00,2025-12-16 05:17:19.357432+00,0
1556,901e4a7167627668f7813926e5349fe497ebd7a971e1158693c887a501a583d8,Therefore,en-US,gtts,global/dictionary/t/therefore.mp3,8256,,2025-12-16 05:17:19.385913+00,2025-12-16 05:17:19.385913+00,0
1557,48c23adcd699d39599e57ca1f299277f33b455766defa8acd24c9853742efb36,Too,en-US,gtts,global/dictionary/t/too.mp3,5952,,2025-12-16 05:17:20.234808+00,2025-12-16 05:17:20.234808+00,0
1558,2ebbaab21d9ce9b29b960ddfb3b98dae0d969279495ce6c9a9ae1ff531de40a8,Carelessly,en-US,gtts,global/dictionary/c/carelessly.mp3,9408,,2025-12-16 05:17:21.199851+00,2025-12-16 05:17:21.199851+00,0
1559,9570d15434ace222de3ec79372a0d4662840244b416f29591e416307a755ed9f,Certainly,en-US,gtts,global/dictionary/c/certainly.mp3,8448,,2025-12-16 05:17:21.199851+00,2025-12-16 05:17:21.199851+00,0
1560,01a86eb866a08a502153167dd862f8b82d18d0079f3ffe3ffc6d26cf73e49156,Weekly,en-US,gtts,global/dictionary/w/weekly.mp3,7488,,2025-12-16 05:17:21.221793+00,2025-12-16 05:17:21.221793+00,0
1561,82dfd1184b103b0c52599227b6568ee83a11eeebf15cb866990aa5acef7c15ec,Moreover,en-US,gtts,global/dictionary/m/moreover.mp3,9024,,2025-12-16 05:17:22.869951+00,2025-12-16 05:17:22.869951+00,0
1562,8ef5a4218f00b4efe774f2dee383d5693fe8c61b1d700126fae8cacad305cb43,Enough,en-US,gtts,global/dictionary/e/enough.mp3,6912,,2025-12-16 05:17:23.737771+00,2025-12-16 05:17:23.737771+00,0
1563,59c8b77b3b6c70012b2ee67ddec58fbefc6205da91cc4880024583954aa09157,Surely,en-US,gtts,global/dictionary/s/surely.mp3,7488,,2025-12-16 05:17:23.738283+00,2025-12-16 05:17:23.738283+00,0
1564,b4009cf6a45edac24b6fe90cb7a85caa0d85520b060c840d9c548081cbbb943f,Easily,en-US,gtts,global/dictionary/e/easily.mp3,7488,,2025-12-16 05:17:23.759382+00,2025-12-16 05:17:23.759382+00,0
1565,6a71e978a36e603d41431b189c0c5253588759bb44d82aa992cdb75292f493c3,Monthly,en-US,gtts,global/dictionary/m/monthly.mp3,7680,,2025-12-16 05:17:25.965089+00,2025-12-16 05:17:25.965089+00,0
1566,b04f4033e03192f10220c4c4729e2b60e1332c44797a10d9481dfe89eaac0833,Furthermore,en-US,gtts,global/dictionary/f/furthermore.mp3,9024,,2025-12-16 05:17:26.518282+00,2025-12-16 05:17:26.518282+00,0
1567,e1427cf3e5bf2d2f31349d203c8c018913361e72a9391d2fd53ada430699c5f2,Loudly,en-US,gtts,global/dictionary/l/loudly.mp3,7872,,2025-12-16 05:17:27.141972+00,2025-12-16 05:17:27.141972+00,0
1568,ce179fd687cc747c20fa2d48b843358cdf3b9704b4346124ec8a8589d284ffbc,Undoubtedly,en-US,gtts,global/dictionary/u/undoubtedly.mp3,9600,,2025-12-16 05:17:27.141972+00,2025-12-16 05:17:27.141972+00,0
1569,f8080878474e73353f6dec64c1baa7a4fd452e0a859e4c437133f157cbee6d25,Quite,en-US,gtts,global/dictionary/q/quite.mp3,6144,,2025-12-16 05:17:27.142459+00,2025-12-16 05:17:27.142459+00,0
1570,6c23a2c7215d8a078152165c8f75ce1242e6f3a3c9dbfa5d255b7d15c45c7b85,Yearly,en-US,gtts,global/dictionary/y/yearly.mp3,7488,,2025-12-16 05:17:29.943846+00,2025-12-16 05:17:29.943846+00,0
1571,b5cfd4c7aea49e6c505af16897d5e64c6c971019050b27fd0407d9ef2e53a8bd,Consequently,en-US,gtts,global/dictionary/c/consequently.mp3,10560,,2025-12-16 05:17:29.944098+00,2025-12-16 05:17:29.944098+00,0
1572,8731be159ed1b6d6c3a99b5b4493c584532c3234da8fb3377004395fa3be2f11,Absolutely,en-US,gtts,global/dictionary/a/absolutely.mp3,10176,,2025-12-16 05:17:29.990975+00,2025-12-16 05:17:29.990975+00,0
1573,ccc88bdb9d3f27be71067a79127cff42d0cff15689b50a6ef591a0036a59ab68,Quietly,en-US,gtts,global/dictionary/q/quietly.mp3,8256,,2025-12-16 05:17:29.971574+00,2025-12-16 05:17:29.971574+00,0
1574,18077d8cbc3dc9ea13b75df036b398b04eb3e1747beac0af4129f3832ab79166,Rather,en-US,gtts,global/dictionary/r/rather.mp3,7488,,2025-12-16 05:17:31.695733+00,2025-12-16 05:17:31.695733+00,0
1575,5d40ba491ad49cb50448eb1a34bb0f76cec3397c3ad3cb00439784f3418a5039,Definitely,en-US,gtts,global/dictionary/d/definitely.mp3,8832,,2025-12-16 05:17:33.904921+00,2025-12-16 05:17:33.904921+00,0
1576,64fb20eae752c2df9fdbbb3b6b28164510bc55efabc66c505ef3a2c2e0f61139,Nevertheless,en-US,gtts,global/dictionary/n/nevertheless.mp3,10944,,2025-12-16 05:17:33.904921+00,2025-12-16 05:17:33.904921+00,0
1577,f9c16ebda040a6f2f9bb744e7b16b64da9e760629f4ec90cbe470e5085ffe7af,Gently,en-US,gtts,global/dictionary/g/gently.mp3,7296,,2025-12-16 05:17:33.905396+00,2025-12-16 05:17:33.905396+00,0
1578,51183f355c75cccec46f9084de4061f549202662685e51019c926431a830c1d9,Annually,en-US,gtts,global/dictionary/a/annually.mp3,8448,,2025-12-16 05:17:35.218567+00,2025-12-16 05:17:35.218567+00,0
1579,6836e6a90f64e0cd00755746aaacd7eadd9b54d2a66da3308ee3c69dc00afd60,Clearly,en-US,gtts,global/dictionary/c/clearly.mp3,7488,,2025-12-16 05:17:35.771532+00,2025-12-16 05:17:35.771532+00,0
1580,1a9fb6fffd4d692c123f1c3f558c50214cb1b166b5a28547d35bc7c2efd725e1,So,en-US,gtts,global/dictionary/s/so.mp3,6912,,2025-12-16 05:17:35.218699+00,2025-12-16 05:17:35.218699+00,0
1581,b3793f87e0bb114fcea9a28beda7342cbd99c5e6557a87cb334f35c833a7d303,Nonetheless,en-US,gtts,global/dictionary/n/nonetheless.mp3,10560,,2025-12-16 05:17:35.792776+00,2025-12-16 05:17:35.792776+00,0
1582,6a4f7c013dcc619b977ae3aeab620571fa87db687384a3d7d52036f45653e0d0,Roughly,en-US,gtts,global/dictionary/r/roughly.mp3,7488,,2025-12-16 05:17:37.979211+00,2025-12-16 05:17:37.979211+00,0
1583,4c5a3cf410f23640dfa133d256d37bfff0c02ffe1d6392cd5c4137a464313cd0,Obviously,en-US,gtts,global/dictionary/o/obviously.mp3,9600,,2025-12-16 05:17:38.545289+00,2025-12-16 05:17:38.545289+00,0
1584,4251fd5153abbbc4f9220e1ae5fd7e4e4fa4f33de48f88b4f0dc2a7b87e289a7,Regularly,en-US,gtts,global/dictionary/r/regularly.mp3,9600,,2025-12-16 05:17:38.544968+00,2025-12-16 05:17:38.544968+00,0
1585,414edb040349e390c4e0eae6425ffb19fa4d2c7a0a181dfa739c0061517aaac8,Hardly,en-US,gtts,global/dictionary/h/hardly.mp3,7488,,2025-12-16 05:17:38.566685+00,2025-12-16 05:17:38.566685+00,0
1586,73d865d8e1bedd7367512cb17875b00b11f603e9ea4cf60269f1fe8678027f5b,Additionally,en-US,gtts,global/dictionary/a/additionally.mp3,9600,,2025-12-16 05:17:40.503746+00,2025-12-16 05:17:40.503746+00,0
1587,bdc2afa94fc6e31c2bd977a2d95003ecea25a70d32d1c081b5bfb27cf140f952,Bravely,en-US,gtts,global/dictionary/b/bravely.mp3,7680,,2025-12-16 05:17:41.076483+00,2025-12-16 05:17:41.076483+00,0
1588,d4724b84837509378c1667a7b365969e33d577c0ea4ed99455ae3afc9d754233,Constantly,en-US,gtts,global/dictionary/c/constantly.mp3,9600,,2025-12-16 05:17:41.942355+00,2025-12-16 05:17:41.942355+00,0
1589,7dd38fa6ff97a7c8c0b6597865b2a6805673f9901e350419f894322d3057d17f,Evidently,en-US,gtts,global/dictionary/e/evidently.mp3,9216,,2025-12-16 05:17:41.076671+00,2025-12-16 05:17:41.076671+00,0
1590,8e4705d0b8ff47a7069a8177279fbe6c23f5cb992d220c80da288f79cf9fb65f,Scarcely,en-US,gtts,global/dictionary/s/scarcely.mp3,9216,,2025-12-16 05:17:41.942843+00,2025-12-16 05:17:41.942843+00,0
1591,fffac66e0f80f9edc9aa759efaa78b8b23617349640af058a5a5b83bdc423545,Subsequently,en-US,gtts,global/dictionary/s/subsequently.mp3,10944,,2025-12-16 05:17:44.205972+00,2025-12-16 05:17:44.205972+00,0
1592,95d1face34d48fd484e9730eb92ad60a4956830d60f450ee46c5e86e5a5f9b8d,Continuously,en-US,gtts,global/dictionary/c/continuously.mp3,11136,,2025-12-16 05:17:44.774033+00,2025-12-16 05:17:44.774033+00,0
1593,29d8854f32a4b179c00bcb9d5c23d41992eb61c13d9f6fe1c3c51ab50ea4afff,Honestly,en-US,gtts,global/dictionary/h/honestly.mp3,8640,,2025-12-16 05:17:44.774342+00,2025-12-16 05:17:44.774342+00,0
1594,d76b3e956b3eae7ffe3f804aab295a36a5b67c9e5a8b71d4777ae2963c917c00,Indeed,en-US,gtts,global/dictionary/i/indeed.mp3,7296,,2025-12-16 05:17:45.355539+00,2025-12-16 05:17:45.355539+00,0
1595,933fe8c21fadd6cc8554081313b4de36a28e5d505b6093f8f51b4c3e90835ecc,Barely,en-US,gtts,global/dictionary/b/barely.mp3,6912,,2025-12-16 05:17:45.362076+00,2025-12-16 05:17:45.362076+00,0
1596,6da02350623ba35a72f30179a05cd5aadf65e2fa99175098be995702548a6142,Previously,en-US,gtts,global/dictionary/p/previously.mp3,9792,,2025-12-16 05:17:47.322843+00,2025-12-16 05:17:47.322843+00,0
1597,9ee438e34129ff5a282a2aa37eb225b2ca08880cf81d83d023a10e21c8e044b5,Politely,en-US,gtts,global/dictionary/p/politely.mp3,8256,,2025-12-16 05:17:47.938521+00,2025-12-16 05:17:47.938521+00,0
1598,3e97047341a512ef14922afe383b8a68cb24423cd4d80f9e969b85b84b888080,Intermittently,en-US,gtts,global/dictionary/i/intermittently.mp3,10560,,2025-12-16 05:17:47.938844+00,2025-12-16 05:17:47.938844+00,0
1599,f73b76e174d875303bcfa8707965332652a131558d27558505052b342dd1d979,Precisely,en-US,gtts,global/dictionary/p/precisely.mp3,9600,,2025-12-16 05:17:47.958521+00,2025-12-16 05:17:47.958521+00,0
1600,c1f7bc1e4f6dbb1ddf756711a4bf0c9ab0db81256686f1686f35a7df2c288051,Almost,en-US,gtts,global/dictionary/a/almost.mp3,8448,,2025-12-16 05:17:50.485162+00,2025-12-16 05:17:50.485162+00,0
1601,238e9b6fd51890604def44ba45378ecdf01ad93c9fda0645928c1bb523c63401,Similarly,en-US,gtts,global/dictionary/s/similarly.mp3,9408,,2025-12-16 05:17:50.485695+00,2025-12-16 05:17:50.485695+00,0
1602,7bbaf5c4b99e72ef605e3172953340267ee03eb4dd8720f156d66829517eb435,Rudely,en-US,gtts,global/dictionary/r/rudely.mp3,7488,,2025-12-16 05:17:50.511003+00,2025-12-16 05:17:50.511003+00,0
1603,582293d67972907f51cec4e5c3a2f0b55b3a14e69d55f9ac737e0d864846f52e,Repeatedly,en-US,gtts,global/dictionary/r/repeatedly.mp3,9408,,2025-12-16 05:17:51.673455+00,2025-12-16 05:17:51.673455+00,0
1604,53ba383de3a7382b3fe6a00d93773a723797280b50cea02f498f1dfbc533e431,Exactly,en-US,gtts,global/dictionary/e/exactly.mp3,8640,,2025-12-16 05:17:51.673606+00,2025-12-16 05:17:51.673606+00,0
1605,7f5ab59db7e1ffb34aea9a49cb018ac11886400fe410c1264b0985a6b28b1435,Nearly,en-US,gtts,global/dictionary/n/nearly.mp3,7488,,2025-12-16 05:17:52.221739+00,2025-12-16 05:17:52.221739+00,0
1606,32afcf311073f5550a250c24e2770a93ca05659ee62754a5feac43ec0774d7e2,Well,en-US,gtts,global/dictionary/w/well.mp3,6528,,2025-12-16 05:17:54.757861+00,2025-12-16 05:17:54.757861+00,0
1607,87ecd39c9c0f70a4a9bb293480a3cc6ffd1525def71a4c80b77419bd9f941d6e,Likewise,en-US,gtts,global/dictionary/l/likewise.mp3,9792,,2025-12-16 05:17:54.758374+00,2025-12-16 05:17:54.758374+00,0
1608,2ce918880140c6b05eefae8c59c30488ffb9b2a9e5c1b6db0cca4785d458f4e9,Completely,en-US,gtts,global/dictionary/c/completely.mp3,9216,,2025-12-16 05:17:54.805027+00,2025-12-16 05:17:54.805027+00,0
1609,9aa1314629f00b236897f28310abff148c239fccb81b974d6f9a9881f05286ea,Sporadically,en-US,gtts,global/dictionary/s/sporadically.mp3,10560,,2025-12-16 05:17:54.785974+00,2025-12-16 05:17:54.785974+00,0
1610,d5ae3175955e81cc365defc07dd5a87765c9e2aeacd02a948113ad28c89e3166,Unquestionably,en-US,gtts,global/dictionary/u/unquestionably.mp3,12096,,2025-12-16 05:17:54.786127+00,2025-12-16 05:17:54.786127+00,0
1611,1271585f83d07421e2a3439a6d1ccf827810ecd4e84839a1693f8c71df0bc72a,Badly,en-US,gtts,global/dictionary/b/badly.mp3,7488,,2025-12-16 05:17:57.597952+00,2025-12-16 05:17:57.597952+00,0
1612,3e4e9159af1ea02bb8e3929571e5ad0e821b48b16e5c9436ed578e90c84d467b,Conversely,en-US,gtts,global/dictionary/c/conversely.mp3,9600,,2025-12-16 05:17:57.598451+00,2025-12-16 05:17:57.598451+00,0
1613,a2666c3d962046583369fe3dda7681aca9a743ba2f1d85d2e5fd43a3c1c07a95,Totally,en-US,gtts,global/dictionary/t/totally.mp3,7680,,2025-12-16 05:17:57.619582+00,2025-12-16 05:17:57.619582+00,0
1614,2e1f5b3b22e4f8539494c6583ac167dd8cd7a6b753a757232bbf0593cfc2e2e1,Indisputably,en-US,gtts,global/dictionary/i/indisputably.mp3,11328,,2025-12-16 05:17:57.639487+00,2025-12-16 05:17:57.639487+00,0
1615,a0e2c3e35cb8b0243ab39dd16ac10f6554b572b3d1e2d7df96366482d445bdd1,Generally,en-US,gtts,global/dictionary/g/generally.mp3,8448,,2025-12-16 05:17:57.6328+00,2025-12-16 05:17:57.6328+00,0
1616,bc24edd2dc01c3307ebc111f6d2668185ba7171057d7e37915bd5fe6c96a71fd,Plainly,en-US,gtts,global/dictionary/p/plainly.mp3,7680,,2025-12-16 05:18:01.002627+00,2025-12-16 05:18:01.002627+00,0
1617,f9a32dc7533554504c7e916ee810aec0baa1e387c6e76ad94b81c1f8282fc89c,Poorly,en-US,gtts,global/dictionary/p/poorly.mp3,7104,,2025-12-16 05:18:01.46439+00,2025-12-16 05:18:01.46439+00,0
1618,7dec584d2148813ad058178abbec8ed31f19ebb5f56b2efb4449be85260f762c,Normally,en-US,gtts,global/dictionary/n/normally.mp3,7872,,2025-12-16 05:18:01.458146+00,2025-12-16 05:18:01.458146+00,0
1619,f12c1df36ce030fb107b8041f961b0b7697da293de4aa85cde49dcc3be0abca6,Extremely,en-US,gtts,global/dictionary/e/extremely.mp3,9600,,2025-12-16 05:18:02.295516+00,2025-12-16 05:18:02.295516+00,0
1620,ba647a2a1528a19809239edf6e3afe4108fa4636c8ee728e3cbd7464c8911107,Frankly,en-US,gtts,global/dictionary/f/frankly.mp3,8256,,2025-12-16 05:18:04.436534+00,2025-12-16 05:18:04.436534+00,0
1621,fb4f80a888c4c46f2ed368fce75b0db5bda12f9e736a822d7b2adc774209defb,Wisely,en-US,gtts,global/dictionary/w/wisely.mp3,8256,,2025-12-16 05:18:04.437025+00,2025-12-16 05:18:04.437025+00,0
1622,53cfe056b41f6a32d0c94f343d48d767d22bd446c10a272e6dadf4cee2591da9,Highly,en-US,gtts,global/dictionary/h/highly.mp3,7296,,2025-12-16 05:18:04.462448+00,2025-12-16 05:18:04.462448+00,0
1623,abcbbf67ed24b7c0bbc5cd623b2251b3c250c8c02db53aa98a443f01e4f472ad,Typically,en-US,gtts,global/dictionary/t/typically.mp3,8256,,2025-12-16 05:18:04.462758+00,2025-12-16 05:18:04.462758+00,0
1624,ea89bf8c7d1c8190445926545f149f292d935c902fca22efc25fb5655ca05bd5,Deeply,en-US,gtts,global/dictionary/d/deeply.mp3,7296,,2025-12-16 05:18:06.898906+00,2025-12-16 05:18:06.898906+00,0
1625,c74d1d6cacc6c69a3ab27eec5cfb2b1d5639e4ee41a00b064f7500b1b082b0d6,Foolishly,en-US,gtts,global/dictionary/f/foolishly.mp3,9216,,2025-12-16 05:18:06.893005+00,2025-12-16 05:18:06.893005+00,0
1626,5f3323104d6ceb0a56446796b9a6a16af029473544cfe0e2f7f67cbc9b07d700,Personally,en-US,gtts,global/dictionary/p/personally.mp3,8640,,2025-12-16 05:18:08.309798+00,2025-12-16 05:18:08.309798+00,0
1627,e401fc3fe0933c54fa9a0339cffbeed988fb4c4d74fb9077d0d269de2863ef4c,Commonly,en-US,gtts,global/dictionary/c/commonly.mp3,8256,,2025-12-16 05:18:08.310118+00,2025-12-16 05:18:08.310118+00,0
1628,11f87097f7b16aaa5738748dc8ce9c93b8fb44f9f9bddb9ff794460730fd6f9d,Greatly,en-US,gtts,global/dictionary/g/greatly.mp3,7296,,2025-12-16 05:18:08.350418+00,2025-12-16 05:18:08.350418+00,0
1629,6ced26c5f774724fb6005049fd32e283ec5055f1a0fee3b00a6fa2352e78f9e8,Specifically,en-US,gtts,global/dictionary/s/specifically.mp3,11136,,2025-12-16 05:18:08.338068+00,2025-12-16 05:18:08.338068+00,0
1630,078fe2672a8de0cd6ec087be6090f36aaff7579c049905d6725d7b94080f7a02,Firmly,en-US,gtts,global/dictionary/f/firmly.mp3,7680,,2025-12-16 05:18:09.454717+00,2025-12-16 05:18:09.454717+00,0
1631,d6fd59f45f02c2f473701c26bac9e44515231836449c61b74d739c116c847678,Confidently,en-US,gtts,global/dictionary/c/confidently.mp3,10176,,2025-12-16 05:18:10.640178+00,2025-12-16 05:18:10.640178+00,0
1632,54c2c94468c157cf9fb3b1091cf3e44b81400dd8a0506214c7c52e81b6a03fbc,Habitually,en-US,gtts,global/dictionary/h/habitually.mp3,9984,,2025-12-16 05:18:11.221112+00,2025-12-16 05:18:11.221112+00,0
1633,05fd63c20138dd6283fb1f34c81a549034f08ef592446b1bee1b63a8078a973d,Slightly,en-US,gtts,global/dictionary/s/slightly.mp3,8448,,2025-12-16 05:18:11.221401+00,2025-12-16 05:18:11.221401+00,0
1634,1b7eb3ba00a526e30112ec1dfbdf566d47341ebb3e8ca8cb19b82303742467d0,Particularly,en-US,gtts,global/dictionary/p/particularly.mp3,10560,,2025-12-16 05:18:13.470173+00,2025-12-16 05:18:13.470173+00,0
1635,f9441f5e949b0564d58842c515278b55377cfd8a7735fe5ecf22bc9edd2e7903,Softly,en-US,gtts,global/dictionary/s/softly.mp3,8448,,2025-12-16 05:18:13.470155+00,2025-12-16 05:18:13.470155+00,0
1636,ec6738feb07b54d51f4292ab148f9ca61fb517bab6edff5a5852d483740233fa,Periodically,en-US,gtts,global/dictionary/p/periodically.mp3,10560,,2025-12-16 05:18:13.502042+00,2025-12-16 05:18:13.502042+00,0
1637,7ccb9f9e7ac24b570d8c7f2c3d7b569c2acea36c9e886c12c98ecd90694f7711,Minimally,en-US,gtts,global/dictionary/m/minimally.mp3,8448,,2025-12-16 05:18:13.515335+00,2025-12-16 05:18:13.515335+00,0
1638,e5262f9b17198c38ccc32ae3d6f34b6053944a969bccf5b459d8712b3586a6e3,Remarkably,en-US,gtts,global/dictionary/r/remarkably.mp3,9984,,2025-12-16 05:18:13.502063+00,2025-12-16 05:18:13.502063+00,0
1639,f1bffc7f0bc13f134aab1eb2c8b601386299f074108e5a9315baa2649056816d,Hence,en-US,gtts,global/dictionary/h/hence.mp3,7872,,2025-12-16 05:18:17.548219+00,2025-12-16 05:18:17.548219+00,0
1640,ccff04bcd8c8d0b12272ae2b98f18c17189bbb83421c861ae84c2c0a80a7c8c5,Mostly,en-US,gtts,global/dictionary/m/mostly.mp3,8256,,2025-12-16 05:18:17.593499+00,2025-12-16 05:18:17.593499+00,0
1641,e68a843065391a5507654b917afc65caf5e9549be5a6dce56439015efcc55065,Continually,en-US,gtts,global/dictionary/c/continually.mp3,10176,,2025-12-16 05:18:17.575794+00,2025-12-16 05:18:17.575794+00,0
1642,d53328374f717dc933a68b9fdeeb14829f9d094443c57a1c513f2e9d62408cba,Surprisingly,en-US,gtts,global/dictionary/s/surprisingly.mp3,10944,,2025-12-16 05:18:18.156835+00,2025-12-16 05:18:18.156835+00,0
1643,83a1843a4ac15070e2a5a4ac08c211f1e4ee591dd606b0677d27cd652432e78e,Strongly,en-US,gtts,global/dictionary/s/strongly.mp3,8448,,2025-12-16 05:18:17.576324+00,2025-12-16 05:18:17.576324+00,0
1644,fa2778d682058675a6890902ea8b1f89979c8dee1c0ba78e4e21971c00754306,Thus,en-US,gtts,global/dictionary/t/thus.mp3,7296,,2025-12-16 05:18:20.66516+00,2025-12-16 05:18:20.66516+00,0
1645,d03e5952c6d161111db893d533aaa0b3d6cf268d3a376c80503b88d0a96eec42,Once,en-US,gtts,global/dictionary/o/once.mp3,7872,,2025-12-16 05:18:20.694757+00,2025-12-16 05:18:20.694757+00,0
1646,682b662bbff54359ca651da036f9e42b68167eb542f3d6faac4e7d745eeb9e54,Mainly,en-US,gtts,global/dictionary/m/mainly.mp3,7488,,2025-12-16 05:18:20.695108+00,2025-12-16 05:18:20.695108+00,0
1647,aaaa2a25f24c3385771ce7deb71ddf8ff33d212a1868625fa6acbe31f0504913,Strangely,en-US,gtts,global/dictionary/s/strangely.mp3,9408,,2025-12-16 05:18:20.714255+00,2025-12-16 05:18:20.714255+00,0
1648,703c7b157a1accf2ce9551dc01d7e9c5dcd18ed6cd9e66c5beab72a62b3d6d82,Weakly,en-US,gtts,global/dictionary/w/weakly.mp3,7488,,2025-12-16 05:18:21.28935+00,2025-12-16 05:18:21.28935+00,0
1649,4af8557781a036360354d3027b74d9db9c3837d819240addf1ff3fb5aaa28ef3,Accordingly,en-US,gtts,global/dictionary/a/accordingly.mp3,9600,,2025-12-16 05:18:22.926623+00,2025-12-16 05:18:22.926623+00,0
1650,157ced197ecc676fbf54741f2d5d662e9f0d2c5b13a497a60839fbe1ee1bcd6b,Twice,en-US,gtts,global/dictionary/t/twice.mp3,8064,,2025-12-16 05:18:23.770667+00,2025-12-16 05:18:23.770667+00,0
1651,4aea7dadd9b4c6cd1340371887af1910952a700c72479b908c949f76aef810e2,Luckily,en-US,gtts,global/dictionary/l/luckily.mp3,7872,,2025-12-16 05:18:23.770956+00,2025-12-16 05:18:23.770956+00,0
1652,9a12a59d5d59e5389510a12f648f7ac8eaab10c5249978b967850971874aee4c,Partially,en-US,gtts,global/dictionary/p/partially.mp3,8064,,2025-12-16 05:18:23.770646+00,2025-12-16 05:18:23.770646+00,0
1653,5d2c1c3bbcbc492c02f0788921976597fdff7f5172f12e3a692574dd338fb484,Finally,en-US,gtts,global/dictionary/f/finally.mp3,7680,,2025-12-16 05:18:26.618084+00,2025-12-16 05:18:26.618084+00,0
1654,0edd53e333f9763a0036c0423dbad96a019c9bf5abfb12bab118b66dab6058d0,Merrily,en-US,gtts,global/dictionary/m/merrily.mp3,8064,,2025-12-16 05:18:26.618088+00,2025-12-16 05:18:26.618088+00,0
1655,2e4175de3d79a8a3e9aab671cc2dda6e59b9f2a3a5083e0993f7db485d8a9115,Thrice,en-US,gtts,global/dictionary/t/thrice.mp3,8256,,2025-12-16 05:18:26.643445+00,2025-12-16 05:18:26.643445+00,0
1656,6871e27d13ba64263b216dd1e4e90f0e8016117d0b5d5d3a697b942439a06605,Unfortunately,en-US,gtts,global/dictionary/u/unfortunately.mp3,11136,,2025-12-16 05:18:26.656803+00,2025-12-16 05:18:26.656803+00,0
1657,cc67d313007018d9d65a4869e3ca198cfd6461855b0372a9682e55beb9c134a0,Partly,en-US,gtts,global/dictionary/p/partly.mp3,7296,,2025-12-16 05:18:27.773139+00,2025-12-16 05:18:27.773139+00,0
1658,77fcb2ba2ff4158ae03da820634f22d9fd86c392e8f61a84e36b4a8805b168ca,Eventually,en-US,gtts,global/dictionary/e/eventually.mp3,9792,,2025-12-16 05:18:29.192778+00,2025-12-16 05:18:29.192778+00,0
1659,f2f8408c2a970ec7bf73242476e8d4066c6e910c4475a231a7a8c31a8b9ffa6b,Quarterly,en-US,gtts,global/dictionary/q/quarterly.mp3,8448,,2025-12-16 05:18:29.775476+00,2025-12-16 05:18:29.775476+00,0
1660,3639513108f188a1370f2cc36eb79e329118b7e10cb99ae60d863a4b3020af18,Nervously,en-US,gtts,global/dictionary/n/nervously.mp3,9216,,2025-12-16 05:18:29.775947+00,2025-12-16 05:18:29.775947+00,0
1661,46f6ef09bc05b3469d7cb41e3bb4d4b49fc64b6df2d27a2922b86f47f52dfc75,Fully,en-US,gtts,global/dictionary/f/fully.mp3,6720,,2025-12-16 05:18:30.352161+00,2025-12-16 05:18:30.352161+00,0
1662,57beeddcd01506291e1ca19f395b50b132bee3472a70092c7e684574bb98f311,Hopefully,en-US,gtts,global/dictionary/h/hopefully.mp3,8256,,2025-12-16 05:18:30.352501+00,2025-12-16 05:18:30.352501+00,0
1663,afea2ae0903ad5c4c8782c38f444c34d5250d25a634bc85ddb49c9fc60d95d24,Initially,en-US,gtts,global/dictionary/i/initially.mp3,8448,,2025-12-16 05:18:31.51044+00,2025-12-16 05:18:31.51044+00,0
1664,8094cb0c13d64425beb56328e2c4e314b94d82306681666b446c9f543280ca75,Calmly,en-US,gtts,global/dictionary/c/calmly.mp3,7680,,2025-12-16 05:18:32.912343+00,2025-12-16 05:18:32.912343+00,0
1665,0f1b86a455e561d346636bde43d457f73ae0b26de0764ad45b7d9a88642d3c36,Semi-annually,en-US,gtts,global/dictionary/s/semi-annually.mp3,12672,,2025-12-16 05:18:32.911825+00,2025-12-16 05:18:32.911825+00,0
1666,4a81e87682bb0d89e8f7972aa0f763a7c36da47dbff47e2fc521169b5eea012c,Wholly,en-US,gtts,global/dictionary/w/wholly.mp3,7104,,2025-12-16 05:18:34.914165+00,2025-12-16 05:18:34.914165+00,0
1667,dcb4897d14b34c8df5dc636fbb498f1b30cbc277c9347b76d27a29396f94c608,Mercifully,en-US,gtts,global/dictionary/m/mercifully.mp3,9792,,2025-12-16 05:18:34.914461+00,2025-12-16 05:18:34.914461+00,0
1668,80437b87ab9499f88cc8e74d07999fa21c636e42845437be1ada0ec994f5b0a0,Eagerly,en-US,gtts,global/dictionary/e/eagerly.mp3,7488,,2025-12-16 05:18:34.955659+00,2025-12-16 05:18:34.955659+00,0
1669,ee9427a78c8863ae98862d4a07b9e9bfec6f2eeb0e9bd651f740c9ab3862c724,First,en-US,gtts,global/dictionary/f/first.mp3,7296,,2025-12-16 05:18:34.942778+00,2025-12-16 05:18:34.942778+00,0
1670,aef45a774a9ce2643dc430a44e3ac992fa3329fc9302b675549fd32cf510d5e1,Seasonally,en-US,gtts,global/dictionary/s/seasonally.mp3,9408,,2025-12-16 05:18:36.061069+00,2025-12-16 05:18:36.061069+00,0
1671,148d02dff3c8f9d3205ad0bd0e7aaf608229f7872b18aa4d4332762362e22f06,Entirely,en-US,gtts,global/dictionary/e/entirely.mp3,9216,,2025-12-16 05:18:37.452075+00,2025-12-16 05:18:37.452075+00,0
1672,5c7aab0a5f9684fd2e178ccbb76b64c4987de5d743e8b5ecaf6ad7d8fe4edc29,Reluctantly,en-US,gtts,global/dictionary/r/reluctantly.mp3,9600,,2025-12-16 05:18:38.035637+00,2025-12-16 05:18:38.035637+00,0
1673,e589b83976e6ad2316bdb4bc3952c7da72d85625504c1fffe87891140a037805,Second,en-US,gtts,global/dictionary/s/second.mp3,7680,,2025-12-16 05:18:38.614269+00,2025-12-16 05:18:38.614269+00,0
1674,e71a9c0ec6b0977025b5a5710e7657add062e435b9791d8883a6edb681cacff0,Now and then,en-US,gtts,content/adverbs/level_301/word/now-and-then_e71a9c0e.mp3,9792,,2025-12-16 05:18:38.614715+00,2025-12-16 05:18:38.614715+00,0
1675,49fc426798a05f423b0f0c701526aa84a8ca296f7af7b5d7cad0c577b76526bb,Really,en-US,gtts,global/dictionary/r/really.mp3,6720,,2025-12-16 05:18:40.424241+00,2025-12-16 05:18:40.424241+00,0
1676,fe2c2f9ccdb723bc38a07e0acaba574e90896af4d7cdeaf38c9f53809d991904,Sweetly,en-US,gtts,global/dictionary/s/sweetly.mp3,8448,,2025-12-16 05:18:40.843652+00,2025-12-16 05:18:40.843652+00,0
1677,c60bc64e300e1b953f98d1c7fd6a157a9372a76d15209057f975ff957e3d43a6,Third,en-US,gtts,global/dictionary/t/third.mp3,6528,,2025-12-16 05:18:40.843973+00,2025-12-16 05:18:40.843973+00,0
1678,0a2c555f20678e2c60dbda291da382a415caf26df1967f72e64ec58e099d86e8,From time to time,en-US,gtts,content/adverbs/level_301/word/from-time-to-time_0a2c555f.mp3,12480,,2025-12-16 05:18:41.41445+00,2025-12-16 05:18:41.41445+00,0
1679,99a9b79e33fef512b6aee83d35e454e34e31175d70033871fedecfa00a65d656,Pretty,en-US,gtts,global/dictionary/p/pretty.mp3,5952,,2025-12-16 05:18:42.720366+00,2025-12-16 05:18:42.720366+00,0
1680,c040011301e2f4a6b5a67d62e129754936f942d82d5ba7e3463ffdcef62b17ee,Correctly,en-US,gtts,global/dictionary/c/correctly.mp3,8256,,2025-12-16 05:18:42.742403+00,2025-12-16 05:18:42.742403+00,0
1681,b6aa52fbbc60045dd684b6f198ed21e17e60706d0dc67494fb57015cdd7a5a8e,Next,en-US,gtts,global/dictionary/n/next.mp3,7488,,2025-12-16 05:18:43.962359+00,2025-12-16 05:18:43.962359+00,0
1682,4824555aa5e6aedd6d5f15db9ceb1cf9e1002d77a89b30f9ebf7f97f887683b7,Bitterly,en-US,gtts,global/dictionary/b/bitterly.mp3,7488,,2025-12-16 05:18:43.962641+00,2025-12-16 05:18:43.962641+00,0
1683,abd744f8e6855c7dd1ba9e235ffb735688e28dfb329f1693c606b6edf1f6d520,Every day,en-US,gtts,content/adverbs/level_301/word/every-day_abd744f8.mp3,8256,,2025-12-16 05:18:44.81174+00,2025-12-16 05:18:44.81174+00,0
1684,6cbdb3f7d73b62f7a7b69d4d1539a4a66311ae63d99afb9fa424a1b07171fb73,Terribly,en-US,gtts,global/dictionary/t/terribly.mp3,8448,,2025-12-16 05:18:45.908509+00,2025-12-16 05:18:45.908509+00,0
1685,8183d4c16e78089b02c7c76bc8d467ff2769cdf18ffe25fd1e823a242f6af52c,Incorrectly,en-US,gtts,global/dictionary/i/incorrectly.mp3,9408,,2025-12-16 05:18:45.909019+00,2025-12-16 05:18:45.909019+00,0
1686,f2c57ee3286cbf86cff76f39e683ee9c5c3d7ad9397b26be74a62abf727b8087,Then,en-US,gtts,global/dictionary/t/then.mp3,6720,,2025-12-16 05:18:46.344846+00,2025-12-16 05:18:46.344846+00,0
1687,e6cb354b678896e7dbba1d684cd37463bac26a3a90ac3431c31a892b6a82120a,Incredibly,en-US,gtts,global/dictionary/i/incredibly.mp3,9600,,2025-12-16 05:18:48.848211+00,2025-12-16 05:18:48.848211+00,0
1688,733f79e30ebe39542e8c4f52f0e185a2d65450c47212821f80257acc87c2d884,Every week,en-US,gtts,content/adverbs/level_301/word/every-week_733f79e3.mp3,8256,,2025-12-16 05:18:48.827379+00,2025-12-16 05:18:48.827379+00,0
1689,7effd8dcb63f628df565d888846ec47be9486e038d52b9fcccef5249f1af82fe,Instead,en-US,gtts,global/dictionary/i/instead.mp3,7872,,2025-12-16 05:18:48.867703+00,2025-12-16 05:18:48.867703+00,0
1690,c8efbc3fdb7990ca7782442a72caf63177c6d1ecfc7e9bc99460873f90ba5e3d,Rightly,en-US,gtts,global/dictionary/r/rightly.mp3,7296,,2025-12-16 05:18:48.85523+00,2025-12-16 05:18:48.85523+00,0
1691,b8ae2d5bb4d13344b78b229821c2f3a8c010c53e22c8c3ac041a2bd568955b90,Lightly,en-US,gtts,global/dictionary/l/lightly.mp3,7680,,2025-12-16 05:18:49.987132+00,2025-12-16 05:18:49.987132+00,0
1692,574be3923d4536bb96e293769c898f99b46ffecd7814c7e4673d2f93db4725ac,Every month,en-US,gtts,content/adverbs/level_301/word/every-month_574be392.mp3,8256,,2025-12-16 05:18:51.416826+00,2025-12-16 05:18:51.416826+00,0
1693,dbb7c14606557e9575b5f834ea2c5b25ae45795591f7d886b7ff83c12182dcaf,Otherwise,en-US,gtts,global/dictionary/o/otherwise.mp3,9600,,2025-12-16 05:18:52.274352+00,2025-12-16 05:18:52.274352+00,0
1694,7a6defea79c7f90cdfc87170e12114f0760daf06aa882900d454ce541f9b8848,Fairly,en-US,gtts,global/dictionary/f/fairly.mp3,7488,,2025-12-16 05:18:53.170392+00,2025-12-16 05:18:53.170392+00,0
1695,f4203ae27505a862d554120913ba9a8b449194b8f7cc9f0863731afb50e6873b,Wrongly,en-US,gtts,global/dictionary/w/wrongly.mp3,7680,,2025-12-16 05:18:53.16449+00,2025-12-16 05:18:53.16449+00,0
1696,ae1242803da2a1a41c99d7fe7fd686c4db97b16cb3aa4216899996c918268934,Seriously,en-US,gtts,global/dictionary/s/seriously.mp3,10176,,2025-12-16 05:18:53.170926+00,2025-12-16 05:18:53.170926+00,0
1697,df1a8952fdec4cf3af85f36ea7b7fc31be4f9ac23e45d81b2f6a9f894d2fe2ab,Briefly,en-US,gtts,global/dictionary/b/briefly.mp3,7488,,2025-12-16 05:18:55.41035+00,2025-12-16 05:18:55.41035+00,0
1698,38588e8a0362f0d4219e30cbbae9fc10acaea937ed46b181b0d79309cfc26a01,Every year,en-US,gtts,content/adverbs/level_301/word/every-year_38588e8a.mp3,8064,,2025-12-16 05:18:55.410658+00,2025-12-16 05:18:55.410658+00,0
1699,5ea99bfe5d1095316425ad7cbcc21162facd8700f5da6bd8e2d57d8ca0fd4fa9,Unfairly,en-US,gtts,global/dictionary/u/unfairly.mp3,8832,,2025-12-16 05:18:55.438346+00,2025-12-16 05:18:55.438346+00,0
1700,1d810b025ff79c27fc6c8532475daf15cde088e03b3760483b14f5d72a7013dd,Dreadfully,en-US,gtts,global/dictionary/d/dreadfully.mp3,8640,,2025-12-16 05:18:56.71764+00,2025-12-16 05:18:56.71764+00,0
1701,8c350e6e369ba8a263114e42fd5725fde3244aaf702ef4c28498e2f3266a90f0,Ultimately,en-US,gtts,global/dictionary/u/ultimately.mp3,9024,,2025-12-16 05:18:57.708574+00,2025-12-16 05:18:57.708574+00,0
1702,204b7d786c6f1d87b8ccec88849a82e8e4ef359273acbc095d5c4c1a549eb381,Gracefully,en-US,gtts,global/dictionary/g/gracefully.mp3,9216,,2025-12-16 05:18:58.585852+00,2025-12-16 05:18:58.585852+00,0
1703,120cb94665d27a8ed247a9b12dd22f26a01c8c7e484e521d2e06094cc94d9e15,Often enough,en-US,gtts,content/adverbs/level_301/word/often-enough_120cb946.mp3,9792,,2025-12-16 05:18:58.579515+00,2025-12-16 05:18:58.579515+00,0
1704,84caf34bba988cdad9bec2e1241a9ec2a17419529a09c254d36a28dbdb4f2a72,Exceedingly,en-US,gtts,global/dictionary/e/exceedingly.mp3,9792,,2025-12-16 05:18:59.31186+00,2025-12-16 05:18:59.31186+00,0
1705,4eea384a1c4478049205ef880faf5f9e2cb9098790f12dc719b593d95717e967,Curiously,en-US,gtts,global/dictionary/c/curiously.mp3,10176,,2025-12-16 05:19:00.28977+00,2025-12-16 05:19:00.28977+00,0
1706,8ff932fdce3079145f7191602719da772d4f2862a49852c30473eb087d7a3750,Meanwhile,en-US,gtts,global/dictionary/m/meanwhile.mp3,8448,,2025-12-16 05:19:00.289795+00,2025-12-16 05:19:00.289795+00,0
1707,516d79f4d04a2b742b7ed0d30770612c8e5bbdadf235c560383e0c2538bf51cd,Not often,en-US,gtts,content/adverbs/level_301/word/not-often_516d79f4.mp3,9216,,2025-12-16 05:19:00.884332+00,2025-12-16 05:19:00.884332+00,0
1708,89615aaa6aa4b931603d14119d15163271832a79f67883dfd7fabc82bc752b13,Clumsily,en-US,gtts,global/dictionary/c/clumsily.mp3,8448,,2025-12-16 05:19:00.865005+00,2025-12-16 05:19:00.865005+00,0
1709,248afa51e835719c064edac329a862574dde849641a24c20ef19ea82ac842291,Interestingly,en-US,gtts,global/dictionary/i/interestingly.mp3,10752,,2025-12-16 05:19:03.847339+00,2025-12-16 05:19:03.847339+00,0
1710,9a763b9cfaccc2925de1051dcbf18b01705ecec4f6be583862d3712daa4cdd95,Alternately,en-US,gtts,global/dictionary/a/alternately.mp3,9216,,2025-12-16 05:19:03.847339+00,2025-12-16 05:19:03.847339+00,0
1711,210100133785b0aad915a319647182a9e4c791fbc5e991f4618e894b7e5a0af6,Excessively,en-US,gtts,global/dictionary/e/excessively.mp3,9984,,2025-12-16 05:19:03.847809+00,2025-12-16 05:19:03.847809+00,0
1712,dd31d25c5bd213f0a4c8bb78ffda3790ab66ceaf1996978fe1e5528c3c594445,Patiently,en-US,gtts,global/dictionary/p/patiently.mp3,8832,,2025-12-16 05:19:03.886469+00,2025-12-16 05:19:03.886469+00,0
1713,3d4b533d07d160c192d5b1b0ddf44f9487923e451c3caaf2ab573fcad9ff006a,Almost never,en-US,gtts,content/adverbs/level_301/word/almost-never_3d4b533d.mp3,10560,,2025-12-16 05:19:03.873732+00,2025-12-16 05:19:03.873732+00,0
1714,3f226de0406ce6486d51e27788bfd4acc6b836168486efe63feccb5e316bdea8,Annoyingly,en-US,gtts,global/dictionary/a/annoyingly.mp3,9216,,2025-12-16 05:19:07.098202+00,2025-12-16 05:19:07.098202+00,0
1715,d0bf6c769a3a7c20fd843a84a7dcf9d2777374dfc228db2e4f33afbc2b426383,Tremendously,en-US,gtts,global/dictionary/t/tremendously.mp3,9984,,2025-12-16 05:19:07.124517+00,2025-12-16 05:19:07.124517+00,0
1716,3446ce6e0b64192bc8e44291b78f850b9c95c6b605371b589c9212b3ba690e20,Impatiently,en-US,gtts,global/dictionary/i/impatiently.mp3,10752,,2025-12-16 05:19:07.124326+00,2025-12-16 05:19:07.124326+00,0
1717,4b94c3272c43b6a5a73a881a6ab964b8ed3d0b8651c09b8c04c999a02d563907,Almost always,en-US,gtts,content/adverbs/level_301/word/almost-always_4b94c327.mp3,11520,,2025-12-16 05:19:07.83512+00,2025-12-16 05:19:07.83512+00,0
1718,887282d1827e3ea5ffe20886825dc0598c5a2f1f1e6201cee00fd234ef45444d,Henceforth,en-US,gtts,global/dictionary/h/henceforth.mp3,9024,,2025-12-16 05:19:07.834688+00,2025-12-16 05:19:07.834688+00,0
1719,81a59ffd566c16508daaa0a1d44e07f9fb342a807e63b7efc6f6108f48cabdd9,Enormously,en-US,gtts,global/dictionary/e/enormously.mp3,9984,,2025-12-16 05:19:10.777097+00,2025-12-16 05:19:10.777097+00,0
1720,5935f3e11e3525616c656f3b7e4af7789bab6b7835de2bd81ed6957f7b3152d1,Infrequently,en-US,gtts,global/dictionary/i/infrequently.mp3,10752,,2025-12-16 05:19:10.943366+00,2025-12-16 05:19:10.943366+00,0
1721,5fc61b58770dab374fbc537ca35e45f9009d6abf6077df80147f8e822a7e804a,Hitherto,en-US,gtts,global/dictionary/h/hitherto.mp3,9024,,2025-12-16 05:19:12.714131+00,2025-12-16 05:19:12.714131+00,0
1722,9108d22c13e40e0897a1f3396361268e437a16e0a440edeb04ccc9d3fefd9a03,Generously,en-US,gtts,global/dictionary/g/generously.mp3,9600,,2025-12-16 05:19:12.731345+00,2025-12-16 05:19:12.731345+00,0
1723,0795c7cc1016eaa1db5eea1885eaa9088eaf4302e69f1fa8fde05baa88d68e3d,Vastly,en-US,gtts,global/dictionary/v/vastly.mp3,7872,,2025-12-16 05:19:12.714605+00,2025-12-16 05:19:12.714605+00,0
1724,e2f18e1540cd5c84fae3bfde1cbee7c33dcf89a1cb996e2f58862440448bf39c,Playfully,en-US,gtts,global/dictionary/p/playfully.mp3,8448,,2025-12-16 05:19:12.714445+00,2025-12-16 05:19:12.714445+00,0
1725,351780175f934c900f724ac4bb0ee36edf585767be511c1afc31bb1b604fcde2,Routinely,en-US,gtts,global/dictionary/r/routinely.mp3,9024,,2025-12-16 05:19:12.744812+00,2025-12-16 05:19:12.744812+00,0
1726,8d86aae2f5b26302aaf23c832e24bf3344003a81d2e41e3e0c1edb931704c39e,Neatly,en-US,gtts,global/dictionary/n/neatly.mp3,7296,,2025-12-16 05:19:16.630239+00,2025-12-16 05:19:16.630239+00,0
1727,e8cbc045c90723fa22f80f6031e24351341a6d457a9d87b5db15edc208cbc3dd,Selfishly,en-US,gtts,global/dictionary/s/selfishly.mp3,9984,,2025-12-16 05:19:16.630237+00,2025-12-16 05:19:16.630237+00,0
1728,8e17fc3adfa31bee2e5b640af11821b8de83f40b10c0f10da8f596679a01a7d9,Comparatively,en-US,gtts,global/dictionary/c/comparatively.mp3,11328,,2025-12-16 05:19:16.630529+00,2025-12-16 05:19:16.630529+00,0
1729,3a339f20a226f7a7bc09cfe84bf281699cd98df397116cd004d69c657e266a23,Considerably,en-US,gtts,global/dictionary/c/considerably.mp3,10176,,2025-12-16 05:19:16.630688+00,2025-12-16 05:19:16.630688+00,0
1730,21d79a664de6ab569663156196f9eaea29744bf34b968fded93b4ccedb3d2909,Customarily,en-US,gtts,global/dictionary/c/customarily.mp3,10752,,2025-12-16 05:19:16.663069+00,2025-12-16 05:19:16.663069+00,0
1731,fa1e0c34f2a6ef2d33fdbada284a4441ddaa83faed503e1ffeadb0e4bf0ab749,Concurrently,en-US,gtts,global/dictionary/c/concurrently.mp3,9600,,2025-12-16 05:19:20.04297+00,2025-12-16 05:19:20.04297+00,0
1732,572ad724807d069d9ceb99f1cdc2e5d5f49a334d5a011e601af67882cab6257d,Messily,en-US,gtts,global/dictionary/m/messily.mp3,8064,,2025-12-16 05:19:20.042978+00,2025-12-16 05:19:20.042978+00,0
1733,e8e55977f8286676c7d35f5b4b7c4fa3e62029d064b27e71c9472259d3171e34,Loyally,en-US,gtts,global/dictionary/l/loyally.mp3,8064,,2025-12-16 05:19:20.043295+00,2025-12-16 05:19:20.043295+00,0
1734,1fedecc4c1f1f160083229ca0f1d09f3741ee8534144c7bbb0a5d73d087d41c9,Consistently,en-US,gtts,global/dictionary/c/consistently.mp3,10560,,2025-12-16 05:19:20.086696+00,2025-12-16 05:19:20.086696+00,0
1735,b952f3889c20d5ec0b0f60f0977464af41a0ccd075e24e8a2eba64435da68ed4,Significantly,en-US,gtts,global/dictionary/s/significantly.mp3,11328,,2025-12-16 05:19:20.062899+00,2025-12-16 05:19:20.062899+00,0
1736,d3d23859aa837b8d406bec5138a66e9e7754ffcdfcb1890b983ef79577fc0e5a,Predominantly,en-US,gtts,global/dictionary/p/predominantly.mp3,9984,,2025-12-16 05:19:23.200907+00,2025-12-16 05:19:23.200907+00,0
1737,16d4945adaa8882c94a10b09cbfca53773f4cdca5c785ac364959b405e5552b7,Vividly,en-US,gtts,global/dictionary/v/vividly.mp3,8256,,2025-12-16 05:19:23.200907+00,2025-12-16 05:19:23.200907+00,0
1738,d2526e28e36bfe5bde90f8382895762f3fd38f1634dca632aa69cb0e78a5d776,Disloyally,en-US,gtts,global/dictionary/d/disloyally.mp3,9792,,2025-12-16 05:19:23.229292+00,2025-12-16 05:19:23.229292+00,0
1739,b2f322c3e71c1024e69ff74fa61ee0e9f83782c11d2bc8a465c0a1a23abe3137,Steadily,en-US,gtts,global/dictionary/s/steadily.mp3,8448,,2025-12-16 05:19:23.244587+00,2025-12-16 05:19:23.244587+00,0
1740,daf05ead5f9b658d8cc437e04246261da4013ead6d46b92d34d6b329018f2413,Moderately,en-US,gtts,global/dictionary/m/moderately.mp3,9408,,2025-12-16 05:19:24.624816+00,2025-12-16 05:19:24.624816+00,0
1741,e76de536dd4f5f33577f3d2f48fbe678c64088a2951369c06277228f57c53411,Promptly,en-US,gtts,global/dictionary/p/promptly.mp3,7872,,2025-12-16 05:19:26.047792+00,2025-12-16 05:19:26.047792+00,0
1742,3e748bbe1a6ebdf0835a9ca092938402d718be85ca656fb463c0f2f782bd9112,Namely,en-US,gtts,global/dictionary/n/namely.mp3,7680,,2025-12-16 05:19:27.628909+00,2025-12-16 05:19:27.628909+00,0
1743,2b3025bf426cb085d8b205d45ba13f4df4d755798abc070b12289989755fdd0d,Relatively,en-US,gtts,global/dictionary/r/relatively.mp3,9984,,2025-12-16 05:19:27.635884+00,2025-12-16 05:19:27.635884+00,0
1744,2bb0a3e09fd9591e623ada42da79ccfdd73ff8c6bdda1445c8bc76663c431f9e,Shyly,en-US,gtts,global/dictionary/s/shyly.mp3,8256,,2025-12-16 05:19:29.346627+00,2025-12-16 05:19:29.346627+00,0
1745,bd4294d9dd067f8208ef0d6ccac8f3a7ee8e2f0fcd0efc62d7ba8e04966daf97,Notwithstanding,en-US,gtts,global/dictionary/n/notwithstanding.mp3,11712,,2025-12-16 05:19:29.518917+00,2025-12-16 05:19:29.518917+00,0
1746,da096140ac0b0a4825e9561536ecfc34f9e59d096515efe884463bb7587fdee2,Probably,en-US,gtts,global/dictionary/p/probably.mp3,8256,,2025-12-16 05:19:29.538875+00,2025-12-16 05:19:29.538875+00,0
1747,35c356cca925c2cd5675be0253b2a5aa11411980a66d95c6cf6da08cf46eb424,Infinitely,en-US,gtts,global/dictionary/i/infinitely.mp3,9408,,2025-12-16 05:19:31.374349+00,2025-12-16 05:19:31.374349+00,0
1748,26732e8650bbae789ced8b47f126c4b5c89ba9ef327a5daafc1de7547604856d,Boldly,en-US,gtts,global/dictionary/b/boldly.mp3,7488,,2025-12-16 05:19:31.374657+00,2025-12-16 05:19:31.374657+00,0
1749,1b195ed31a36acf0784cbb8ed28adf4bac323a32224c6c4d82a38498c3359870,Possibly,en-US,gtts,global/dictionary/p/possibly.mp3,8448,,2025-12-16 05:19:31.415402+00,2025-12-16 05:19:31.415402+00,0
1750,ebd4a68a17ece1dcd09122f0d949f4e9abaa235da65dbe7e431eb67e76492722,Altogether,en-US,gtts,global/dictionary/a/altogether.mp3,9600,,2025-12-16 05:19:31.403004+00,2025-12-16 05:19:31.403004+00,0
1751,4cd7594b30fcd3722986c4a720c3bcd08a089730f8ea05ed93dc961a3c6dbf3e,Utterly,en-US,gtts,global/dictionary/u/utterly.mp3,7680,,2025-12-16 05:19:33.664411+00,2025-12-16 05:19:33.664411+00,0
1752,ea5dd82a714ee6284751756ff0289739bcf60a6665b9296c7147bb04bc9749ea,Perhaps,en-US,gtts,global/dictionary/p/perhaps.mp3,8640,,2025-12-16 05:19:33.692396+00,2025-12-16 05:19:33.692396+00,0
1753,1d52268d352031544f7519121ce9701d15d3f46d27c58f7f37ddaabf407f1b67,Maybe,en-US,gtts,global/dictionary/m/maybe.mp3,6720,,2025-12-16 05:19:34.862777+00,2025-12-16 05:19:34.862777+00,0
1754,c87e0bc60081e1b32662932dcc1822c4937ec4d80ab69aad960662f3ba5ce395,Merely,en-US,gtts,global/dictionary/m/merely.mp3,7296,,2025-12-16 05:19:34.850276+00,2025-12-16 05:19:34.850276+00,0
1755,b409b645ed3cbd9d5114852fc8bf4d67f7f6e2db6c110fc3ae21745d241b1b22,Simply,en-US,gtts,global/dictionary/s/simply.mp3,8064,,2025-12-16 05:19:36.325084+00,2025-12-16 05:19:36.325084+00,0
1756,74707690ac35e84771d9fc93c55f97cc9e7e202f1c161e9dd9eff0fe4044171a,Conceivably,en-US,gtts,global/dictionary/c/conceivably.mp3,10176,,2025-12-16 05:19:36.325348+00,2025-12-16 05:19:36.325348+00,0
1757,677029f8baaf23232eacc2b97f2b3e8f86ec555743e35e71cce8f2daecf3151b,Principally,en-US,gtts,global/dictionary/p/principally.mp3,9024,,2025-12-16 05:19:36.344443+00,2025-12-16 05:19:36.344443+00,0
1758,dbe6da861049029a9556495acad11fb1c0393e7ce2c0cc70cfca135bf53b9f0f,Overall,en-US,gtts,global/dictionary/o/overall.mp3,8256,,2025-12-16 05:19:38.900275+00,2025-12-16 05:19:38.900275+00,0
1759,fd0bd2e1729a252cbb101934e6791b29bf29bf3353ba903fc18d5cba5736d84a,Apparently,en-US,gtts,global/dictionary/a/apparently.mp3,9216,,2025-12-16 05:19:38.913282+00,2025-12-16 05:19:38.913282+00,0
1760,80f6fe6279b2c7dee73bbb8378b589ca81666a3c90b7a1a9172f18a9c2b121e3,Equally,en-US,gtts,global/dictionary/e/equally.mp3,7488,,2025-12-16 05:19:38.919182+00,2025-12-16 05:19:38.919182+00,0
1761,f75edcfdcf6fd1183fe8ba64ceed10120f653f61d192b9c4e8b54297f8b101e4,To Check,en-US,gtts,content/verbs/level_9999/word/to-check_f75edcfd.mp3,6912,,2025-12-19 20:52:42.313543+00,2025-12-19 20:52:42.313543+00,0
1762,b2e6921c9a79b326307779f48b45bfeb6d46720c69c47e12545224efcfd0b898,To Test,en-US,gtts,content/verbs/level_9999/word/to-test_b2e6921c.mp3,8064,,2025-12-19 20:52:43.296208+00,2025-12-19 20:52:58.135418+00,1
1763,efd9b0322b6defe8d7213a9e5c7f0b14e809279e09b35fdd603d24429acba8da,To Monitor,en-US,gtts,content/verbs/level_9999/word/to-monitor_efd9b032.mp3,9024,,2025-12-19 20:52:43.881647+00,2025-12-19 20:52:43.881647+00,0
1764,8f2d78ee5c9298498f258732af7255016ed5447f6a1e7116e0947dc7c638d33c,To Debug,en-US,gtts,content/verbs/level_9999/word/to-debug_8f2d78ee.mp3,8448,,2025-12-19 20:52:44.784504+00,2025-12-19 20:52:44.784504+00,0